Phase 1 FROM BASE 1a3cbde5ff2a (FORCE_XMAKE_BUILD=true)
  SOURCE_ROOT=/root/zenghua/workspace/profiling_20260731/itw-pins/v2026.08.19-main-ic1510
  RUNTIME_BASE_TAG=infini-orchestrator-metax:metax-hpcc-ai370-runtime-base-main-20260819
==========================================
Phase 1 runtime-base: 9g-standalone-main
==========================================
IO_ROOT:          /root/zenghua/workspace/profiling_20260731/InfiniOrchestrator
WORKTREE_ROOT:    /root/zenghua/workspace/profiling_20260731/InfiniTensorWorktree
SOURCE_ROOT:      /root/zenghua/workspace/profiling_20260731/itw-pins/v2026.08.19-main-ic1510
SVC_ROOT:         /root/zenghua/workspace/profiling_20260731/InfiniOrchestrator (InfiniEntrypoint / InfiniOrchestrator)
RUST_DIR:         /root/zenghua/workspace/profiling_20260731/InfiniOrchestrator/rust
BASE_IMAGE:       mx-devops-acr-cn-shanghai.cr.volces.com/pub-registry1/ai-release/hpcc/vllm-mars:0.20.0-hpcc.ai3.7.0.102-torch2.8-py310-kylin2309a-arm64
BASE_IMAGE_ID:    1a3cbde5ff2a (pin)
RUNTIME_BASE_TAG: infini-orchestrator-metax:metax-hpcc-ai370-runtime-base-main-20260819
PLATFORM:         hpcc37
Container:        infinilm-build-ai370-p1-1787115844
Design doc:       /root/zenghua/workspace/profiling_20260731/docs/IMAGE_BUILD_PHASES.md

Note: vendor tag may contain 'vllm-mars' (HPCC base); runtime backends are InfiniLM only.
Control plane: InfiniEntrypoint + InfiniLoadBalancer from /root/zenghua/workspace/profiling_20260731/InfiniOrchestrator/rust.

Step 1: Create Phase 1 build container (sleep entrypoint)...
  Attaching GPU devices (/dev/dri /dev/htcd) for MetaX xmake...
cc75136ea1ee4559f40cd1471386a188d8a00e4a2420841788f93ad3f4698688
Step 2: Copy scripts + sources into container...
  Staging InfiniEntrypoint control plane → /app + /usr/local/bin ...
  Streaming InfiniTensorWorktree InfiniCore/InfiniLM → /workspace ...
  Streaming /root/zenghua/workspace/profiling_20260731/itw-pins/v2026.08.19-main-ic1510/InfiniCore → /workspace/InfiniCore (excludes .git/build/.xmake)...
  Streaming /root/zenghua/workspace/profiling_20260731/itw-pins/v2026.08.19-main-ic1510/InfiniLM → /workspace/InfiniLM (excludes .git/build/.xmake)...
  Seeding InfiniCore/InfiniLM third_party headers from infini-orchestrator-metax:metax-hpcc-ai370-runtime-base-20260813 (read-only)...
  Seeding xmake (vendor BASE has none)...
    binary/share from running infinilm-dev-hpcc37-main
/root/.local/bin/xmake
[0m[1mxmake v2.9.9+20250523, A cross-platform build utility based on Lua[0m[0m
[0mCopyright (C) 2015-present Ruki Wang, [4mtboox.org[0m, [4mxmake.io[0m[0m
[0m[1;38;5;41m [1;38;5;41m [1;38;5;41m [1;38;5;41m [1;38;5;41m [1;38;5;41m [1;38;5;41m [1;38;5;41m [1;38;5;41m [1;38;5;41m [1;38;5;41m [1;38;5;41m [1;38;5;42m [1;38;5;42m [1;38;5;42m [1;38;5;42m [1;38;5;42m [1;38;5;42m [1;38;5;42m [1;38;5;42m [1;38;5;42m [1;38;5;42m [1;38;5;42m [1;38;5;42m [1;38;5;42m [1;38;5;42m_
[1;38;5;41m [1;38;5;41m [1;38;5;41m [1;38;5;41m [1;38;5;41m_[1;38;5;41m_[1;38;5;41m [1;38;5;41m [1;38;5;41m_[1;38;5;41m_[1;38;5;41m_[1;38;5;41m [1;38;5;42m_[1;38;5;42m_[1;38;5;42m [1;38;5;42m [1;38;5;42m_[1;38;5;42m_[1;38;5;42m [1;38;5;42m [1;38;5;42m_[1;38;5;42m_[1;38;5;42m [1;38;5;42m_[1;38;5;42m|[1;38;5;42m [1;38;5;42m|[1;38;5;42m [1;38;5;42m_[1;38;5;42m_[1;38;5;42m_[1;38;5;42m_[1;38;5;42m_[1;38;5;42m_
[1;38;5;41m [1;38;5;41m [1;38;5;41m [1;38;5;41m [1;38;5;41m\[1;38;5;41m [1;38;5;41m\[1;38;5;41m/[1;38;5;41m [1;38;5;41m/[1;38;5;41m [1;38;5;41m|[1;38;5;42m [1;38;5;42m [1;38;5;42m\[1;38;5;42m/[1;38;5;42m [1;38;5;42m [1;38;5;42m|[1;38;5;42m/[1;38;5;42m [1;38;5;42m_[1;38;5;42m [1;38;5;42m [1;38;5;42m|[1;38;5;42m [1;38;5;42m|[1;38;5;42m/[1;38;5;42m [1;38;5;42m/[1;38;5;42m [1;38;5;42m_[1;38;5;42m_[1;38;5;42m [1;38;5;42m\
[1;38;5;41m [1;38;5;41m [1;38;5;41m [1;38;5;41m [1;38;5;41m [1;38;5;41m>[1;38;5;41m [1;38;5;41m [1;38;5;41m<[1;38;5;41m [1;38;5;41m [1;38;5;41m|[1;38;5;42m [1;38;5;42m\[1;38;5;42m_[1;38;5;42m_[1;38;5;42m/[1;38;5;42m [1;38;5;42m|[1;38;5;42m [1;38;5;42m/[1;38;5;42m_[1;38;5;42m|[1;38;5;42m [1;38;5;42m|[1;38;5;42m [1;38;5;42m [1;38;5;42m [1;38;5;42m<[1;38;5;42m [1;38;5;42m [1;38;5;42m_[1;38;5;42m_[1;38;5;42m_[1;38;5;42m/
[1;38;5;41m [1;38;5;41m [1;38;5;41m [1;38;5;41m [1;38;5;41m/[1;38;5;41m_[1;38;5;41m/[1;38;5;41m\[1;38;5;41m_[1;38;5;41m\[1;38;5;41m_[1;38;5;41m|[1;38;5;42m_[1;38;5;42m|[1;38;5;42m [1;38;5;42m [1;38;5;42m|[1;38;5;42m_[1;38;5;42m|[1;38;5;42m\[1;38;5;42m_[1;38;5;42m_[1;38;5;42m [1;38;5;42m\[1;38;5;42m|[1;38;5;42m_[1;38;5;42m|[1;38;5;42m\[1;38;5;42m_[1;38;5;42m\[1;38;5;42m_[1;38;5;42m_[1;38;5;42m_[1;38;5;42m_[1;38;5;42m|
[1;38;5;41m [1;38;5;41m [1;38;5;41m [1;38;5;41m [1;38;5;41m [1;38;5;41m [1;38;5;41m [1;38;5;41m [1;38;5;41m [1;38;5;41m [1;38;5;41m [1;38;5;41m [1;38;5;42m [1;38;5;42m [1;38;5;42m [1;38;5;42m [1;38;5;42m [1;38;5;42m [1;38;5;42m [1;38;5;42m [1;38;5;42m [1;38;5;42m [1;38;5;42m [1;38;5;42m [1;38;5;42m [1;38;5;42mb[1;38;5;42my[1;38;5;42m [1;38;5;42mr[1;38;5;42mu[1;38;5;42mk[1;38;5;42mi[1;38;5;42m,[1;38;5;42m [1;38;5;42mx[1;38;5;42mm[1;38;5;42ma[1;38;5;42mk[1;38;5;42me[1;38;5;42m.[1;38;5;42mi[1;38;5;42mo
[1;38;5;41m [1;38;5;41m [1;38;5;41m [1;38;5;41m [0m
[0m    👉  [1mManual[0m: [4mhttps://xmake.io/#/getting_started[0m
    🙏  [1mDonate[0m: [4mhttps://xmake.io/#/sponsor[0m
    [0m
Step 3: Run setup-phase1-deps.sh...
Running Phase 1 setup without proxy...
==========================================
setup-phase1-deps.sh (9g-standalone-main)
==========================================
[phase1] InfiniEntrypoint binaries already present; skipping cargo install
/usr/local/bin/infini-entrypoint
/usr/local/bin/infini-loadbalancer
[phase1] Installing xmake build deps (boost, libffi) if available...
[phase1] Building InfiniCore (PRD-03 HPCC flags, no --use-mc)...
[0mchecking for platform ... [38;5;2;1mlinux[0m
[0mchecking for architecture ... [38;5;2;1marm64[0m
[0mchecking for gcc ... [38;5;2;1m/usr/bin/gcc[0m
[0mchecking for nim ... [38;5;1;1mno[0m
[0mchecking for nim ... [38;5;1;1mno[0m
[0mchecking for flash-attn ... [38;5;2;1m.[0m
[0mchecking for cuda_arch ... [38;5;1;1mno[0m
[0mchecking for hygon-arch ... [38;5;1;1mno[0m
[0mchecking for git ... [38;5;1;1mno[0m
[0mchecking for git ... [38;5;1;1mno[0m
[0mchecking for gzip ... [38;5;2;1m/usr/bin/gzip[0m
[0mchecking for tar ... [38;5;2;1m/usr/bin/tar[0m
[0mchecking for git ... [38;5;1;1mno[0m
[0mchecking for git ... [38;5;1;1mno[0m
[0mchecking for git ... [38;5;1;1mno[0m
[0mchecking for git ... [38;5;1;1mno[0m
[0mchecking for gcc ... [38;5;2;1m/usr/bin/gcc[0m
[0m[2mchecking for the c compiler (cc) ... [38;5;2;1mgcc[0m
[0mchecking for gcc ... [38;5;2;1m/usr/bin/gcc[0m
[0m[2mchecking for the c++ compiler (cxx) ... [38;5;2;1mgcc[0m
[0mchecking for Cuda SDK directory ... [38;5;1;1mno[0m
[0mchecking for nvfortran ... [38;5;1;1mno[0m
[0m[2mchecking for the fortran compiler (fc: [1mnvfortran[0m) ... [38;5;1;1mno[0m
[0mchecking for gfortran ... [38;5;1;1mno[0m
[0mchecking for g95 ... [38;5;1;1mno[0m
[0m[2mchecking for the fortran compiler (fc: [1mgfortran[0m) ... [38;5;1;1mno[0m
[0mchecking for g++ ... [38;5;2;1m/usr/bin/g++[0m
[0m[2mchecking for the linker (ld) ... [38;5;2;1mg++[0m
[0mchecking for Cuda SDK directory ... [38;5;1;1mno[0m
[0mchecking for nvfortran ... [38;5;1;1mno[0m
[0m[2mchecking for the fortran linker (fcld: [1mnvfortran[0m) ... [38;5;1;1mno[0m
[0mchecking for gfortran ... [38;5;1;1mno[0m
[0mchecking for g95 ... [38;5;1;1mno[0m
[0m[2mchecking for the fortran linker (fcld: [1mgfortran[0m) ... [38;5;1;1mno[0m
[0mchecking for Cuda SDK directory ... [38;5;1;1mno[0m
[0mchecking for nvcc ... [38;5;1;1mno[0m
[0m[2mchecking for the cuda compiler (cu: [1mnvcc[0m) ... [38;5;1;1mno[0m
[0mchecking for clang ... [38;5;1;1mno[0m
[0m[2mchecking for the cuda compiler (cu: [1mclang[0m) ... [38;5;1;1mno[0m
[0mchecking for xmake-repo::openmp ... [38;5;2;1mopenmp [0m
[0mchecking for cmake ... [38;5;1;1mno[0m
[0mchecking for cmake ... [38;5;2;1m/opt/conda/bin/cmake[0m
[0mchecking for xmake::boost ... [38;5;2;1mboost 1.90.0[0m
[0mchecking for xmake::libffi ... [38;5;1;1mno[0m
[0mchecking for dpkg ... [38;5;1;1mno[0m
[0mchecking for apt::libffi-dev ... [38;5;1;1mno[0m
[0mchecking for pacman ... [38;5;1;1mno[0m
[0mchecking for pacman::libffi ... [38;5;1;1mno[0m
[0mchecking for emerge ... [38;5;1;1mno[0m
[0mchecking for brew ... [38;5;1;1mno[0m
[0mchecking for pkg-config ... [38;5;2;1m/usr/bin/pkg-config[0m
[0mchecking for libffi ... [38;5;2;1mpkgconfig::libffi 3.4.2[0m
[0mchecking for xmake::zlib ... [38;5;1;1mno[0m
[0mchecking for /usr/bin/gcc ... [38;5;2;1mok[0m
[0m[2mchecking for flags ([0m-fPIC[0m[2m) ... [38;5;2;1mok[0m
[0m[2mchecking for flags ([0m-Wno-gnu-line-marker -Werror[0m[2m) ... [38;5;2;1mok[0m
[0m[2m> checking for c includes(zlib.h)[0m
[0m[2m> checking for c links(z)[0m
[0m[2m> checking for c snippet(find_package/z)[0m
[0mchecking for system::z ... [38;5;1;1mno[0m
[0mchecking for pacman::zlib ... [38;5;1;1mno[0m
[0mchecking for apt::zlib1g-dev ... [38;5;1;1mno[0m
[0mchecking for /usr/bin/g++ ... [38;5;2;1mok[0m
[0m[2mchecking for flags ([0m-fPIC[0m[2m) ... [38;5;2;1mok[0m
/usr/bin/ld: cannot find -lzlib
collect2: error: ld returned 1 exit status
[0m[2m> checking for c links(zlib)[0m
[0m[2m> checking for c snippet(find_package/zlib)[0m
/usr/bin/ld: cannot find -lz
collect2: error: ld returned 1 exit status
[0m[2m> checking for c links(z)[0m
[0m[2m> checking for c snippet(find_package/z)[0m
[0mchecking for zlib ... [38;5;1;1mno[0m
[0mchecking for xmake::openssl ... [38;5;1;1mno[0m
/usr/bin/ld: cannot find -lopenssl
collect2: error: ld returned 1 exit status
[0m[2m> checking for c links(openssl)[0m
[0m[2m> checking for c snippet(find_package/openssl)[0m
[0mchecking for openssl ... [38;5;1;1mno[0m
[0mchecking for xmake::ca-certificates ... [38;5;1;1mno[0m
/usr/bin/ld: cannot find -lca-certificates
collect2: error: ld returned 1 exit status
[0m[2m> checking for c links(ca-certificates)[0m
[0m[2m> checking for c snippet(find_package/ca-certificates)[0m
[0mchecking for ca-certificates ... [38;5;1;1mno[0m
[0mchecking for xmake::python ... [38;5;1;1mno[0m
[0mchecking for python3 ... [38;5;2;1m/opt/conda/bin/python3[0m
[0mchecking for xmake-repo::python ... [38;5;2;1mpython 3.10.10[0m
[0mchecking for xmake::pybind11 ... [38;5;2;1mpybind11 v3.0.1[0m
configure
{
    nv-gpu = false
    hygon-dcu = false
    omp = true
    moore-gpu-arch = mp_31
    ninetoothed = false
    ccl = true
    graph = true
    iluvatar-gpu = false
    plat = linux
    qy-gpu = false
    host = linux
    ndk_stdcxx = true
    bang-mlu-arch = mtp_592
    cudnn = true
    proxy_pac = pac.lua
    aten = true
    buildir = build
    kind = static
    infiniops-root = submodules/InfiniOps
    theme = default
    moore-gpu = false
    clean = true
    iluvatar-arch = ivcore20
    mutual-awareness = false
    metax-gpu = true
    arch = arm64
    cuda_arch = false
    mode = release
    use-vendor-ops = false
    ascend-npu = false
    editable = false
    hygon-arch = false
    ccache = true
    cambricon-mlu = false
    network = private
    infinirt-root = 
    infiniops = false
    kunlun-xpu = false
    use-mc = false
    flash-attn = .
    ali-ppu = false
    cpu = true
}
[0m[1;38;5;3;1mwarning: [38;5;3;1mIf cmake build failure, set package config cmake = false fallback to b2 for the build[0m
[0m[38;5;2;1m[ 18%]:[0m cache compiling.release src/utils-test/main.cc[0m
[0m[38;5;2;1m[ 18%]:[0m cache compiling.release src/utils-test/test_rearrange.cc[0m
[0m[38;5;2;1m[ 18%]:[0m cache compiling.release src/infinirt-test/main.cc[0m
[0m[38;5;2;1m[ 18%]:[0m cache compiling.release src/infinirt-test/test.cc[0m
[0m[38;5;2;1m[ 18%]:[0m cache compiling.release src/infiniccl/infiniccl.cc[0m
[0m[38;5;2;1m[ 18%]:[0m cache compiling.release src/infiniop/devices/metax/metax_handle.cc[0m
[0m[38;5;2;1m[ 18%]:[0m cache compiling.release src/infiniop/ops/asum/metax/asum_metax.cc[0m
[0m[38;5;2;1m[ 18%]:[0m cache compiling.release src/infiniop/ops/axpy/metax/axpy_metax.cc[0m
[0m[38;5;2;1m[ 18%]:[0m cache compiling.release src/infiniop/ops/blas_amax/metax/blas_amax_metax.cc[0m
[0m[38;5;2;1m[ 18%]:[0m cache compiling.release src/infiniop/ops/blas_amin/metax/blas_amin_metax.cc[0m
[0m[38;5;2;1m[ 18%]:[0m cache compiling.release src/infiniop/ops/blas_copy/metax/blas_copy_metax.cc[0m
[0m[38;5;2;1m[ 18%]:[0m cache compiling.release src/infiniop/ops/blas_dot/metax/blas_dot_metax.cc[0m
[0m[38;5;2;1m[ 18%]:[0m cache compiling.release src/infiniop/ops/conv/metax/conv_metax.cc[0m
[0m[38;5;2;1m[ 18%]:[0m cache compiling.release src/infiniop/ops/gemm/metax/gemm_metax.cc[0m
[0m[38;5;2;1m[ 18%]:[0m cache compiling.release src/infiniop/ops/nrm2/metax/nrm2_metax.cc[0m
[0m[38;5;2;1m[ 18%]:[0m cache compiling.release src/infiniop/ops/rotg/metax/rotg_metax.cc[0m
[0m[38;5;2;1m[ 18%]:[0m cache compiling.release src/infiniop/ops/rotm/metax/rotm_metax.cc[0m
[0m[38;5;2;1m[ 18%]:[0m cache compiling.release src/infiniop/ops/rotmg/metax/rotmg_metax.cc[0m
[0m[38;5;2;1m[ 18%]:[0m cache compiling.release src/infiniop/ops/rot/metax/rot_metax.cc[0m
[0m[38;5;2;1m[ 18%]:[0m cache compiling.release src/infiniop/ops/scal/metax/scal_metax.cc[0m
[0m[38;5;2;1m[ 18%]:[0m cache compiling.release src/infiniop/ops/swap/metax/swap_metax.cc[0m
[0m[38;5;2;1m[ 18%]:[0m cache compiling.release src/infiniccl/metax/infiniccl_metax.cc[0m
[0m[38;5;2;1m[ 18%]:[0m cache compiling.release src/infiniop/ops/acos/cpu/acos_cpu.cc[0m
[0m[38;5;2;1m[ 18%]:[0m cache compiling.release src/infiniop/devices/cpu/common_cpu.cc[0m
[0m[38;5;2;1m[ 18%]:[0m cache compiling.release src/infiniop/ops/adaptive_avg_pool1d/cpu/adaptive_avg_pool1d_cpu.cc[0m
[0m[38;5;2;1m[ 18%]:[0m cache compiling.release src/infiniop/devices/cpu/cpu_handle.cc[0m
[0m[38;5;2;1m[ 18%]:[0m cache compiling.release src/infiniop/ops/adaptive_avg_pool3d/cpu/adaptive_avg_pool3d_cpu.cc[0m
[0m[38;5;2;1m[ 18%]:[0m cache compiling.release src/infiniop/ops/adaptive_max_pool1d/cpu/adaptive_max_pool1d_cpu.cc[0m
[0m[38;5;2;1m[ 18%]:[0m cache compiling.release src/infiniop/ops/add/cpu/add_cpu.cc[0m
[0m[38;5;2;1m[ 18%]:[0m cache compiling.release src/infiniop/ops/addr/cpu/addr_cpu.cc[0m
[0m[38;5;2;1m[ 18%]:[0m cache compiling.release src/infiniop/ops/add_rms_norm/cpu/add_rms_norm_cpu.cc[0m
[0m[38;5;2;1m[ 18%]:[0m cache compiling.release src/infiniop/ops/all/cpu/all_cpu.cc[0m
[0m[38;5;2;1m[ 18%]:[0m cache compiling.release src/infiniop/ops/affine_grid/cpu/affine_grid_cpu.cc[0m
[0m[38;5;2;1m[ 18%]:[0m cache compiling.release src/infiniop/ops/addbmm/cpu/addbmm_cpu.cc[0m
[0m[38;5;2;1m[ 18%]:[0m cache compiling.release src/infiniop/ops/argwhere/cpu/argwhere_cpu.cc[0m
[0m[38;5;2;1m[ 18%]:[0m cache compiling.release src/infiniop/ops/addcmul/cpu/addcmul_cpu.cc[0m
[0m[38;5;2;1m[ 18%]:[0m cache compiling.release src/infiniop/ops/asinh/cpu/asinh_cpu.cc[0m
[0m[38;5;2;1m[ 18%]:[0m cache compiling.release src/infiniop/ops/asin/cpu/asin_cpu.cc[0m
[0m[38;5;2;1m[ 18%]:[0m cache compiling.release src/infiniop/ops/asum/cpu/asum_cpu.cc[0m
[0m[38;5;2;1m[ 18%]:[0m cache compiling.release src/infiniop/ops/avg_pool1d/cpu/avg_pool1d_cpu.cc[0m
[0m[38;5;2;1m[ 18%]:[0m cache compiling.release src/infiniop/ops/atanh/cpu/atanh_cpu.cc[0m
[0m[38;5;2;1m[ 18%]:[0m cache compiling.release src/infiniop/ops/axpy/cpu/axpy_cpu.cc[0m
[0m[38;5;2;1m[ 18%]:[0m cache compiling.release src/infiniop/ops/avg_pool3d/cpu/avg_pool3d_cpu.cc[0m
[0m[38;5;2;1m[ 18%]:[0m cache compiling.release src/infiniop/ops/blas_dot/cpu/blas_dot_cpu.cc[0m
[0m[38;5;2;1m[ 18%]:[0m cache compiling.release src/infiniop/ops/binary_cross_entropy_with_logits/cpu/binary_cross_entropy_with_logits_cpu.cc[0m
[0m[38;5;2;1m[ 18%]:[0m cache compiling.release src/infiniop/ops/blas_amax/cpu/blas_amax_cpu.cc[0m
[0m[38;5;2;1m[ 18%]:[0m cache compiling.release src/infiniop/ops/bitwise_right_shift/cpu/bitwise_right_shift_cpu.cc[0m
[0m[38;5;2;1m[ 18%]:[0m cache compiling.release src/infiniop/ops/blas_amin/cpu/blas_amin_cpu.cc[0m
[0m[38;5;2;1m[ 18%]:[0m cache compiling.release src/infiniop/ops/blas_copy/cpu/blas_copy_cpu.cc[0m
[0m[38;5;2;1m[ 18%]:[0m cache compiling.release src/infiniop/ops/broadcast_to/cpu/broadcast_to_cpu.cc[0m
[0m[38;5;2;1m[ 18%]:[0m cache compiling.release src/infiniop/ops/block_diag/cpu/block_diag_cpu.cc[0m
[0m[38;5;2;1m[ 18%]:[0m cache compiling.release src/infiniop/ops/cdist/cpu/cdist_cpu.cc[0m
[0m[38;5;2;1m[ 18%]:[0m cache compiling.release src/infiniop/ops/causal_softmax/cpu/causal_softmax_cpu.cc[0m
[0m[38;5;2;1m[ 18%]:[0m cache compiling.release src/infiniop/ops/conv/cpu/conv_cpu.cc[0m
[0m[38;5;2;1m[ 18%]:[0m cache compiling.release src/infiniop/ops/clip/cpu/clip_cpu.cc[0m
[0m[38;5;2;1m[ 18%]:[0m cache compiling.release src/infiniop/ops/cross_entropy/cpu/cross_entropy_cpu.cc[0m
[0m[38;5;2;1m[ 18%]:[0m cache compiling.release src/infiniop/ops/diff/cpu/diff_cpu.cc[0m
[0m[38;5;2;1m[ 18%]:[0m cache compiling.release src/infiniop/ops/dist/cpu/dist_cpu.cc[0m
[0m[38;5;2;1m[ 18%]:[0m cache compiling.release src/infiniop/ops/digamma/cpu/digamma_cpu.cc[0m
[0m[38;5;2;1m[ 18%]:[0m cache compiling.release src/infiniop/ops/embedding/cpu/embedding_cpu.cc[0m
[0m[38;5;2;1m[ 18%]:[0m cache compiling.release src/infiniop/ops/dot/cpu/dot_cpu.cc[0m
[0m[38;5;2;1m[ 18%]:[0m cache compiling.release src/infiniop/ops/equal/cpu/equal_cpu.cc[0m
[0m[38;5;2;1m[ 18%]:[0m cache compiling.release src/infiniop/ops/erf/cpu/erf_cpu.cc[0m
[0m[38;5;2;1m[ 18%]:[0m cache compiling.release src/infiniop/ops/erfc/cpu/erfc_cpu.cc[0m
[0m[38;5;2;1m[ 18%]:[0m cache compiling.release src/infiniop/ops/erfinv/cpu/erfinv_cpu.cc[0m
[0m[38;5;2;1m[ 18%]:[0m cache compiling.release src/infiniop/ops/float_power/cpu/float_power_cpu.cc[0m
[0m[38;5;2;1m[ 18%]:[0m cache compiling.release src/infiniop/ops/flipud/cpu/flipud_cpu.cc[0m
[0m[38;5;2;1m[ 18%]:[0m cache compiling.release src/infiniop/ops/floor_divide/cpu/floor_divide_cpu.cc[0m
[0m[38;5;2;1m[ 18%]:[0m cache compiling.release src/infiniop/ops/floor/cpu/floor_cpu.cc[0m
[0m[38;5;2;1m[ 18%]:[0m cache compiling.release src/infiniop/ops/fmin/cpu/fmin_cpu.cc[0m
[0m[38;5;2;1m[ 18%]:[0m cache compiling.release src/infiniop/ops/fused_ffn/cpu/fused_ffn_cpu.cc[0m
[0m[38;5;2;1m[ 18%]:[0m cache compiling.release src/infiniop/ops/fmod/cpu/fmod_cpu.cc[0m
[0m[38;5;2;1m[ 18%]:[0m cache compiling.release src/infiniop/ops/fused_moe_mxfp4/cpu/fused_moe_mxfp4_cpu.cc[0m
[0m[38;5;2;1m[ 18%]:[0m cache compiling.release src/infiniop/ops/gelu/cpu/gelu_cpu.cc[0m
[0m[38;5;2;1m[ 18%]:[0m cache compiling.release src/infiniop/ops/gaussian_nll_loss/cpu/gaussian_nll_loss_cpu.cc[0m
[0m[38;5;2;1m[ 18%]:[0m cache compiling.release src/infiniop/ops/gelutanh/cpu/gelutanh_cpu.cc[0m
[0m[38;5;2;1m[ 18%]:[0m cache compiling.release src/infiniop/ops/hardswish/cpu/hardswish_cpu.cc[0m
[0m[38;5;2;1m[ 18%]:[0m cache compiling.release src/infiniop/ops/gemm/cpu/gemm_cpu.cc[0m
[0m[38;5;2;1m[ 18%]:[0m cache compiling.release src/infiniop/ops/hardtanh/cpu/hardtanh_cpu.cc[0m
[0m[38;5;2;1m[ 18%]:[0m cache compiling.release src/infiniop/ops/hinge_embedding_loss/cpu/hinge_embedding_loss_cpu.cc[0m
[0m[38;5;2;1m[ 18%]:[0m cache compiling.release src/infiniop/ops/huber_loss/cpu/huber_loss_cpu.cc[0m
[0m[38;5;2;1m[ 18%]:[0m cache compiling.release src/infiniop/ops/histc/cpu/histc_cpu.cc[0m
[0m[38;5;2;1m[ 18%]:[0m cache compiling.release src/infiniop/ops/index_add/cpu/index_add_cpu.cc[0m
[0m[38;5;2;1m[ 18%]:[0m cache compiling.release src/infiniop/ops/hypot/cpu/hypot_cpu.cc[0m
[0m[38;5;2;1m[ 18%]:[0m cache compiling.release src/infiniop/ops/inner/cpu/inner_cpu.cc[0m
[0m[38;5;2;1m[ 18%]:[0m cache compiling.release src/infiniop/ops/index_copy/cpu/index_copy_cpu.cc[0m
[0m[38;5;2;1m[ 18%]:[0m cache compiling.release src/infiniop/ops/interpolate/cpu/interpolate_cpu.cc[0m
[0m[38;5;2;1m[ 18%]:[0m cache compiling.release src/infiniop/ops/kron/cpu/kron_cpu.cc[0m
[0m[38;5;2;1m[ 18%]:[0m cache compiling.release src/infiniop/ops/layer_norm/cpu/layer_norm_cpu.cc[0m
[0m[38;5;2;1m[ 18%]:[0m cache compiling.release src/infiniop/ops/kthvalue/cpu/kthvalue_cpu.cc[0m
[0m[38;5;2;1m[ 18%]:[0m cache compiling.release src/infiniop/ops/lerp/cpu/lerp_cpu.cc[0m
[0m[38;5;2;1m[ 18%]:[0m cache compiling.release src/infiniop/ops/ldexp/cpu/ldexp_cpu.cc[0m
[0m[38;5;2;1m[ 18%]:[0m cache compiling.release src/infiniop/ops/linear_mxfp4/cpu/linear_mxfp4_cpu.cc[0m
[0m[38;5;2;1m[ 18%]:[0m cache compiling.release src/infiniop/ops/log10/cpu/log10_cpu.cc[0m
[0m[38;5;2;1m[ 18%]:[0m cache compiling.release src/infiniop/ops/log1p/cpu/log1p_cpu.cc[0m
[0m[38;5;2;1m[ 18%]:[0m cache compiling.release src/infiniop/ops/log_softmax/cpu/log_softmax_cpu.cc[0m
[0m[38;5;2;1m[ 18%]:[0m cache compiling.release src/infiniop/ops/logaddexp2/cpu/logaddexp2_cpu.cc[0m
[0m[38;5;2;1m[ 18%]:[0m cache compiling.release src/infiniop/ops/logaddexp/cpu/logaddexp_cpu.cc[0m
[0m[38;5;2;1m[ 18%]:[0m cache compiling.release src/infiniop/ops/logdet/cpu/logdet_cpu.cc[0m
[0m[38;5;2;1m[ 18%]:[0m cache compiling.release src/infiniop/ops/logcumsumexp/cpu/logcumsumexp_cpu.cc[0m
[0m[38;5;2;1m[ 18%]:[0m cache compiling.release src/infiniop/ops/matrix_power/cpu/matrix_power_cpu.cc[0m
[0m[38;5;2;1m[ 18%]:[0m cache compiling.release src/infiniop/ops/masked_select/cpu/masked_select_cpu.cc[0m
[0m[38;5;2;1m[ 18%]:[0m cache compiling.release src/infiniop/ops/mul/cpu/mul_cpu.cc[0m
[0m[38;5;2;1m[ 18%]:[0m cache compiling.release src/infiniop/ops/mul_scalar/cpu/mul_scalar_cpu.cc[0m
[0m[38;5;2;1m[ 18%]:[0m cache compiling.release src/infiniop/ops/multi_margin_loss/cpu/multi_margin_loss_cpu.cc[0m
[0m[38;5;2;1m[ 18%]:[0m cache compiling.release src/infiniop/ops/mxfp4_dequantize/cpu/mxfp4_dequantize_cpu.cc[0m
[0m[38;5;2;1m[ 18%]:[0m cache compiling.release src/infiniop/ops/ones/cpu/ones_cpu.cc[0m
[0m[38;5;2;1m[ 18%]:[0m cache compiling.release src/infiniop/ops/nrm2/cpu/nrm2_cpu.cc[0m
[0m[38;5;2;1m[ 18%]:[0m cache compiling.release src/infiniop/ops/pixel_shuffle/cpu/pixel_shuffle_cpu.cc[0m
[0m[38;5;2;1m[ 18%]:[0m cache compiling.release src/infiniop/ops/pad/cpu/pad_cpu.cc[0m
[0m[38;5;2;1m[ 18%]:[0m cache compiling.release src/infiniop/ops/prelu/cpu/prelu_cpu.cc[0m
[0m[38;5;2;1m[ 18%]:[0m cache compiling.release src/infiniop/ops/quickgelu/cpu/quickgelu_cpu.cc[0m
[0m[38;5;2;1m[ 18%]:[0m cache compiling.release src/infiniop/ops/rearrange/cpu/rearrange_cpu.cc[0m
[0m[38;5;2;1m[ 18%]:[0m cache compiling.release src/infiniop/ops/random_sample/cpu/random_sample_cpu.cc[0m
[0m[38;5;2;1m[ 18%]:[0m cache compiling.release src/infiniop/ops/reciprocal/cpu/reciprocal_cpu.cc[0m
[0m[38;5;2;1m[ 18%]:[0m cache compiling.release src/infiniop/ops/relu/cpu/relu_cpu.cc[0m
[0m[38;5;2;1m[ 18%]:[0m cache compiling.release src/infiniop/ops/relu6/cpu/relu6_cpu.cc[0m
[0m[38;5;2;1m[ 18%]:[0m cache compiling.release src/infiniop/ops/rms_norm/cpu/rms_norm_cpu.cc[0m
[0m[38;5;2;1m[ 18%]:[0m cache compiling.release src/infiniop/ops/rope/cpu/rope_cpu.cc[0m
[0m[38;5;2;1m[ 18%]:[0m cache compiling.release src/infiniop/ops/rot/cpu/rot_cpu.cc[0m
[0m[38;5;2;1m[ 18%]:[0m cache compiling.release src/infiniop/ops/rotg/cpu/rotg_cpu.cc[0m
[0m[38;5;2;1m[ 18%]:[0m cache compiling.release src/infiniop/ops/rotmg/cpu/rotmg_cpu.cc[0m
[0m[38;5;2;1m[ 18%]:[0m cache compiling.release src/infiniop/ops/rotm/cpu/rotm_cpu.cc[0m
[0m[38;5;2;1m[ 18%]:[0m cache compiling.release src/infiniop/ops/scal/cpu/scal_cpu.cc[0m
[0m[38;5;2;1m[ 18%]:[0m cache compiling.release src/infiniop/ops/scatter/cpu/scatter_cpu.cc[0m
[0m[38;5;2;1m[ 18%]:[0m cache compiling.release src/infiniop/ops/selu/cpu/selu_cpu.cc[0m
[0m[38;5;2;1m[ 18%]:[0m cache compiling.release src/infiniop/ops/select_last_token_hidden/cpu/select_last_token_hidden_cpu.cc[0m
[0m[38;5;2;1m[ 18%]:[0m cache compiling.release src/infiniop/ops/sigmoid/cpu/sigmoid_cpu.cc[0m
[0m[38;5;2;1m[ 18%]:[0m cache compiling.release src/infiniop/ops/silu/cpu/silu_cpu.cc[0m
[0m[38;5;2;1m[ 18%]:[0m cache compiling.release src/infiniop/ops/smooth_l1_loss/cpu/smooth_l1_loss_cpu.cc[0m
[0m[38;5;2;1m[ 18%]:[0m cache compiling.release src/infiniop/ops/sinh/cpu/sinh_cpu.cc[0m
[0m[38;5;2;1m[ 18%]:[0m cache compiling.release src/infiniop/ops/softsign/cpu/softsign_cpu.cc[0m
[0m[38;5;2;1m[ 18%]:[0m cache compiling.release src/infiniop/ops/softplus/cpu/softplus_cpu.cc[0m
[0m[38;5;2;1m[ 18%]:[0m cache compiling.release src/infiniop/ops/sub/cpu/sub_cpu.cc[0m
[0m[38;5;2;1m[ 18%]:[0m cache compiling.release src/infiniop/ops/sum/cpu/sum_cpu.cc[0m
[0m[38;5;2;1m[ 18%]:[0m cache compiling.release src/infiniop/ops/take/cpu/take_cpu.cc[0m
[0m[38;5;2;1m[ 18%]:[0m cache compiling.release src/infiniop/ops/swap/cpu/swap_cpu.cc[0m
[0m[38;5;2;1m[ 18%]:[0m cache compiling.release src/infiniop/ops/swiglu/cpu/swiglu_cpu.cc[0m
[0m[38;5;2;1m[ 18%]:[0m cache compiling.release src/infiniop/ops/tanh/cpu/tanh_cpu.cc[0m
[0m[38;5;2;1m[ 18%]:[0m cache compiling.release src/infiniop/ops/tan/cpu/tan_cpu.cc[0m
[0m[38;5;2;1m[ 18%]:[0m cache compiling.release src/infiniop/ops/triplet_margin_loss/cpu/triplet_margin_loss_cpu.cc[0m
[0m[38;5;2;1m[ 18%]:[0m cache compiling.release src/infiniop/ops/tanhshrink/cpu/tanhshrink_cpu.cc[0m
[0m[38;5;2;1m[ 18%]:[0m cache compiling.release src/infiniop/ops/topk/cpu/topk_cpu.cc[0m
[0m[38;5;2;1m[ 18%]:[0m cache compiling.release src/infiniop/ops/topkrouter/cpu/topkrouter_cpu.cc[0m
[0m[38;5;2;1m[ 18%]:[0m cache compiling.release src/infiniop/ops/triplet_margin_with_distance_loss/cpu/triplet_margin_with_distance_loss_cpu.cc[0m
[0m[38;5;2;1m[ 18%]:[0m cache compiling.release src/infiniop/ops/topksoftmax/cpu/topksoftmax_cpu.cc[0m
[0m[38;5;2;1m[ 18%]:[0m cache compiling.release src/infiniop/ops/upsample_bilinear/cpu/upsample_bilinear_cpu.cc[0m
[0m[38;5;2;1m[ 18%]:[0m cache compiling.release src/infiniop/ops/unfold/cpu/unfold_cpu.cc[0m
[0m[38;5;2;1m[ 18%]:[0m cache compiling.release src/infiniop/ops/upsample_nearest/cpu/upsample_nearest_cpu.cc[0m
[0m[38;5;2;1m[ 18%]:[0m cache compiling.release src/infiniop/ops/vander/cpu/vander_cpu.cc[0m
[0m[38;5;2;1m[ 18%]:[0m cache compiling.release src/infiniop/ops/var_mean/cpu/var_mean_cpu.cc[0m
[0m[38;5;2;1m[ 18%]:[0m cache compiling.release src/infiniop/ops/var/cpu/var_cpu.cc[0m
[0m[38;5;2;1m[ 18%]:[0m cache compiling.release src/infiniop/reduce/cpu/reduce.cc[0m
[0m[38;5;2;1m[ 18%]:[0m cache compiling.release src/infiniop/ops/zeros/cpu/zeros_cpu.cc[0m
[0m[38;5;2;1m[ 32%]:[0m cache compiling.release src/infiniop/devices/handle.cc[0m
[0m[38;5;2;1m[ 32%]:[0m cache compiling.release src/infiniop/ops/acos/operator.cc[0m
[0m[38;5;2;1m[ 32%]:[0m cache compiling.release src/infiniop/ops/adaptive_avg_pool1d/operator.cc[0m
[0m[38;5;2;1m[ 32%]:[0m cache compiling.release src/infiniop/ops/adaptive_avg_pool3d/operator.cc[0m
[0m[38;5;2;1m[ 32%]:[0m cache compiling.release src/infiniop/ops/adaptive_max_pool1d/operator.cc[0m
[0m[38;5;2;1m[ 33%]:[0m cache compiling.release src/infiniop/ops/add/operator.cc[0m
[0m[38;5;2;1m[ 33%]:[0m cache compiling.release src/infiniop/ops/add_rms_norm/operator.cc[0m
[0m[38;5;2;1m[ 33%]:[0m cache compiling.release src/infiniop/ops/addbmm/operator.cc[0m
[0m[38;5;2;1m[ 33%]:[0m cache compiling.release src/infiniop/ops/addcmul/operator.cc[0m
[0m[38;5;2;1m[ 33%]:[0m cache compiling.release src/infiniop/ops/addr/operator.cc[0m
[0m[38;5;2;1m[ 33%]:[0m cache compiling.release src/infiniop/ops/affine_grid/operator.cc[0m
[0m[38;5;2;1m[ 33%]:[0m cache compiling.release src/infiniop/ops/all/operator.cc[0m
[0m[38;5;2;1m[ 33%]:[0m cache compiling.release src/infiniop/ops/argwhere/operator.cc[0m
[0m[38;5;2;1m[ 33%]:[0m cache compiling.release src/infiniop/ops/asin/operator.cc[0m
[0m[38;5;2;1m[ 33%]:[0m cache compiling.release src/infiniop/ops/asinh/operator.cc[0m
[0m[38;5;2;1m[ 34%]:[0m cache compiling.release src/infiniop/ops/asum/operator.cc[0m
[0m[38;5;2;1m[ 34%]:[0m cache compiling.release src/infiniop/ops/atanh/operator.cc[0m
[0m[38;5;2;1m[ 34%]:[0m cache compiling.release src/infiniop/ops/attention/operator.cc[0m
[0m[38;5;2;1m[ 34%]:[0m cache compiling.release src/infiniop/ops/avg_pool1d/operator.cc[0m
[0m[38;5;2;1m[ 34%]:[0m cache compiling.release src/infiniop/ops/avg_pool3d/operator.cc[0m
[0m[38;5;2;1m[ 34%]:[0m cache compiling.release src/infiniop/ops/awq_marlin_gemm/operator.cc[0m
[0m[38;5;2;1m[ 34%]:[0m cache compiling.release src/infiniop/ops/awq_marlin_repack/operator.cc[0m
[0m[38;5;2;1m[ 34%]:[0m cache compiling.release src/infiniop/ops/axpy/operator.cc[0m
[0m[38;5;2;1m[ 34%]:[0m cache compiling.release src/infiniop/ops/binary_cross_entropy_with_logits/operator.cc[0m
[0m[38;5;2;1m[ 35%]:[0m cache compiling.release src/infiniop/ops/bitwise_right_shift/operator.cc[0m
[0m[38;5;2;1m[ 35%]:[0m cache compiling.release src/infiniop/ops/blas_amax/operator.cc[0m
[0m[38;5;2;1m[ 35%]:[0m cache compiling.release src/infiniop/ops/blas_amin/operator.cc[0m
[0m[38;5;2;1m[ 35%]:[0m cache compiling.release src/infiniop/ops/blas_copy/operator.cc[0m
[0m[38;5;2;1m[ 35%]:[0m cache compiling.release src/infiniop/ops/blas_dot/operator.cc[0m
[0m[38;5;2;1m[ 35%]:[0m cache compiling.release src/infiniop/ops/block_diag/operator.cc[0m
[0m[38;5;2;1m[ 35%]:[0m cache compiling.release src/infiniop/ops/broadcast_to/operator.cc[0m
[0m[38;5;2;1m[ 35%]:[0m cache compiling.release src/infiniop/ops/causal_conv1d/operator.cc[0m
[0m[38;5;2;1m[ 35%]:[0m cache compiling.release src/infiniop/ops/causal_softmax/operator.cc[0m
[0m[38;5;2;1m[ 35%]:[0m cache compiling.release src/infiniop/ops/cdist/operator.cc[0m
[0m[38;5;2;1m[ 36%]:[0m cache compiling.release src/infiniop/ops/chunk_gated_delta_rule/operator.cc[0m
[0m[38;5;2;1m[ 36%]:[0m cache compiling.release src/infiniop/ops/clip/operator.cc[0m
[0m[38;5;2;1m[ 36%]:[0m cache compiling.release src/infiniop/ops/conv/operator.cc[0m
[0m[38;5;2;1m[ 36%]:[0m cache compiling.release src/infiniop/ops/cross_entropy/operator.cc[0m
[0m[38;5;2;1m[ 36%]:[0m cache compiling.release src/infiniop/ops/deepseek_moe/operator.cc[0m
[0m[38;5;2;1m[ 36%]:[0m cache compiling.release src/infiniop/ops/dequantize_awq/operator.cc[0m
[0m[38;5;2;1m[ 36%]:[0m cache compiling.release src/infiniop/ops/dequantize_gptq/operator.cc[0m
[0m[38;5;2;1m[ 36%]:[0m cache compiling.release src/infiniop/ops/diff/operator.cc[0m
[0m[38;5;2;1m[ 36%]:[0m cache compiling.release src/infiniop/ops/digamma/operator.cc[0m
[0m[38;5;2;1m[ 36%]:[0m cache compiling.release src/infiniop/ops/dist/operator.cc[0m
[0m[38;5;2;1m[ 37%]:[0m cache compiling.release src/infiniop/ops/dot/operator.cc[0m
[0m[38;5;2;1m[ 37%]:[0m cache compiling.release src/infiniop/ops/embedding/operator.cc[0m
[0m[38;5;2;1m[ 37%]:[0m cache compiling.release src/infiniop/ops/equal/operator.cc[0m
[0m[38;5;2;1m[ 37%]:[0m cache compiling.release src/infiniop/ops/erf/operator.cc[0m
[0m[38;5;2;1m[ 37%]:[0m cache compiling.release src/infiniop/ops/erfc/operator.cc[0m
[0m[38;5;2;1m[ 37%]:[0m cache compiling.release src/infiniop/ops/erfinv/operator.cc[0m
[0m[38;5;2;1m[ 37%]:[0m cache compiling.release src/infiniop/ops/flash_attention/operator.cc[0m
[0m[38;5;2;1m[ 37%]:[0m cache compiling.release src/infiniop/ops/flipud/operator.cc[0m
[0m[38;5;2;1m[ 37%]:[0m cache compiling.release src/infiniop/ops/float_power/operator.cc[0m
[0m[38;5;2;1m[ 38%]:[0m cache compiling.release src/infiniop/ops/floor/operator.cc[0m
[0m[38;5;2;1m[ 38%]:[0m cache compiling.release src/infiniop/ops/floor_divide/operator.cc[0m
[0m[38;5;2;1m[ 38%]:[0m cache compiling.release src/infiniop/ops/fmin/operator.cc[0m
[0m[38;5;2;1m[ 38%]:[0m cache compiling.release src/infiniop/ops/fmod/operator.cc[0m
[0m[38;5;2;1m[ 38%]:[0m cache compiling.release src/infiniop/ops/fp8_indexer_logits/operator.cc[0m
[0m[38;5;2;1m[ 38%]:[0m cache compiling.release src/infiniop/ops/fp8_indexer_quant/operator.cc[0m
[0m[38;5;2;1m[ 38%]:[0m cache compiling.release src/infiniop/ops/fp8_mla_rmsnorm_cache/operator.cc[0m
[0m[38;5;2;1m[ 38%]:[0m cache compiling.release src/infiniop/ops/fp8_sparse_mla/operator.cc[0m
[0m[38;5;2;1m[ 38%]:[0m cache compiling.release src/infiniop/ops/fused_ffn/operator.cc[0m
[0m[38;5;2;1m[ 38%]:[0m cache compiling.release src/infiniop/ops/fused_gated_delta_net_gating/operator.cc[0m
[0m[38;5;2;1m[ 39%]:[0m cache compiling.release src/infiniop/ops/fused_moe/operator.cc[0m
[0m[38;5;2;1m[ 39%]:[0m cache compiling.release src/infiniop/ops/fused_moe_mxfp4/operator.cc[0m
[0m[38;5;2;1m[ 39%]:[0m cache compiling.release src/infiniop/ops/gaussian_nll_loss/operator.cc[0m
[0m[38;5;2;1m[ 39%]:[0m cache compiling.release src/infiniop/ops/gelu/operator.cc[0m
[0m[38;5;2;1m[ 39%]:[0m cache compiling.release src/infiniop/ops/gelutanh/operator.cc[0m
[0m[38;5;2;1m[ 39%]:[0m cache compiling.release src/infiniop/ops/gemm/operator.cc[0m
[0m[38;5;2;1m[ 39%]:[0m cache compiling.release src/infiniop/ops/gptq_marlin_gemm/operator.cc[0m
[0m[38;5;2;1m[ 39%]:[0m cache compiling.release src/infiniop/ops/gptq_marlin_repack/operator.cc[0m
[0m[38;5;2;1m[ 39%]:[0m cache compiling.release src/infiniop/ops/gptq_qyblas_gemm/operator.cc[0m
[0m[38;5;2;1m[ 40%]:[0m cache compiling.release src/infiniop/ops/hardswish/operator.cc[0m
[0m[38;5;2;1m[ 40%]:[0m cache compiling.release src/infiniop/ops/hardtanh/operator.cc[0m
[0m[38;5;2;1m[ 40%]:[0m cache compiling.release src/infiniop/ops/hinge_embedding_loss/operator.cc[0m
[0m[38;5;2;1m[ 40%]:[0m cache compiling.release src/infiniop/ops/histc/operator.cc[0m
[0m[38;5;2;1m[ 40%]:[0m cache compiling.release src/infiniop/ops/huber_loss/operator.cc[0m
[0m[38;5;2;1m[ 40%]:[0m cache compiling.release src/infiniop/ops/hypot/operator.cc[0m
[0m[38;5;2;1m[ 40%]:[0m cache compiling.release src/infiniop/ops/index_add/operator.cc[0m
[0m[38;5;2;1m[ 40%]:[0m cache compiling.release src/infiniop/ops/index_copy/operator.cc[0m
[0m[38;5;2;1m[ 40%]:[0m cache compiling.release src/infiniop/ops/inner/operator.cc[0m
[0m[38;5;2;1m[ 40%]:[0m cache compiling.release src/infiniop/ops/interpolate/operator.cc[0m
[0m[38;5;2;1m[ 41%]:[0m cache compiling.release src/infiniop/ops/kimi_delta_attention/operator.cc[0m
[0m[38;5;2;1m[ 41%]:[0m cache compiling.release src/infiniop/ops/kron/operator.cc[0m
[0m[38;5;2;1m[ 41%]:[0m cache compiling.release src/infiniop/ops/kthvalue/operator.cc[0m
[0m[38;5;2;1m[ 41%]:[0m cache compiling.release src/infiniop/ops/kv_caching/operator.cc[0m
[0m[38;5;2;1m[ 41%]:[0m cache compiling.release src/infiniop/ops/layer_norm/operator.cc[0m
[0m[38;5;2;1m[ 41%]:[0m cache compiling.release src/infiniop/ops/ldexp/operator.cc[0m
[0m[38;5;2;1m[ 41%]:[0m cache compiling.release src/infiniop/ops/lerp/operator.cc[0m
[0m[38;5;2;1m[ 41%]:[0m cache compiling.release src/infiniop/ops/linear_mxfp4/operator.cc[0m
[0m[38;5;2;1m[ 41%]:[0m cache compiling.release src/infiniop/ops/log10/operator.cc[0m
[0m[38;5;2;1m[ 41%]:[0m cache compiling.release src/infiniop/ops/log1p/operator.cc[0m
[0m[38;5;2;1m[ 42%]:[0m cache compiling.release src/infiniop/ops/log_softmax/operator.cc[0m
[0m[38;5;2;1m[ 42%]:[0m cache compiling.release src/infiniop/ops/logaddexp/operator.cc[0m
[0m[38;5;2;1m[ 42%]:[0m cache compiling.release src/infiniop/ops/logaddexp2/operator.cc[0m
[0m[38;5;2;1m[ 42%]:[0m cache compiling.release src/infiniop/ops/logcumsumexp/operator.cc[0m
[0m[38;5;2;1m[ 42%]:[0m cache compiling.release src/infiniop/ops/logdet/operator.cc[0m
[0m[38;5;2;1m[ 42%]:[0m cache compiling.release src/infiniop/ops/lp_norm/operator.cc[0m
[0m[38;5;2;1m[ 42%]:[0m cache compiling.release src/infiniop/ops/mamba_selective_scan/operator.cc[0m
[0m[38;5;2;1m[ 42%]:[0m cache compiling.release src/infiniop/ops/masked_select/operator.cc[0m
[0m[38;5;2;1m[ 42%]:[0m cache compiling.release src/infiniop/ops/matmul_all_reduce/operator.cc[0m
[0m[38;5;2;1m[ 43%]:[0m cache compiling.release src/infiniop/ops/matrix_power/operator.cc[0m
[0m[38;5;2;1m[ 43%]:[0m cache compiling.release src/infiniop/ops/moe_align/operator.cc[0m
[0m[38;5;2;1m[ 43%]:[0m cache compiling.release src/infiniop/ops/moe_fused_dense/operator.cc[0m
[0m[38;5;2;1m[ 43%]:[0m cache compiling.release src/infiniop/ops/moe_fused_gate/operator.cc[0m
[0m[38;5;2;1m[ 43%]:[0m cache compiling.release src/infiniop/ops/moe_sum/operator.cc[0m
[0m[38;5;2;1m[ 43%]:[0m cache compiling.release src/infiniop/ops/moe_topk_sigmoid/operator.cc[0m
[0m[38;5;2;1m[ 43%]:[0m cache compiling.release src/infiniop/ops/moe_topk_softmax/operator.cc[0m
[0m[38;5;2;1m[ 43%]:[0m cache compiling.release src/infiniop/ops/mrope/operator.cc[0m
[0m[38;5;2;1m[ 43%]:[0m cache compiling.release src/infiniop/ops/mul/operator.cc[0m
[0m[38;5;2;1m[ 43%]:[0m cache compiling.release src/infiniop/ops/mul_scalar/operator.cc[0m
[0m[38;5;2;1m[ 44%]:[0m cache compiling.release src/infiniop/ops/multi_margin_loss/operator.cc[0m
[0m[38;5;2;1m[ 44%]:[0m cache compiling.release src/infiniop/ops/mxfp4_dequantize/operator.cc[0m
[0m[38;5;2;1m[ 44%]:[0m cache compiling.release src/infiniop/ops/nrm2/operator.cc[0m
[0m[38;5;2;1m[ 44%]:[0m cache compiling.release src/infiniop/ops/nsa_compress_paged_cache/operator.cc[0m
[0m[38;5;2;1m[ 44%]:[0m cache compiling.release src/infiniop/ops/nsa_paged_attention/operator.cc[0m
[0m[38;5;2;1m[ 44%]:[0m cache compiling.release src/infiniop/ops/ones/operator.cc[0m
[0m[38;5;2;1m[ 44%]:[0m cache compiling.release src/infiniop/ops/pad/operator.cc[0m
[0m[38;5;2;1m[ 44%]:[0m cache compiling.release src/infiniop/ops/paged_attention/operator.cc[0m
[0m[38;5;2;1m[ 44%]:[0m cache compiling.release src/infiniop/ops/paged_attention_prefill/operator.cc[0m
[0m[38;5;2;1m[ 45%]:[0m cache compiling.release src/infiniop/ops/paged_caching/operator.cc[0m
[0m[38;5;2;1m[ 45%]:[0m cache compiling.release src/infiniop/ops/pixel_shuffle/operator.cc[0m
[0m[38;5;2;1m[ 45%]:[0m cache compiling.release src/infiniop/ops/prelu/operator.cc[0m
[0m[38;5;2;1m[ 45%]:[0m cache compiling.release src/infiniop/ops/prepare_moe_input/operator.cc[0m
[0m[38;5;2;1m[ 45%]:[0m cache compiling.release src/infiniop/ops/quickgelu/operator.cc[0m
[0m[38;5;2;1m[ 45%]:[0m cache compiling.release src/infiniop/ops/random_sample/operator.cc[0m
[0m[38;5;2;1m[ 45%]:[0m cache compiling.release src/infiniop/ops/rearrange/operator.cc[0m
[0m[38;5;2;1m[ 45%]:[0m cache compiling.release src/infiniop/ops/reciprocal/operator.cc[0m
[0m[38;5;2;1m[ 45%]:[0m cache compiling.release src/infiniop/ops/recurrent_gated_delta_rule/operator.cc[0m
[0m[38;5;2;1m[ 45%]:[0m cache compiling.release src/infiniop/ops/relu/operator.cc[0m
[0m[38;5;2;1m[ 46%]:[0m cache compiling.release src/infiniop/ops/relu6/operator.cc[0m
[0m[38;5;2;1m[ 46%]:[0m cache compiling.release src/infiniop/ops/rms_norm/operator.cc[0m
[0m[38;5;2;1m[ 46%]:[0m cache compiling.release src/infiniop/ops/rope/operator.cc[0m
[0m[38;5;2;1m[ 46%]:[0m cache compiling.release src/infiniop/ops/rot/operator.cc[0m
[0m[38;5;2;1m[ 46%]:[0m cache compiling.release src/infiniop/ops/rotg/operator.cc[0m
[0m[38;5;2;1m[ 46%]:[0m cache compiling.release src/infiniop/ops/rotm/operator.cc[0m
[0m[38;5;2;1m[ 46%]:[0m cache compiling.release src/infiniop/ops/rotmg/operator.cc[0m
[0m[38;5;2;1m[ 46%]:[0m cache compiling.release src/infiniop/ops/rwkv5_wkv/operator.cc[0m
[0m[38;5;2;1m[ 46%]:[0m cache compiling.release src/infiniop/ops/scal/operator.cc[0m
[0m[38;5;2;1m[ 46%]:[0m cache compiling.release src/infiniop/ops/scaled_mm/operator.cc[0m
[0m[38;5;2;1m[ 47%]:[0m cache compiling.release src/infiniop/ops/scatter/operator.cc[0m
[0m[38;5;2;1m[ 47%]:[0m cache compiling.release src/infiniop/ops/select_last_token_hidden/operator.cc[0m
[0m[38;5;2;1m[ 47%]:[0m cache compiling.release src/infiniop/ops/selu/operator.cc[0m
[0m[38;5;2;1m[ 47%]:[0m cache compiling.release src/infiniop/ops/sigmoid/operator.cc[0m
[0m[38;5;2;1m[ 47%]:[0m cache compiling.release src/infiniop/ops/silu/operator.cc[0m
[0m[38;5;2;1m[ 47%]:[0m cache compiling.release src/infiniop/ops/silu_and_mul/operator.cc[0m
[0m[38;5;2;1m[ 47%]:[0m cache compiling.release src/infiniop/ops/sinh/operator.cc[0m
[0m[38;5;2;1m[ 47%]:[0m cache compiling.release src/infiniop/ops/situ_and_mul/operator.cc[0m
[0m[38;5;2;1m[ 47%]:[0m cache compiling.release src/infiniop/ops/smooth_l1_loss/operator.cc[0m
[0m[38;5;2;1m[ 48%]:[0m cache compiling.release src/infiniop/ops/softmax/operator.cc[0m
[0m[38;5;2;1m[ 48%]:[0m cache compiling.release src/infiniop/ops/softplus/operator.cc[0m
[0m[38;5;2;1m[ 48%]:[0m cache compiling.release src/infiniop/ops/softsign/operator.cc[0m
[0m[38;5;2;1m[ 48%]:[0m cache compiling.release src/infiniop/ops/sub/operator.cc[0m
[0m[38;5;2;1m[ 48%]:[0m cache compiling.release src/infiniop/ops/sum/operator.cc[0m
[0m[38;5;2;1m[ 48%]:[0m cache compiling.release src/infiniop/ops/swap/operator.cc[0m
[0m[38;5;2;1m[ 48%]:[0m cache compiling.release src/infiniop/ops/swiglu/operator.cc[0m
[0m[38;5;2;1m[ 48%]:[0m cache compiling.release src/infiniop/ops/take/operator.cc[0m
[0m[38;5;2;1m[ 48%]:[0m cache compiling.release src/infiniop/ops/tan/operator.cc[0m
[0m[38;5;2;1m[ 48%]:[0m cache compiling.release src/infiniop/ops/tanh/operator.cc[0m
[0m[38;5;2;1m[ 49%]:[0m cache compiling.release src/infiniop/ops/tanhshrink/operator.cc[0m
[0m[38;5;2;1m[ 49%]:[0m cache compiling.release src/infiniop/ops/topk/operator.cc[0m
[0m[38;5;2;1m[ 49%]:[0m cache compiling.release src/infiniop/ops/topkrouter/operator.cc[0m
[0m[38;5;2;1m[ 49%]:[0m cache compiling.release src/infiniop/ops/topksoftmax/operator.cc[0m
[0m[38;5;2;1m[ 49%]:[0m cache compiling.release src/infiniop/ops/triplet_margin_loss/operator.cc[0m
[0m[38;5;2;1m[ 49%]:[0m cache compiling.release src/infiniop/ops/triplet_margin_with_distance_loss/operator.cc[0m
[0m[38;5;2;1m[ 49%]:[0m cache compiling.release src/infiniop/ops/unfold/operator.cc[0m
[0m[38;5;2;1m[ 49%]:[0m cache compiling.release src/infiniop/ops/upsample_bilinear/operator.cc[0m
[0m[38;5;2;1m[ 49%]:[0m cache compiling.release src/infiniop/ops/upsample_nearest/operator.cc[0m
[0m[38;5;2;1m[ 50%]:[0m cache compiling.release src/infiniop/ops/vander/operator.cc[0m
[0m[38;5;2;1m[ 50%]:[0m cache compiling.release src/infiniop/ops/var/operator.cc[0m
[0m[38;5;2;1m[ 50%]:[0m cache compiling.release src/infiniop/ops/var_mean/operator.cc[0m
[0m[38;5;2;1m[ 50%]:[0m cache compiling.release src/infiniop/ops/zeros/operator.cc[0m
[0m[38;5;2;1m[ 50%]:[0m cache compiling.release src/infiniop/ops/dequant/per_tensor_dequant_int8/operator.cc[0m
[0m[38;5;2;1m[ 50%]:[0m cache compiling.release src/infiniop/ops/quant/per_channel_quant_int8/operator.cc[0m
[0m[38;5;2;1m[ 50%]:[0m cache compiling.release src/infiniop/ops/quant/per_tensor_quant_int8/operator.cc[0m
[0m[38;5;2;1m[ 50%]:[0m cache compiling.release src/infiniop/operator_descriptor.cc[0m
[0m[38;5;2;1m[ 50%]:[0m cache compiling.release src/infiniop/tensor_descriptor.cc[0m
[0m[38;5;2;1m[ 50%]:[0m cache compiling.release src/infinirt/cpu/infinirt_cpu.cc[0m
[0m[38;5;2;1m[ 51%]:[0m cache compiling.release src/infinirt/infinirt.cc[0m
[0m[38;5;2;1m[ 51%]:[0m cache compiling.release src/utils/custom_types.cc[0m
[0m[38;5;2;1m[ 51%]:[0m cache compiling.release src/utils/rearrange.cc[0m
[0m[38;5;2;1m[ 51%]:[0m cache compiling.release src/infinirt/metax/infinirt_metax.cc[0m
[0m[38;5;2;1m[ 51%]:[0m [38;5;5;1marchiving.release libinfini-utils.a[0m
[0m[38;5;2;1m[ 51%]:[0m [38;5;5;1marchiving.release libinfinirt-cpu.a[0m
[0m[38;5;2;1m[ 51%]:[0m [38;5;5;1marchiving.release libinfinirt-metax.a[0m
[0m[38;5;2;1m[ 51%]:[0m [38;5;5;1marchiving.release libinfiniop-cpu.a[0m
[0m[38;5;2;1m[ 52%]:[0m [38;5;5;1mlinking.release infiniutils-test[0m
[0m[38;5;2;1m[ 52%]:[0m [38;5;5;1mlinking.release libinfinirt.so[0m
[0m[38;5;2;1m[ 52%]:[0m [38;5;5;1marchiving.release libinfiniccl-metax.a[0m
[0m[38;5;2;1m[ 53%]:[0m [38;5;5;1mlinking.release libinfiniccl.so[0m
[0m[38;5;2;1m[ 53%]:[0m [38;5;5;1mlinking.release infinirt-test[0m
[0m[38;5;2;1m[ 53%]:[0m cache compiling.release src/infinicore/device.cc[0m
[0m[38;5;2;1m[ 53%]:[0m cache compiling.release src/infinicore/device_event.cc[0m
[0m[38;5;2;1m[ 53%]:[0m cache compiling.release src/infinicore/dtype.cc[0m
[0m[38;5;2;1m[ 53%]:[0m cache compiling.release src/infinicore/io.cc[0m
[0m[38;5;2;1m[ 53%]:[0m cache compiling.release src/infinicore/memory.cc[0m
[0m[38;5;2;1m[ 53%]:[0m cache compiling.release src/infinicore/adaptor/aten_adaptor.cc[0m
[0m[38;5;2;1m[ 53%]:[0m cache compiling.release src/infinicore/adaptor/iluvatar_vendor_adaptor.cc[0m
[0m[38;5;2;1m[ 54%]:[0m cache compiling.release src/infinicore/context/context_impl.cc[0m
[0m[38;5;2;1m[ 54%]:[0m cache compiling.release src/infinicore/context/allocators/device_pinned_allocator.cc[0m
[0m[38;5;2;1m[ 54%]:[0m cache compiling.release src/infinicore/context/allocators/host_allocator.cc[0m
[0m[38;5;2;1m[ 54%]:[0m cache compiling.release src/infinicore/context/allocators/pinnable_block_allocator.cc[0m
[0m[38;5;2;1m[ 54%]:[0m cache compiling.release src/infinicore/context/allocators/stream_ordered_allocator.cc[0m
[0m[38;5;2;1m[ 54%]:[0m cache compiling.release src/infinicore/context/runtime/runtime.cc[0m
[0m[38;5;2;1m[ 54%]:[0m cache compiling.release src/infinicore/tensor/copy.cc[0m
[0m[38;5;2;1m[ 54%]:[0m cache compiling.release src/infinicore/tensor/debug.cc[0m
[0m[38;5;2;1m[ 54%]:[0m cache compiling.release src/infinicore/tensor/tensor.cc[0m
[0m[38;5;2;1m[ 55%]:[0m cache compiling.release src/infinicore/tensor/view.cc[0m
[0m[38;5;2;1m[ 55%]:[0m cache compiling.release src/infinicore/graph/graph.cc[0m
[0m[38;5;2;1m[ 55%]:[0m cache compiling.release src/infinicore/nn/embedding.cc[0m
[0m[38;5;2;1m[ 55%]:[0m cache compiling.release src/infinicore/nn/layer_norm.cc[0m
[0m[38;5;2;1m[ 55%]:[0m cache compiling.release src/infinicore/nn/module.cc[0m
[0m[38;5;2;1m[ 55%]:[0m cache compiling.release src/infinicore/nn/parameter.cc[0m
[0m[38;5;2;1m[ 55%]:[0m cache compiling.release src/infinicore/nn/rmsnorm.cc[0m
[0m[38;5;2;1m[ 55%]:[0m cache compiling.release src/infinicore/nn/rope.cc[0m
[0m[38;5;2;1m[ 55%]:[0m cache compiling.release src/infinicore/nn/rope_scaling_configs.cc[0m
[0m[38;5;2;1m[ 55%]:[0m cache compiling.release src/infinicore/ops/acos/acos.cc[0m
[0m[38;5;2;1m[ 56%]:[0m cache compiling.release src/infinicore/ops/acos/acos_infiniop.cc[0m
[0m[38;5;2;1m[ 56%]:[0m cache compiling.release src/infinicore/ops/adaptive_avg_pool1d/adaptive_avg_pool1d.cc[0m
[0m[38;5;2;1m[ 56%]:[0m cache compiling.release src/infinicore/ops/adaptive_avg_pool1d/adaptive_avg_pool1d_infiniop.cc[0m
[0m[38;5;2;1m[ 56%]:[0m cache compiling.release src/infinicore/ops/adaptive_avg_pool3d/adaptive_avg_pool3d.cc[0m
[0m[38;5;2;1m[ 56%]:[0m cache compiling.release src/infinicore/ops/adaptive_avg_pool3d/adaptive_avg_pool3d_infiniop.cc[0m
[0m[38;5;2;1m[ 56%]:[0m cache compiling.release src/infinicore/ops/adaptive_max_pool1d/adaptive_max_pool1d.cc[0m
[0m[38;5;2;1m[ 56%]:[0m cache compiling.release src/infinicore/ops/adaptive_max_pool1d/adaptive_max_pool1d_infiniop.cc[0m
[0m[38;5;2;1m[ 56%]:[0m cache compiling.release src/infinicore/ops/add/add.cc[0m
[0m[38;5;2;1m[ 56%]:[0m cache compiling.release src/infinicore/ops/add/add_infiniop.cc[0m
[0m[38;5;2;1m[ 56%]:[0m cache compiling.release src/infinicore/ops/add/add_infiniops.cc[0m
[0m[38;5;2;1m[ 57%]:[0m cache compiling.release src/infinicore/ops/add_rms_norm/add_rms_norm.cc[0m
[0m[38;5;2;1m[ 57%]:[0m cache compiling.release src/infinicore/ops/add_rms_norm/add_rms_norm_infiniop.cc[0m
[0m[38;5;2;1m[ 57%]:[0m cache compiling.release src/infinicore/ops/add_rms_norm/add_rms_norm_infiniops.cc[0m
[0m[38;5;2;1m[ 57%]:[0m cache compiling.release src/infinicore/ops/addbmm/addbmm.cc[0m
[0m[38;5;2;1m[ 57%]:[0m cache compiling.release src/infinicore/ops/addbmm/addbmm_infiniop.cc[0m
[0m[38;5;2;1m[ 57%]:[0m cache compiling.release src/infinicore/ops/addcmul/addcmul.cc[0m
[0m[38;5;2;1m[ 57%]:[0m cache compiling.release src/infinicore/ops/addcmul/addcmul_infiniop.cc[0m
[0m[38;5;2;1m[ 57%]:[0m cache compiling.release src/infinicore/ops/addr/addr.cc[0m
[0m[38;5;2;1m[ 57%]:[0m cache compiling.release src/infinicore/ops/addr/addr_infiniop.cc[0m
[0m[38;5;2;1m[ 58%]:[0m cache compiling.release src/infinicore/ops/affine_grid/affine_grid.cc[0m
[0m[38;5;2;1m[ 58%]:[0m cache compiling.release src/infinicore/ops/affine_grid/affine_grid_infiniop.cc[0m
[0m[38;5;2;1m[ 58%]:[0m cache compiling.release src/infinicore/ops/all/all.cc[0m
[0m[38;5;2;1m[ 58%]:[0m cache compiling.release src/infinicore/ops/all/all_infiniop.cc[0m
[0m[38;5;2;1m[ 58%]:[0m cache compiling.release src/infinicore/ops/argwhere/argwhere.cc[0m
[0m[38;5;2;1m[ 58%]:[0m cache compiling.release src/infinicore/ops/argwhere/argwhere_infiniop.cc[0m
[0m[38;5;2;1m[ 58%]:[0m cache compiling.release src/infinicore/ops/asin/asin.cc[0m
[0m[38;5;2;1m[ 58%]:[0m cache compiling.release src/infinicore/ops/asin/asin_infiniop.cc[0m
[0m[38;5;2;1m[ 58%]:[0m cache compiling.release src/infinicore/ops/asinh/asinh.cc[0m
[0m[38;5;2;1m[ 58%]:[0m cache compiling.release src/infinicore/ops/asinh/asinh_infiniop.cc[0m
[0m[38;5;2;1m[ 59%]:[0m cache compiling.release src/infinicore/ops/asum/asum.cc[0m
[0m[38;5;2;1m[ 59%]:[0m cache compiling.release src/infinicore/ops/asum/asum_infiniop.cc[0m
[0m[38;5;2;1m[ 59%]:[0m cache compiling.release src/infinicore/ops/atanh/atanh.cc[0m
[0m[38;5;2;1m[ 59%]:[0m cache compiling.release src/infinicore/ops/atanh/atanh_infiniop.cc[0m
[0m[38;5;2;1m[ 59%]:[0m cache compiling.release src/infinicore/ops/attention/attention.cc[0m
[0m[38;5;2;1m[ 59%]:[0m cache compiling.release src/infinicore/ops/attention/attention_infiniop.cc[0m
[0m[38;5;2;1m[ 59%]:[0m cache compiling.release src/infinicore/ops/avg_pool1d/avg_pool1d.cc[0m
[0m[38;5;2;1m[ 59%]:[0m cache compiling.release src/infinicore/ops/avg_pool1d/avg_pool1d_infiniop.cc[0m
[0m[38;5;2;1m[ 59%]:[0m cache compiling.release src/infinicore/ops/awq_marlin_gemm/awq_marlin_gemm.cc[0m
[0m[38;5;2;1m[ 60%]:[0m cache compiling.release src/infinicore/ops/awq_marlin_gemm/awq_marlin_gemm_infiniop.cc[0m
[0m[38;5;2;1m[ 60%]:[0m cache compiling.release src/infinicore/ops/axpy/axpy.cc[0m
[0m[38;5;2;1m[ 60%]:[0m cache compiling.release src/infinicore/ops/axpy/axpy_infiniop.cc[0m
[0m[38;5;2;1m[ 60%]:[0m cache compiling.release src/infinicore/ops/baddbmm/baddbmm.cc[0m
[0m[38;5;2;1m[ 60%]:[0m cache compiling.release src/infinicore/ops/bilinear/bilinear.cc[0m
[0m[38;5;2;1m[ 60%]:[0m cache compiling.release src/infinicore/ops/binary_cross_entropy_with_logits/binary_cross_entropy_with_logits.cc[0m
[0m[38;5;2;1m[ 60%]:[0m cache compiling.release src/infinicore/ops/binary_cross_entropy_with_logits/binary_cross_entropy_with_logits_infiniop.cc[0m
[0m[38;5;2;1m[ 60%]:[0m cache compiling.release src/infinicore/ops/bitwise_right_shift/bitwise_right_shift.cc[0m
[0m[38;5;2;1m[ 60%]:[0m cache compiling.release src/infinicore/ops/bitwise_right_shift/bitwise_right_shift_infiniop.cc[0m
[0m[38;5;2;1m[ 60%]:[0m cache compiling.release src/infinicore/ops/blas_amax/blas_amax.cc[0m
[0m[38;5;2;1m[ 61%]:[0m cache compiling.release src/infinicore/ops/blas_amax/blas_amax_infiniop.cc[0m
[0m[38;5;2;1m[ 61%]:[0m cache compiling.release src/infinicore/ops/blas_amin/blas_amin.cc[0m
[0m[38;5;2;1m[ 61%]:[0m cache compiling.release src/infinicore/ops/blas_amin/blas_amin_infiniop.cc[0m
[0m[38;5;2;1m[ 61%]:[0m cache compiling.release src/infinicore/ops/blas_copy/blas_copy.cc[0m
[0m[38;5;2;1m[ 61%]:[0m cache compiling.release src/infinicore/ops/blas_copy/blas_copy_infiniop.cc[0m
[0m[38;5;2;1m[ 61%]:[0m cache compiling.release src/infinicore/ops/blas_dot/blas_dot.cc[0m
[0m[38;5;2;1m[ 61%]:[0m cache compiling.release src/infinicore/ops/blas_dot/blas_dot_infiniop.cc[0m
[0m[38;5;2;1m[ 61%]:[0m cache compiling.release src/infinicore/ops/block_diag/block_diag.cc[0m
[0m[38;5;2;1m[ 61%]:[0m cache compiling.release src/infinicore/ops/block_diag/block_diag_infiniop.cc[0m
[0m[38;5;2;1m[ 61%]:[0m cache compiling.release src/infinicore/ops/bmm_strided/bmm_strided.cc[0m
[0m[38;5;2;1m[ 62%]:[0m cache compiling.release src/infinicore/ops/broadcast_to/broadcast_to.cc[0m
[0m[38;5;2;1m[ 62%]:[0m cache compiling.release src/infinicore/ops/broadcast_to/broadcast_to_infiniop.cc[0m
[0m[38;5;2;1m[ 62%]:[0m cache compiling.release src/infinicore/ops/cast/cast.cc[0m
[0m[38;5;2;1m[ 62%]:[0m cache compiling.release src/infinicore/ops/cat/cat.cc[0m
[0m[38;5;2;1m[ 62%]:[0m cache compiling.release src/infinicore/ops/causal_conv1d/causal_conv1d.cc[0m
[0m[38;5;2;1m[ 62%]:[0m cache compiling.release src/infinicore/ops/causal_conv1d/causal_conv1d_infiniop.cc[0m
[0m[38;5;2;1m[ 62%]:[0m cache compiling.release src/infinicore/ops/causal_softmax/causal_softmax.cc[0m
[0m[38;5;2;1m[ 62%]:[0m cache compiling.release src/infinicore/ops/causal_softmax/causal_softmax_infiniop.cc[0m
[0m[38;5;2;1m[ 62%]:[0m cache compiling.release src/infinicore/ops/causal_softmax/causal_softmax_infiniops.cc[0m
[0m[38;5;2;1m[ 63%]:[0m cache compiling.release src/infinicore/ops/cdist/cdist.cc[0m
[0m[38;5;2;1m[ 63%]:[0m cache compiling.release src/infinicore/ops/cdist/cdist_infiniop.cc[0m
[0m[38;5;2;1m[ 63%]:[0m cache compiling.release src/infinicore/ops/chunk_gated_delta_rule/chunk_gated_delta_rule.cc[0m
[0m[38;5;2;1m[ 63%]:[0m cache compiling.release src/infinicore/ops/chunk_gated_delta_rule/chunk_gated_delta_rule_infiniop.cc[0m
[0m[38;5;2;1m[ 63%]:[0m cache compiling.release src/infinicore/ops/concat_and_cache_mla/concat_and_cache_mla.cc[0m
[0m[38;5;2;1m[ 63%]:[0m cache compiling.release src/infinicore/ops/concat_and_cache_mla_int8/concat_and_cache_mla_int8.cc[0m
[0m[38;5;2;1m[ 63%]:[0m cache compiling.release src/infinicore/ops/concat_mla_q/concat_mla_q.cc[0m
[0m[38;5;2;1m[ 63%]:[0m cache compiling.release src/infinicore/ops/conv2d/conv2d.cc[0m
[0m[38;5;2;1m[ 63%]:[0m cache compiling.release src/infinicore/ops/conv2d/conv2d_infiniop.cc[0m
[0m[38;5;2;1m[ 63%]:[0m cache compiling.release src/infinicore/ops/conv2d/conv2d_infiniops.cc[0m
[0m[38;5;2;1m[ 64%]:[0m cache compiling.release src/infinicore/ops/cross_entropy/cross_entropy.cc[0m
[0m[38;5;2;1m[ 64%]:[0m cache compiling.release src/infinicore/ops/cross_entropy/cross_entropy_infiniop.cc[0m
[0m[38;5;2;1m[ 64%]:[0m cache compiling.release src/infinicore/ops/deepseek_moe/deepseek_moe.cc[0m
[0m[38;5;2;1m[ 64%]:[0m cache compiling.release src/infinicore/ops/deepseek_moe/deepseek_moe_infiniop.cc[0m
[0m[38;5;2;1m[ 64%]:[0m cache compiling.release src/infinicore/ops/dequantize_awq/dequantize_awq.cc[0m
[0m[38;5;2;1m[ 64%]:[0m cache compiling.release src/infinicore/ops/dequantize_awq/dequantize_awq_infiniop.cc[0m
[0m[38;5;2;1m[ 64%]:[0m cache compiling.release src/infinicore/ops/diff/diff.cc[0m
[0m[38;5;2;1m[ 64%]:[0m cache compiling.release src/infinicore/ops/diff/diff_infiniop.cc[0m
[0m[38;5;2;1m[ 64%]:[0m cache compiling.release src/infinicore/ops/digamma/digamma.cc[0m
[0m[38;5;2;1m[ 65%]:[0m cache compiling.release src/infinicore/ops/digamma/digamma_infiniop.cc[0m
[0m[38;5;2;1m[ 65%]:[0m cache compiling.release src/infinicore/ops/dist/dist.cc[0m
[0m[38;5;2;1m[ 65%]:[0m cache compiling.release src/infinicore/ops/dist/dist_infiniop.cc[0m
[0m[38;5;2;1m[ 65%]:[0m cache compiling.release src/infinicore/ops/distributed/allgather.cc[0m
[0m[38;5;2;1m[ 65%]:[0m cache compiling.release src/infinicore/ops/distributed/allreduce.cc[0m
[0m[38;5;2;1m[ 65%]:[0m cache compiling.release src/infinicore/ops/distributed/broadcast.cc[0m
[0m[38;5;2;1m[ 65%]:[0m cache compiling.release src/infinicore/ops/distributed/reduce_scatter.cc[0m
[0m[38;5;2;1m[ 65%]:[0m cache compiling.release src/infinicore/ops/distributed/send_recv.cc[0m
[0m[38;5;2;1m[ 65%]:[0m cache compiling.release src/infinicore/ops/dsa/dsa.cc[0m
[0m[38;5;2;1m[ 65%]:[0m cache compiling.release src/infinicore/ops/embedding/embedding.cc[0m
[0m[38;5;2;1m[ 66%]:[0m cache compiling.release src/infinicore/ops/embedding/embedding_infiniop.cc[0m
[0m[38;5;2;1m[ 66%]:[0m cache compiling.release src/infinicore/ops/embedding/embedding_infiniops.cc[0m
[0m[38;5;2;1m[ 66%]:[0m cache compiling.release src/infinicore/ops/equal/equal.cc[0m
[0m[38;5;2;1m[ 66%]:[0m cache compiling.release src/infinicore/ops/equal/equal_infiniop.cc[0m
[0m[38;5;2;1m[ 66%]:[0m cache compiling.release src/infinicore/ops/flash_attention/flash_attention.cc[0m
[0m[38;5;2;1m[ 66%]:[0m cache compiling.release src/infinicore/ops/flash_attention/flash_attention_infiniop.cc[0m
[0m[38;5;2;1m[ 66%]:[0m cache compiling.release src/infinicore/ops/flipud/flipud.cc[0m
[0m[38;5;2;1m[ 66%]:[0m cache compiling.release src/infinicore/ops/flipud/flipud_infiniop.cc[0m
[0m[38;5;2;1m[ 66%]:[0m cache compiling.release src/infinicore/ops/float_power/float_power.cc[0m
[0m[38;5;2;1m[ 66%]:[0m cache compiling.release src/infinicore/ops/float_power/float_power_infiniop.cc[0m
[0m[38;5;2;1m[ 67%]:[0m cache compiling.release src/infinicore/ops/floor/floor.cc[0m
[0m[38;5;2;1m[ 67%]:[0m cache compiling.release src/infinicore/ops/floor/floor_infiniop.cc[0m
[0m[38;5;2;1m[ 67%]:[0m cache compiling.release src/infinicore/ops/floor_divide/floor_divide.cc[0m
[0m[38;5;2;1m[ 67%]:[0m cache compiling.release src/infinicore/ops/floor_divide/floor_divide_infiniop.cc[0m
[0m[38;5;2;1m[ 67%]:[0m cache compiling.release src/infinicore/ops/fmin/fmin.cc[0m
[0m[38;5;2;1m[ 67%]:[0m cache compiling.release src/infinicore/ops/fmin/fmin_infiniop.cc[0m
[0m[38;5;2;1m[ 67%]:[0m cache compiling.release src/infinicore/ops/fmod/fmod.cc[0m
[0m[38;5;2;1m[ 67%]:[0m cache compiling.release src/infinicore/ops/fmod/fmod_infiniop.cc[0m
[0m[38;5;2;1m[ 67%]:[0m cache compiling.release src/infinicore/ops/fp8_indexer_logits/fp8_indexer_logits.cc[0m
[0m[38;5;2;1m[ 68%]:[0m cache compiling.release src/infinicore/ops/fp8_indexer_logits/fp8_indexer_logits_infiniop.cc[0m
[0m[38;5;2;1m[ 68%]:[0m cache compiling.release src/infinicore/ops/fp8_indexer_quant/fp8_indexer_quant.cc[0m
[0m[38;5;2;1m[ 68%]:[0m cache compiling.release src/infinicore/ops/fp8_indexer_quant/fp8_indexer_quant_infiniop.cc[0m
[0m[38;5;2;1m[ 68%]:[0m cache compiling.release src/infinicore/ops/fp8_indexer_quant/fused_fp8_indexer.cc[0m
[0m[38;5;2;1m[ 68%]:[0m cache compiling.release src/infinicore/ops/fp8_indexer_quant/fused_fp8_indexer_infiniop.cc[0m
[0m[38;5;2;1m[ 68%]:[0m cache compiling.release src/infinicore/ops/fp8_mla_rmsnorm_cache/fp8_mla_rmsnorm_cache.cc[0m
[0m[38;5;2;1m[ 68%]:[0m cache compiling.release src/infinicore/ops/fp8_mla_rmsnorm_cache/fp8_mla_rmsnorm_cache_infiniop.cc[0m
[0m[38;5;2;1m[ 68%]:[0m cache compiling.release src/infinicore/ops/fp8_sparse_mla/fp8_sparse_mla.cc[0m
[0m[38;5;2;1m[ 68%]:[0m cache compiling.release src/infinicore/ops/fp8_sparse_mla/fp8_sparse_mla_infiniop.cc[0m
[0m[38;5;2;1m[ 68%]:[0m cache compiling.release src/infinicore/ops/fused_gated_delta_net_gating/fused_gated_delta_net_gating.cc[0m
[0m[38;5;2;1m[ 69%]:[0m cache compiling.release src/infinicore/ops/fused_gated_delta_net_gating/fused_gated_delta_net_gating_infiniop.cc[0m
[0m[38;5;2;1m[ 69%]:[0m cache compiling.release src/infinicore/ops/fused_moe/fused_moe.cc[0m
[0m[38;5;2;1m[ 69%]:[0m cache compiling.release src/infinicore/ops/fused_moe/fused_moe_infiniop.cc[0m
[0m[38;5;2;1m[ 69%]:[0m cache compiling.release src/infinicore/ops/fused_moe_mxfp4/fused_moe_mxfp4.cc[0m
[0m[38;5;2;1m[ 69%]:[0m cache compiling.release src/infinicore/ops/fused_moe_mxfp4/fused_moe_mxfp4_infiniop.cc[0m
[0m[38;5;2;1m[ 69%]:[0m cache compiling.release src/infinicore/ops/fused_rotary_embedding/fused_rotary_embedding.cc[0m
[0m[38;5;2;1m[ 69%]:[0m cache compiling.release src/infinicore/ops/gaussian_nll_loss/gaussian_nll_loss.cc[0m
[0m[38;5;2;1m[ 69%]:[0m cache compiling.release src/infinicore/ops/gaussian_nll_loss/gaussian_nll_loss_infiniop.cc[0m
[0m[38;5;2;1m[ 69%]:[0m cache compiling.release src/infinicore/ops/gelu/gelu.cc[0m
[0m[38;5;2;1m[ 70%]:[0m cache compiling.release src/infinicore/ops/gelu/gelu_infiniop.cc[0m
[0m[38;5;2;1m[ 70%]:[0m cache compiling.release src/infinicore/ops/gelu/gelu_infiniops.cc[0m
[0m[38;5;2;1m[ 70%]:[0m cache compiling.release src/infinicore/ops/gelutanh/gelutanh.cc[0m
[0m[38;5;2;1m[ 70%]:[0m cache compiling.release src/infinicore/ops/gelutanh/gelutanh_infiniop.cc[0m
[0m[38;5;2;1m[ 70%]:[0m cache compiling.release src/infinicore/ops/gelutanh/gelutanh_infiniops.cc[0m
[0m[38;5;2;1m[ 70%]:[0m cache compiling.release src/infinicore/ops/gemm/gemm.cc[0m
[0m[38;5;2;1m[ 70%]:[0m cache compiling.release src/infinicore/ops/gemm/gemm_infiniop.cc[0m
[0m[38;5;2;1m[ 70%]:[0m cache compiling.release src/infinicore/ops/gemm/gemm_infiniops.cc[0m
[0m[38;5;2;1m[ 70%]:[0m cache compiling.release src/infinicore/ops/gptq_marlin_gemm/gptq_marlin_gemm.cc[0m
[0m[38;5;2;1m[ 70%]:[0m cache compiling.release src/infinicore/ops/gptq_marlin_gemm/gptq_marlin_gemm_infiniop.cc[0m
[0m[38;5;2;1m[ 71%]:[0m cache compiling.release src/infinicore/ops/grouped_topk_vendor/grouped_topk_vendor.cc[0m
[0m[38;5;2;1m[ 71%]:[0m cache compiling.release src/infinicore/ops/hardswish/hardswish.cc[0m
[0m[38;5;2;1m[ 71%]:[0m cache compiling.release src/infinicore/ops/hardswish/hardswish_infiniop.cc[0m
[0m[38;5;2;1m[ 71%]:[0m cache compiling.release src/infinicore/ops/hardtanh/hardtanh.cc[0m
[0m[38;5;2;1m[ 71%]:[0m cache compiling.release src/infinicore/ops/hardtanh/hardtanh_infiniop.cc[0m
[0m[38;5;2;1m[ 71%]:[0m cache compiling.release src/infinicore/ops/hinge_embedding_loss/hinge_embedding_loss.cc[0m
[0m[38;5;2;1m[ 71%]:[0m cache compiling.release src/infinicore/ops/hinge_embedding_loss/hinge_embedding_loss_infiniop.cc[0m
[0m[38;5;3;1msrc/infinicore/nn/rope_scaling_configs.cc: In function 'std::pair<float, float> infinicore::nn::{anonymous}::yarn_find_correction_range(int, int, size_t, float, size_t, bool)':
src/infinicore/nn/rope_scaling_configs.cc:97:18: note: parameter passing for argument of type 'std::pair<float, float>' when C++17 is enabled changed to match C++14 in GCC 10.1
   97 |     bool truncate) {
      |                  ^[0m
[0m[38;5;2;1m[ 71%]:[0m cache compiling.release src/infinicore/ops/huber_loss/huber_loss.cc[0m
[0m[38;5;2;1m[ 71%]:[0m cache compiling.release src/infinicore/ops/huber_loss/huber_loss_infiniop.cc[0m
[0m[38;5;2;1m[ 71%]:[0m cache compiling.release src/infinicore/ops/hypot/hypot.cc[0m
[0m[38;5;2;1m[ 72%]:[0m cache compiling.release src/infinicore/ops/hypot/hypot_infiniop.cc[0m
[0m[38;5;2;1m[ 72%]:[0m cache compiling.release src/infinicore/ops/index_add/index_add.cc[0m
[0m[38;5;2;1m[ 72%]:[0m cache compiling.release src/infinicore/ops/index_add/index_add_infiniop.cc[0m
[0m[38;5;2;1m[ 72%]:[0m cache compiling.release src/infinicore/ops/index_copy/index_copy.cc[0m
[0m[38;5;2;1m[ 72%]:[0m cache compiling.release src/infinicore/ops/index_copy/index_copy_infiniop.cc[0m
lld: warning: <unknown>:0:0: loop not unrolled: the optimizer was unable to perform the requested transformation; the transformation might be disabled or specified as part of an unsupported transformation ordering
lld: warning: <unknown>:0:0: loop not unrolled: the optimizer was unable to perform the requested transformation; the transformation might be disabled or specified as part of an unsupported transformation ordering
lld: warning: <unknown>:0:0: loop not unrolled: the optimizer was unable to perform the requested transformation; the transformation might be disabled or specified as part of an unsupported transformation ordering
lld: warning: <unknown>:0:0: loop not unrolled: the optimizer was unable to perform the requested transformation; the transformation might be disabled or specified as part of an unsupported transformation ordering
lld: warning: <unknown>:0:0: loop not unrolled: the optimizer was unable to perform the requested transformation; the transformation might be disabled or specified as part of an unsupported transformation ordering
lld: warning: <unknown>:0:0: loop not unrolled: the optimizer was unable to perform the requested transformation; the transformation might be disabled or specified as part of an unsupported transformation ordering
lld: warning: <unknown>:0:0: loop not unrolled: the optimizer was unable to perform the requested transformation; the transformation might be disabled or specified as part of an unsupported transformation ordering
lld: warning: <unknown>:0:0: loop not unrolled: the optimizer was unable to perform the requested transformation; the transformation might be disabled or specified as part of an unsupported transformation ordering
lld: warning: <unknown>:0:0: loop not unrolled: the optimizer was unable to perform the requested transformation; the transformation might be disabled or specified as part of an unsupported transformation ordering
lld: warning: <unknown>:0:0: loop not unrolled: the optimizer was unable to perform the requested transformation; the transformation might be disabled or specified as part of an unsupported transformation ordering
lld: warning: <unknown>:0:0: loop not unrolled: the optimizer was unable to perform the requested transformation; the transformation might be disabled or specified as part of an unsupported transformation ordering
lld: warning: <unknown>:0:0: loop not unrolled: the optimizer was unable to perform the requested transformation; the transformation might be disabled or specified as part of an unsupported transformation ordering
lld: warning: <unknown>:0:0: loop not unrolled: the optimizer was unable to perform the requested transformation; the transformation might be disabled or specified as part of an unsupported transformation ordering
lld: warning: <unknown>:0:0: loop not unrolled: the optimizer was unable to perform the requested transformation; the transformation might be disabled or specified as part of an unsupported transformation ordering
lld: warning: <unknown>:0:0: loop not unrolled: the optimizer was unable to perform the requested transformation; the transformation might be disabled or specified as part of an unsupported transformation ordering
lld: warning: <unknown>:0:0: loop not unrolled: the optimizer was unable to perform the requested transformation; the transformation might be disabled or specified as part of an unsupported transformation ordering
lld: warning: <unknown>:0:0: loop not unrolled: the optimizer was unable to perform the requested transformation; the transformation might be disabled or specified as part of an unsupported transformation ordering
lld: warning: <unknown>:0:0: loop not unrolled: the optimizer was unable to perform the requested transformation; the transformation might be disabled or specified as part of an unsupported transformation ordering
lld: warning: <unknown>:0:0: loop not unrolled: the optimizer was unable to perform the requested transformation; the transformation might be disabled or specified as part of an unsupported transformation ordering
lld: warning: <unknown>:0:0: loop not unrolled: the optimizer was unable to perform the requested transformation; the transformation might be disabled or specified as part of an unsupported transformation ordering
lld: warning: <unknown>:0:0: loop not unrolled: the optimizer was unable to perform the requested transformation; the transformation might be disabled or specified as part of an unsupported transformation ordering
lld: warning: <unknown>:0:0: loop not unrolled: the optimizer was unable to perform the requested transformation; the transformation might be disabled or specified as part of an unsupported transformation ordering
lld: warning: <unknown>:0:0: loop not unrolled: the optimizer was unable to perform the requested transformation; the transformation might be disabled or specified as part of an unsupported transformation ordering
lld: warning: <unknown>:0:0: loop not unrolled: the optimizer was unable to perform the requested transformation; the transformation might be disabled or specified as part of an unsupported transformation ordering
lld: warning: <unknown>:0:0: loop not unrolled: the optimizer was unable to perform the requested transformation; the transformation might be disabled or specified as part of an unsupported transformation ordering
lld: warning: <unknown>:0:0: loop not unrolled: the optimizer was unable to perform the requested transformation; the transformation might be disabled or specified as part of an unsupported transformation ordering
lld: warning: <unknown>:0:0: loop not unrolled: the optimizer was unable to perform the requested transformation; the transformation might be disabled or specified as part of an unsupported transformation ordering
lld: warning: <unknown>:0:0: loop not unrolled: the optimizer was unable to perform the requested transformation; the transformation might be disabled or specified as part of an unsupported transformation ordering
lld: warning: <unknown>:0:0: loop not unrolled: the optimizer was unable to perform the requested transformation; the transformation might be disabled or specified as part of an unsupported transformation ordering
lld: warning: <unknown>:0:0: loop not unrolled: the optimizer was unable to perform the requested transformation; the transformation might be disabled or specified as part of an unsupported transformation ordering
lld: warning: <unknown>:0:0: loop not unrolled: the optimizer was unable to perform the requested transformation; the transformation might be disabled or specified as part of an unsupported transformation ordering
lld: warning: <unknown>:0:0: loop not unrolled: the optimizer was unable to perform the requested transformation; the transformation might be disabled or specified as part of an unsupported transformation ordering
lld: warning: <unknown>:0:0: loop not unrolled: the optimizer was unable to perform the requested transformation; the transformation might be disabled or specified as part of an unsupported transformation ordering
lld: warning: <unknown>:0:0: loop not unrolled: the optimizer was unable to perform the requested transformation; the transformation might be disabled or specified as part of an unsupported transformation ordering
lld: warning: <unknown>:0:0: loop not unrolled: the optimizer was unable to perform the requested transformation; the transformation might be disabled or specified as part of an unsupported transformation ordering
lld: warning: <unknown>:0:0: loop not unrolled: the optimizer was unable to perform the requested transformation; the transformation might be disabled or specified as part of an unsupported transformation ordering
lld: warning: <unknown>:0:0: loop not unrolled: the optimizer was unable to perform the requested transformation; the transformation might be disabled or specified as part of an unsupported transformation ordering
lld: warning: <unknown>:0:0: loop not unrolled: the optimizer was unable to perform the requested transformation; the transformation might be disabled or specified as part of an unsupported transformation ordering
lld: warning: <unknown>:0:0: loop not unrolled: the optimizer was unable to perform the requested transformation; the transformation might be disabled or specified as part of an unsupported transformation ordering
lld: warning: <unknown>:0:0: loop not unrolled: the optimizer was unable to perform the requested transformation; the transformation might be disabled or specified as part of an unsupported transformation ordering
lld: warning: <unknown>:0:0: loop not unrolled: the optimizer was unable to perform the requested transformation; the transformation might be disabled or specified as part of an unsupported transformation ordering
lld: warning: <unknown>:0:0: loop not unrolled: the optimizer was unable to perform the requested transformation; the transformation might be disabled or specified as part of an unsupported transformation ordering
lld: warning: <unknown>:0:0: loop not unrolled: the optimizer was unable to perform the requested transformation; the transformation might be disabled or specified as part of an unsupported transformation ordering
lld: warning: <unknown>:0:0: loop not unrolled: the optimizer was unable to perform the requested transformation; the transformation might be disabled or specified as part of an unsupported transformation ordering
lld: warning: <unknown>:0:0: loop not unrolled: the optimizer was unable to perform the requested transformation; the transformation might be disabled or specified as part of an unsupported transformation ordering
lld: warning: <unknown>:0:0: loop not unrolled: the optimizer was unable to perform the requested transformation; the transformation might be disabled or specified as part of an unsupported transformation ordering
lld: warning: <unknown>:0:0: loop not unrolled: the optimizer was unable to perform the requested transformation; the transformation might be disabled or specified as part of an unsupported transformation ordering
lld: warning: <unknown>:0:0: loop not unrolled: the optimizer was unable to perform the requested transformation; the transformation might be disabled or specified as part of an unsupported transformation ordering
lld: warning: <unknown>:0:0: loop not unrolled: the optimizer was unable to perform the requested transformation; the transformation might be disabled or specified as part of an unsupported transformation ordering
lld: warning: <unknown>:0:0: loop not unrolled: the optimizer was unable to perform the requested transformation; the transformation might be disabled or specified as part of an unsupported transformation ordering
lld: warning: <unknown>:0:0: loop not unrolled: the optimizer was unable to perform the requested transformation; the transformation might be disabled or specified as part of an unsupported transformation ordering
lld: warning: <unknown>:0:0: loop not unrolled: the optimizer was unable to perform the requested transformation; the transformation might be disabled or specified as part of an unsupported transformation ordering
lld: warning: <unknown>:0:0: loop not unrolled: the optimizer was unable to perform the requested transformation; the transformation might be disabled or specified as part of an unsupported transformation ordering
lld: warning: <unknown>:0:0: loop not unrolled: the optimizer was unable to perform the requested transformation; the transformation might be disabled or specified as part of an unsupported transformation ordering
lld: warning: <unknown>:0:0: loop not unrolled: the optimizer was unable to perform the requested transformation; the transformation might be disabled or specified as part of an unsupported transformation ordering
lld: warning: <unknown>:0:0: loop not unrolled: the optimizer was unable to perform the requested transformation; the transformation might be disabled or specified as part of an unsupported transformation ordering
lld: warning: <unknown>:0:0: loop not unrolled: the optimizer was unable to perform the requested transformation; the transformation might be disabled or specified as part of an unsupported transformation ordering
[0m[38;5;3;1mIn file included from third_party/spdlog/include/spdlog/fmt/bundled/format.h:41,
                 from third_party/spdlog/include/spdlog/fmt/fmt.h:23,
                 from third_party/spdlog/include/spdlog/common.h:50,
                 from third_party/spdlog/include/spdlog/spdlog.h:12,
                 from include/infinicore/nn/../ops/../nn/module.hpp:6,
                 from include/infinicore/nn/../ops/../nn/rope.hpp:5,
                 from include/infinicore/nn/../ops/rope.hpp:5,
                 from include/infinicore/nn/../ops.hpp:76,
                 from include/infinicore/nn/rmsnorm.hpp:3,
                 from src/infinicore/nn/rmsnorm.cc:1:
In function 'constexpr OutputIt fmt::v11::detail::copy(InputIt, InputIt, OutputIt) [with T = char; InputIt = const char*; OutputIt = char*; typename std::enable_if<(! fmt::v11::detail::is_back_insert_iterator<OutputIt>::value), int>::type <anonymous> = 0]',
    inlined from 'constexpr void fmt::v11::detail::for_each_codepoint(fmt::v11::string_view, F) [with F = fmt::v11::detail::code_point_index(fmt::v11::string_view, size_t)::<lambda(uint32_t, fmt::v11::string_view)>]' at third_party/spdlog/include/spdlog/fmt/bundled/format.h:622:13,
    inlined from 'size_t fmt::v11::detail::code_point_index(fmt::v11::string_view, size_t)' at third_party/spdlog/include/spdlog/fmt/bundled/format.h:681:21,
    inlined from 'constexpr OutputIt fmt::v11::detail::write(OutputIt, fmt::v11::basic_string_view<Char>, const fmt::v11::format_specs&) [with Char = char; OutputIt = fmt::v11::basic_appender<char>]' at third_party/spdlog/include/spdlog/fmt/bundled/format.h:2119:28:
third_party/spdlog/include/spdlog/fmt/bundled/base.h:2061:31: warning: writing 8 bytes into a region of size 7 [-Wstringop-overflow=]
 2061 |   while (begin != end) *out++ = static_cast<T>(*begin++);[0m
[0m[38;5;2;1m[ 72%]:[0m cache compiling.release src/infinicore/ops/inner/inner.cc[0m
lld: warning: <unknown>:0:0: loop not unrolled: the optimizer was unable to perform the requested transformation; the transformation might be disabled or specified as part of an unsupported transformation ordering
lld: warning: <unknown>:0:0: loop not unrolled: the optimizer was unable to perform the requested transformation; the transformation might be disabled or specified as part of an unsupported transformation ordering
lld: warning: <unknown>:0:0: loop not unrolled: the optimizer was unable to perform the requested transformation; the transformation might be disabled or specified as part of an unsupported transformation ordering
lld: warning: <unknown>:0:0: loop not unrolled: the optimizer was unable to perform the requested transformation; the transformation might be disabled or specified as part of an unsupported transformation ordering
lld: warning: <unknown>:0:0: loop not unrolled: the optimizer was unable to perform the requested transformation; the transformation might be disabled or specified as part of an unsupported transformation ordering
lld: warning: <unknown>:0:0: loop not unrolled: the optimizer was unable to perform the requested transformation; the transformation might be disabled or specified as part of an unsupported transformation ordering
lld: warning: <unknown>:0:0: loop not unrolled: the optimizer was unable to perform the requested transformation; the transformation might be disabled or specified as part of an unsupported transformation ordering
lld: warning: <unknown>:0:0: loop not unrolled: the optimizer was unable to perform the requested transformation; the transformation might be disabled or specified as part of an unsupported transformation ordering
lld: warning: <unknown>:0:0: loop not unrolled: the optimizer was unable to perform the requested transformation; the transformation might be disabled or specified as part of an unsupported transformation ordering
lld: warning: <unknown>:0:0: loop not unrolled: the optimizer was unable to perform the requested transformation; the transformation might be disabled or specified as part of an unsupported transformation ordering
lld: warning: <unknown>:0:0: loop not unrolled: the optimizer was unable to perform the requested transformation; the transformation might be disabled or specified as part of an unsupported transformation ordering
lld: warning: <unknown>:0:0: loop not unrolled: the optimizer was unable to perform the requested transformation; the transformation might be disabled or specified as part of an unsupported transformation ordering
lld: warning: <unknown>:0:0: loop not unrolled: the optimizer was unable to perform the requested transformation; the transformation might be disabled or specified as part of an unsupported transformation ordering
lld: warning: <unknown>:0:0: loop not unrolled: the optimizer was unable to perform the requested transformation; the transformation might be disabled or specified as part of an unsupported transformation ordering
lld: warning: <unknown>:0:0: loop not unrolled: the optimizer was unable to perform the requested transformation; the transformation might be disabled or specified as part of an unsupported transformation ordering
lld: warning: <unknown>:0:0: loop not unrolled: the optimizer was unable to perform the requested transformation; the transformation might be disabled or specified as part of an unsupported transformation ordering
[0m[38;5;3;1mIn file included from third_party/spdlog/include/spdlog/fmt/bundled/format.h:41,
                 from third_party/spdlog/include/spdlog/fmt/fmt.h:23,
                 from third_party/spdlog/include/spdlog/common.h:50,
                 from third_party/spdlog/include/spdlog/spdlog.h:12,
                 from include/infinicore/nn/../ops/../nn/module.hpp:6,
                 from include/infinicore/nn/../ops/../nn/rope.hpp:5,
                 from include/infinicore/nn/../ops/rope.hpp:5,
                 from include/infinicore/nn/../ops.hpp:76,
                 from include/infinicore/nn/embedding.hpp:3,
                 from include/infinicore/nn.hpp:3,
                 from include/infinicore.hpp:5,
                 from src/infinicore/dtype.cc:1:
In function 'constexpr OutputIt fmt::v11::detail::copy(InputIt, InputIt, OutputIt) [with T = char; InputIt = const char*; OutputIt = char*; typename std::enable_if<(! fmt::v11::detail::is_back_insert_iterator<OutputIt>::value), int>::type <anonymous> = 0]',
    inlined from 'constexpr void fmt::v11::detail::for_each_codepoint(fmt::v11::string_view, F) [with F = fmt::v11::detail::code_point_index(fmt::v11::string_view, size_t)::<lambda(uint32_t, fmt::v11::string_view)>]' at third_party/spdlog/include/spdlog/fmt/bundled/format.h:622:13,
    inlined from 'size_t fmt::v11::detail::code_point_index(fmt::v11::string_view, size_t)' at third_party/spdlog/include/spdlog/fmt/bundled/format.h:681:21,
    inlined from 'constexpr OutputIt fmt::v11::detail::write(OutputIt, fmt::v11::basic_string_view<Char>, const fmt::v11::format_specs&) [with Char = char; OutputIt = fmt::v11::basic_appender<char>]' at third_party/spdlog/include/spdlog/fmt/bundled/format.h:2119:28:[0m
[0m[38;5;2;1m[ 72%]:[0m cache compiling.release src/infinicore/ops/inner/inner_infiniop.cc[0m
lld: warning: <unknown>:0:0: loop not unrolled: the optimizer was unable to perform the requested transformation; the transformation might be disabled or specified as part of an unsupported transformation ordering
lld: warning: <unknown>:0:0: loop not unrolled: the optimizer was unable to perform the requested transformation; the transformation might be disabled or specified as part of an unsupported transformation ordering
[0m[38;5;3;1mIn file included from third_party/spdlog/include/spdlog/fmt/bundled/format.h:41,
                 from third_party/spdlog/include/spdlog/fmt/fmt.h:23,
                 from third_party/spdlog/include/spdlog/common.h:50,
                 from third_party/spdlog/include/spdlog/spdlog.h:12,
                 from include/infinicore/nn/../ops/../nn/module.hpp:6,
                 from include/infinicore/nn/../ops/../nn/rope.hpp:5,
                 from include/infinicore/nn/../ops/rope.hpp:5,
                 from include/infinicore/nn/../ops.hpp:76,
                 from include/infinicore/nn/embedding.hpp:3,
                 from include/infinicore/nn.hpp:3,
                 from include/infinicore.hpp:5,
                 from src/infinicore/device.cc:4:
In function 'constexpr OutputIt fmt::v11::detail::copy(InputIt, InputIt, OutputIt) [with T = char; InputIt = const char*; OutputIt = char*; typename std::enable_if<(! fmt::v11::detail::is_back_insert_iterator<OutputIt>::value), int>::type <anonymous> = 0]',
    inlined from 'constexpr void fmt::v11::detail::for_each_codepoint(fmt::v11::string_view, F) [with F = fmt::v11::detail::code_point_index(fmt::v11::string_view, size_t)::<lambda(uint32_t, fmt::v11::string_view)>]' at third_party/spdlog/include/spdlog/fmt/bundled/format.h:622:13,
    inlined from 'size_t fmt::v11::detail::code_point_index(fmt::v11::string_view, size_t)' at third_party/spdlog/include/spdlog/fmt/bundled/format.h:681:21,
    inlined from 'constexpr OutputIt fmt::v11::detail::write(OutputIt, fmt::v11::basic_string_view<Char>, const fmt::v11::format_specs&) [with Char = char; OutputIt = fmt::v11::basic_appender<char>]' at third_party/spdlog/include/spdlog/fmt/bundled/format.h:2119:28:[0m
[0m[38;5;2;1m[ 72%]:[0m cache compiling.release src/infinicore/ops/interpolate/interpolate.cc[0m
lld: warning: <unknown>:0:0: loop not unrolled: the optimizer was unable to perform the requested transformation; the transformation might be disabled or specified as part of an unsupported transformation ordering
lld: warning: <unknown>:0:0: loop not unrolled: the optimizer was unable to perform the requested transformation; the transformation might be disabled or specified as part of an unsupported transformation ordering
lld: warning: <unknown>:0:0: loop not unrolled: the optimizer was unable to perform the requested transformation; the transformation might be disabled or specified as part of an unsupported transformation ordering
lld: warning: <unknown>:0:0: loop not unrolled: the optimizer was unable to perform the requested transformation; the transformation might be disabled or specified as part of an unsupported transformation ordering
lld: warning: <unknown>:0:0: loop not unrolled: the optimizer was unable to perform the requested transformation; the transformation might be disabled or specified as part of an unsupported transformation ordering
lld: warning: <unknown>:0:0: loop not unrolled: the optimizer was unable to perform the requested transformation; the transformation might be disabled or specified as part of an unsupported transformation ordering
lld: warning: <unknown>:0:0: loop not unrolled: the optimizer was unable to perform the requested transformation; the transformation might be disabled or specified as part of an unsupported transformation ordering
lld: warning: <unknown>:0:0: loop not unrolled: the optimizer was unable to perform the requested transformation; the transformation might be disabled or specified as part of an unsupported transformation ordering
[0m[38;5;2;1m[ 72%]:[0m cache compiling.release src/infinicore/ops/interpolate/interpolate_infiniop.cc[0m
lld: warning: <unknown>:0:0: loop not unrolled: the optimizer was unable to perform the requested transformation; the transformation might be disabled or specified as part of an unsupported transformation ordering
[0m[38;5;3;1mIn file included from third_party/spdlog/include/spdlog/fmt/bundled/format.h:41,
                 from third_party/spdlog/include/spdlog/fmt/fmt.h:23,
                 from third_party/spdlog/include/spdlog/common.h:50,
                 from third_party/spdlog/include/spdlog/spdlog.h:12,
                 from include/infinicore/nn/../ops/../nn/module.hpp:6,
                 from include/infinicore/nn/../ops/../nn/rope.hpp:5,
                 from include/infinicore/nn/../ops/rope.hpp:5,
                 from include/infinicore/nn/../ops.hpp:76,
                 from include/infinicore/nn/layer_norm.hpp:3,
                 from src/infinicore/nn/layer_norm.cc:1:
In function 'constexpr OutputIt fmt::v11::detail::copy(InputIt, InputIt, OutputIt) [with T = char; InputIt = const char*; OutputIt = char*; typename std::enable_if<(! fmt::v11::detail::is_back_insert_iterator<OutputIt>::value), int>::type <anonymous> = 0]',
    inlined from 'constexpr void fmt::v11::detail::for_each_codepoint(fmt::v11::string_view, F) [with F = fmt::v11::detail::code_point_index(fmt::v11::string_view, size_t)::<lambda(uint32_t, fmt::v11::string_view)>]' at third_party/spdlog/include/spdlog/fmt/bundled/format.h:622:13,
    inlined from 'size_t fmt::v11::detail::code_point_index(fmt::v11::string_view, size_t)' at third_party/spdlog/include/spdlog/fmt/bundled/format.h:681:21,
    inlined from 'constexpr OutputIt fmt::v11::detail::write(OutputIt, fmt::v11::basic_string_view<Char>, const fmt::v11::format_specs&) [with Char = char; OutputIt = fmt::v11::basic_appender<char>]' at third_party/spdlog/include/spdlog/fmt/bundled/format.h:2119:28:
third_party/spdlog/include/spdlog/fmt/bundled/base.h:2061:31: warning: writing 8 bytes into a region of size 7 [-Wstringop-overflow=]
 2061 |   while (begin != end) *out++ = static_cast<T>(*begin++);[0m
[0m[38;5;2;1m[ 73%]:[0m cache compiling.release src/infinicore/ops/kimi_delta_attention/kimi_delta_attention.cc[0m
lld: warning: <unknown>:0:0: loop not unrolled: the optimizer was unable to perform the requested transformation; the transformation might be disabled or specified as part of an unsupported transformation ordering
lld: warning: <unknown>:0:0: loop not unrolled: the optimizer was unable to perform the requested transformation; the transformation might be disabled or specified as part of an unsupported transformation ordering
lld: warning: <unknown>:0:0: loop not unrolled: the optimizer was unable to perform the requested transformation; the transformation might be disabled or specified as part of an unsupported transformation ordering
lld: warning: <unknown>:0:0: loop not unrolled: the optimizer was unable to perform the requested transformation; the transformation might be disabled or specified as part of an unsupported transformation ordering
lld: warning: <unknown>:0:0: loop not unrolled: the optimizer was unable to perform the requested transformation; the transformation might be disabled or specified as part of an unsupported transformation ordering
lld: warning: <unknown>:0:0: loop not unrolled: the optimizer was unable to perform the requested transformation; the transformation might be disabled or specified as part of an unsupported transformation ordering
lld: warning: <unknown>:0:0: loop not unrolled: the optimizer was unable to perform the requested transformation; the transformation might be disabled or specified as part of an unsupported transformation ordering
lld: warning: <unknown>:0:0: loop not unrolled: the optimizer was unable to perform the requested transformation; the transformation might be disabled or specified as part of an unsupported transformation ordering
lld: warning: <unknown>:0:0: loop not unrolled: the optimizer was unable to perform the requested transformation; the transformation might be disabled or specified as part of an unsupported transformation ordering
lld: warning: <unknown>:0:0: loop not unrolled: the optimizer was unable to perform the requested transformation; the transformation might be disabled or specified as part of an unsupported transformation ordering
lld: warning: <unknown>:0:0: loop not unrolled: the optimizer was unable to perform the requested transformation; the transformation might be disabled or specified as part of an unsupported transformation ordering
lld: warning: <unknown>:0:0: loop not unrolled: the optimizer was unable to perform the requested transformation; the transformation might be disabled or specified as part of an unsupported transformation ordering
[0m[38;5;2;1m[ 73%]:[0m cache compiling.release src/infinicore/ops/kimi_delta_attention/kimi_delta_attention_infiniop.cc[0m
[0m[38;5;3;1mIn file included from third_party/spdlog/include/spdlog/fmt/bundled/format.h:41,
                 from third_party/spdlog/include/spdlog/fmt/fmt.h:23,
                 from third_party/spdlog/include/spdlog/common.h:50,
                 from third_party/spdlog/include/spdlog/spdlog.h:12,
                 from include/infinicore/nn/../ops/../nn/module.hpp:6,
                 from include/infinicore/nn/../ops/../nn/rope.hpp:5,
                 from include/infinicore/nn/../ops/rope.hpp:5,
                 from include/infinicore/nn/../ops.hpp:76,
                 from include/infinicore/nn/embedding.hpp:3,
                 from include/infinicore/nn.hpp:3,
                 from include/infinicore.hpp:5,
                 from src/infinicore/device_event.cc:1:
In function 'constexpr OutputIt fmt::v11::detail::copy(InputIt, InputIt, OutputIt) [with T = char; InputIt = const char*; OutputIt = char*; typename std::enable_if<(! fmt::v11::detail::is_back_insert_iterator<OutputIt>::value), int>::type <anonymous> = 0]',
    inlined from 'constexpr void fmt::v11::detail::for_each_codepoint(fmt::v11::string_view, F) [with F = fmt::v11::detail::code_point_index(fmt::v11::string_view, size_t)::<lambda(uint32_t, fmt::v11::string_view)>]' at third_party/spdlog/include/spdlog/fmt/bundled/format.h:622:13,
    inlined from 'size_t fmt::v11::detail::code_point_index(fmt::v11::string_view, size_t)' at third_party/spdlog/include/spdlog/fmt/bundled/format.h:681:21,
    inlined from 'constexpr OutputIt fmt::v11::detail::write(OutputIt, fmt::v11::basic_string_view<Char>, const fmt::v11::format_specs&) [with Char = char; OutputIt = fmt::v11::basic_appender<char>]' at third_party/spdlog/include/spdlog/fmt/bundled/format.h:2119:28:[0m
[0m[38;5;2;1m[ 73%]:[0m cache compiling.release src/infinicore/ops/kron/kron.cc[0m
[0m[38;5;2;1m[ 73%]:[0m cache compiling.release src/infinicore/ops/kron/kron_infiniop.cc[0m
[0m[38;5;3;1mIn file included from third_party/spdlog/include/spdlog/fmt/bundled/format.h:41,
                 from third_party/spdlog/include/spdlog/fmt/fmt.h:23,
                 from third_party/spdlog/include/spdlog/common.h:50,
                 from third_party/spdlog/include/spdlog/cfg/helpers.h:6,
                 from third_party/spdlog/include/spdlog/cfg/env.h:5,
                 from src/infinicore/ops/causal_conv1d/../../utils.hpp:5,
                 from src/infinicore/ops/causal_conv1d/../infiniop_impl.hpp:3,
                 from src/infinicore/ops/causal_conv1d/causal_conv1d_infiniop.cc:3:
In function 'constexpr OutputIt fmt::v11::detail::copy(InputIt, InputIt, OutputIt) [with T = char; InputIt = const char*; OutputIt = char*; typename std::enable_if<(! fmt::v11::detail::is_back_insert_iterator<OutputIt>::value), int>::type <anonymous> = 0]',
    inlined from 'constexpr void fmt::v11::detail::for_each_codepoint(fmt::v11::string_view, F) [with F = fmt::v11::detail::code_point_index(fmt::v11::string_view, size_t)::<lambda(uint32_t, fmt::v11::string_view)>]' at third_party/spdlog/include/spdlog/fmt/bundled/format.h:622:13,
    inlined from 'size_t fmt::v11::detail::code_point_index(fmt::v11::string_view, size_t)' at third_party/spdlog/include/spdlog/fmt/bundled/format.h:681:21,
    inlined from 'constexpr OutputIt fmt::v11::detail::write(OutputIt, fmt::v11::basic_string_view<Char>, const fmt::v11::format_specs&) [with Char = char; OutputIt = fmt::v11::basic_appender<char>]' at third_party/spdlog/include/spdlog/fmt/bundled/format.h:2119:28:
third_party/spdlog/include/spdlog/fmt/bundled/base.h:2061:31: warning: writing 8 bytes into a region of size 7 [-Wstringop-overflow=]
 2061 |   while (begin != end) *out++ = static_cast<T>(*begin++);
      |                        ~~~~~~~^~~~~~~~~~~~~~~~~~~~~~~~~~
In file included from third_party/spdlog/include/spdlog/fmt/fmt.h:23,[0m
[0m[38;5;2;1m[ 73%]:[0m cache compiling.release src/infinicore/ops/kthvalue/kthvalue.cc[0m
[0m[38;5;2;1m[ 73%]:[0m cache compiling.release src/infinicore/ops/kthvalue/kthvalue_infiniop.cc[0m
[0m[38;5;2;1m[ 73%]:[0m cache compiling.release src/infinicore/ops/kv_caching/kv_caching.cc[0m
[0m[38;5;2;1m[ 73%]:[0m cache compiling.release src/infinicore/ops/kv_caching/kv_caching_infiniop.cc[0m
[0m[38;5;2;1m[ 73%]:[0m cache compiling.release src/infinicore/ops/layer_norm/layer_norm.cc[0m
[0m[38;5;2;1m[ 73%]:[0m cache compiling.release src/infinicore/ops/layer_norm/layer_norm_infiniop.cc[0m
[0m[38;5;3;1mIn file included from third_party/spdlog/include/spdlog/fmt/bundled/format.h:41,
                 from third_party/spdlog/include/spdlog/fmt/fmt.h:23,
                 from third_party/spdlog/include/spdlog/common.h:50,
                 from third_party/spdlog/include/spdlog/spdlog.h:12,
                 from include/infinicore/nn/../ops/../nn/module.hpp:6,
                 from include/infinicore/nn/../ops/../nn/rope.hpp:5,
                 from include/infinicore/nn/../ops/rope.hpp:5,
                 from include/infinicore/nn/../ops.hpp:76,
                 from include/infinicore/nn/embedding.hpp:3,
                 from src/infinicore/nn/embedding.cc:1:
In function 'constexpr OutputIt fmt::v11::detail::copy(InputIt, InputIt, OutputIt) [with T = char; InputIt = const char*; OutputIt = char*; typename std::enable_if<(! fmt::v11::detail::is_back_insert_iterator<OutputIt>::value), int>::type <anonymous> = 0]',
    inlined from 'constexpr void fmt::v11::detail::for_each_codepoint(fmt::v11::string_view, F) [with F = fmt::v11::detail::code_point_index(fmt::v11::string_view, size_t)::<lambda(uint32_t, fmt::v11::string_view)>]' at third_party/spdlog/include/spdlog/fmt/bundled/format.h:622:13,
    inlined from 'size_t fmt::v11::detail::code_point_index(fmt::v11::string_view, size_t)' at third_party/spdlog/include/spdlog/fmt/bundled/format.h:681:21,
    inlined from 'constexpr OutputIt fmt::v11::detail::write(OutputIt, fmt::v11::basic_string_view<Char>, const fmt::v11::format_specs&) [with Char = char; OutputIt = fmt::v11::basic_appender<char>]' at third_party/spdlog/include/spdlog/fmt/bundled/format.h:2119:28:
third_party/spdlog/include/spdlog/fmt/bundled/base.h:2061:31: warning: writing 8 bytes into a region of size 7 [-Wstringop-overflow=]
 2061 |   while (begin != end) *out++ = static_cast<T>(*begin++);[0m
[0m[38;5;2;1m[ 74%]:[0m cache compiling.release src/infinicore/ops/ldexp/ldexp.cc[0m
[0m[38;5;2;1m[ 74%]:[0m cache compiling.release src/infinicore/ops/ldexp/ldexp_infiniop.cc[0m
[0m[38;5;2;1m[ 74%]:[0m cache compiling.release src/infinicore/ops/lerp/lerp.cc[0m
[0m[38;5;2;1m[ 74%]:[0m cache compiling.release src/infinicore/ops/lerp/lerp_infiniop.cc[0m
[0m[38;5;2;1m[ 74%]:[0m cache compiling.release src/infinicore/ops/linear/linear.cc[0m
[0m[38;5;3;1mIn file included from third_party/spdlog/include/spdlog/fmt/bundled/format.h:41,
                 from third_party/spdlog/include/spdlog/fmt/fmt.h:23,
                 from third_party/spdlog/include/spdlog/common.h:50,
                 from third_party/spdlog/include/spdlog/cfg/helpers.h:6,
                 from third_party/spdlog/include/spdlog/cfg/env.h:5,
                 from src/infinicore/ops/floor_divide/../../utils.hpp:5,
                 from src/infinicore/ops/floor_divide/floor_divide_infiniop.cc:1:
In function 'constexpr OutputIt fmt::v11::detail::copy(InputIt, InputIt, OutputIt) [with T = char; InputIt = const char*; OutputIt = char*; typename std::enable_if<(! fmt::v11::detail::is_back_insert_iterator<OutputIt>::value), int>::type <anonymous> = 0]',
    inlined from 'constexpr void fmt::v11::detail::for_each_codepoint(fmt::v11::string_view, F) [with F = fmt::v11::detail::code_point_index(fmt::v11::string_view, size_t)::<lambda(uint32_t, fmt::v11::string_view)>]' at third_party/spdlog/include/spdlog/fmt/bundled/format.h:622:13,
    inlined from 'size_t fmt::v11::detail::code_point_index(fmt::v11::string_view, size_t)' at third_party/spdlog/include/spdlog/fmt/bundled/format.h:681:21,
    inlined from 'constexpr OutputIt fmt::v11::detail::write(OutputIt, fmt::v11::basic_string_view<Char>, const fmt::v11::format_specs&) [with Char = char; OutputIt = fmt::v11::basic_appender<char>]' at third_party/spdlog/include/spdlog/fmt/bundled/format.h:2119:28:
third_party/spdlog/include/spdlog/fmt/bundled/base.h:2061:31: warning: writing 8 bytes into a region of size 7 [-Wstringop-overflow=]
 2061 |   while (begin != end) *out++ = static_cast<T>(*begin++);
      |                        ~~~~~~~^~~~~~~~~~~~~~~~~~~~~~~~~~
In file included from third_party/spdlog/include/spdlog/fmt/fmt.h:23,
                 from third_party/spdlog/include/spdlog/common.h:50,[0m
[0m[38;5;2;1m[ 74%]:[0m cache compiling.release src/infinicore/ops/linear_allreduce/linear_allreduce.cc[0m
[0m[38;5;3;1mIn file included from third_party/spdlog/include/spdlog/fmt/bundled/format.h:41,
                 from third_party/spdlog/include/spdlog/fmt/fmt.h:23,
                 from third_party/spdlog/include/spdlog/common.h:50,
                 from third_party/spdlog/include/spdlog/cfg/helpers.h:6,
                 from third_party/spdlog/include/spdlog/cfg/env.h:5,
                 from src/infinicore/ops/dist/../../utils.hpp:5,
                 from src/infinicore/ops/dist/../infiniop_impl.hpp:3,
                 from src/infinicore/ops/dist/dist_infiniop.cc:3:
In function 'constexpr OutputIt fmt::v11::detail::copy(InputIt, InputIt, OutputIt) [with T = char; InputIt = const char*; OutputIt = char*; typename std::enable_if<(! fmt::v11::detail::is_back_insert_iterator<OutputIt>::value), int>::type <anonymous> = 0]',
    inlined from 'constexpr void fmt::v11::detail::for_each_codepoint(fmt::v11::string_view, F) [with F = fmt::v11::detail::code_point_index(fmt::v11::string_view, size_t)::<lambda(uint32_t, fmt::v11::string_view)>]' at third_party/spdlog/include/spdlog/fmt/bundled/format.h:622:13,
    inlined from 'size_t fmt::v11::detail::code_point_index(fmt::v11::string_view, size_t)' at third_party/spdlog/include/spdlog/fmt/bundled/format.h:681:21,
    inlined from 'constexpr OutputIt fmt::v11::detail::write(OutputIt, fmt::v11::basic_string_view<Char>, const fmt::v11::format_specs&) [with Char = char; OutputIt = fmt::v11::basic_appender<char>]' at third_party/spdlog/include/spdlog/fmt/bundled/format.h:2119:28:
third_party/spdlog/include/spdlog/fmt/bundled/base.h:2061:31: warning: writing 8 bytes into a region of size 7 [-Wstringop-overflow=]
 2061 |   while (begin != end) *out++ = static_cast<T>(*begin++);
      |                        ~~~~~~~^~~~~~~~~~~~~~~~~~~~~~~~~~
In file included from third_party/spdlog/include/spdlog/fmt/fmt.h:23,[0m
[0m[38;5;2;1m[ 74%]:[0m cache compiling.release src/infinicore/ops/linear_allreduce/linear_allreduce_infiniop.cc[0m
[0m[38;5;2;1m[ 74%]:[0m cache compiling.release src/infinicore/ops/linear_mxfp4/linear_mxfp4.cc[0m
[0m[38;5;3;1mIn file included from third_party/spdlog/include/spdlog/fmt/bundled/format.h:41,
                 from third_party/spdlog/include/spdlog/fmt/fmt.h:23,
                 from third_party/spdlog/include/spdlog/common.h:50,
                 from third_party/spdlog/include/spdlog/cfg/helpers.h:6,
                 from third_party/spdlog/include/spdlog/cfg/env.h:5,
                 from src/infinicore/ops/broadcast_to/../../utils.hpp:5,
                 from src/infinicore/ops/broadcast_to/../infiniop_impl.hpp:3,
                 from src/infinicore/ops/broadcast_to/broadcast_to_infiniop.cc:1:
In function 'constexpr OutputIt fmt::v11::detail::copy(InputIt, InputIt, OutputIt) [with T = char; InputIt = const char*; OutputIt = char*; typename std::enable_if<(! fmt::v11::detail::is_back_insert_iterator<OutputIt>::value), int>::type <anonymous> = 0]',
    inlined from 'constexpr void fmt::v11::detail::for_each_codepoint(fmt::v11::string_view, F) [with F = fmt::v11::detail::code_point_index(fmt::v11::string_view, size_t)::<lambda(uint32_t, fmt::v11::string_view)>]' at third_party/spdlog/include/spdlog/fmt/bundled/format.h:622:13,
    inlined from 'size_t fmt::v11::detail::code_point_index(fmt::v11::string_view, size_t)' at third_party/spdlog/include/spdlog/fmt/bundled/format.h:681:21,
    inlined from 'constexpr OutputIt fmt::v11::detail::write(OutputIt, fmt::v11::basic_string_view<Char>, const fmt::v11::format_specs&) [with Char = char; OutputIt = fmt::v11::basic_appender<char>]' at third_party/spdlog/include/spdlog/fmt/bundled/format.h:2119:28:
third_party/spdlog/include/spdlog/fmt/bundled/base.h:2061:31: warning: writing 8 bytes into a region of size 7 [-Wstringop-overflow=]
 2061 |   while (begin != end) *out++ = static_cast<T>(*begin++);
      |                        ~~~~~~~^~~~~~~~~~~~~~~~~~~~~~~~~~
In file included from third_party/spdlog/include/spdlog/fmt/fmt.h:23,[0m
[0m[38;5;2;1m[ 74%]:[0m cache compiling.release src/infinicore/ops/linear_mxfp4/linear_mxfp4_infiniop.cc[0m
[0m[38;5;2;1m[ 75%]:[0m cache compiling.release src/infinicore/ops/linear_w4a16_awq/linear_w4a16_awq.cc[0m
[0m[38;5;2;1m[ 75%]:[0m cache compiling.release src/infinicore/ops/linear_w4a16_gptq_qy/linear_w4a16_gptq_qy.cc[0m
[0m[38;5;3;1mIn file included from third_party/spdlog/include/spdlog/fmt/bundled/format.h:41,
                 from third_party/spdlog/include/spdlog/fmt/fmt.h:23,
                 from third_party/spdlog/include/spdlog/common.h:50,
                 from third_party/spdlog/include/spdlog/cfg/helpers.h:6,
                 from third_party/spdlog/include/spdlog/cfg/env.h:5,
                 from src/infinicore/ops/add_rms_norm/../../utils.hpp:5,
                 from src/infinicore/ops/add_rms_norm/../infiniop_impl.hpp:3,
                 from src/infinicore/ops/add_rms_norm/add_rms_norm_infiniop.cc:3:
In function 'constexpr OutputIt fmt::v11::detail::copy(InputIt, InputIt, OutputIt) [with T = char; InputIt = const char*; OutputIt = char*; typename std::enable_if<(! fmt::v11::detail::is_back_insert_iterator<OutputIt>::value), int>::type <anonymous> = 0]',
    inlined from 'constexpr void fmt::v11::detail::for_each_codepoint(fmt::v11::string_view, F) [with F = fmt::v11::detail::code_point_index(fmt::v11::string_view, size_t)::<lambda(uint32_t, fmt::v11::string_view)>]' at third_party/spdlog/include/spdlog/fmt/bundled/format.h:622:13,
    inlined from 'size_t fmt::v11::detail::code_point_index(fmt::v11::string_view, size_t)' at third_party/spdlog/include/spdlog/fmt/bundled/format.h:681:21,
    inlined from 'constexpr OutputIt fmt::v11::detail::write(OutputIt, fmt::v11::basic_string_view<Char>, const fmt::v11::format_specs&) [with Char = char; OutputIt = fmt::v11::basic_appender<char>]' at third_party/spdlog/include/spdlog/fmt/bundled/format.h:2119:28:
third_party/spdlog/include/spdlog/fmt/bundled/base.h:2061:31: warning: writing 8 bytes into a region of size 7 [-Wstringop-overflow=]
 2061 |   while (begin != end) *out++ = static_cast<T>(*begin++);
      |                        ~~~~~~~^~~~~~~~~~~~~~~~~~~~~~~~~~
In file included from third_party/spdlog/include/spdlog/fmt/fmt.h:23,[0m
[0m[38;5;2;1m[ 75%]:[0m cache compiling.release src/infinicore/ops/linear_w8a8i8/linear_w8a8i8.cc[0m
[0m[38;5;3;1mIn file included from third_party/spdlog/include/spdlog/fmt/bundled/format.h:41,
                 from third_party/spdlog/include/spdlog/fmt/fmt.h:23,
                 from third_party/spdlog/include/spdlog/common.h:50,
                 from third_party/spdlog/include/spdlog/cfg/helpers.h:6,
                 from third_party/spdlog/include/spdlog/cfg/env.h:5,
                 from src/infinicore/ops/fp8_indexer_quant/../../utils.hpp:5,
                 from src/infinicore/ops/fp8_indexer_quant/../infiniop_impl.hpp:3,
                 from src/infinicore/ops/fp8_indexer_quant/fused_fp8_indexer_infiniop.cc:1:
In function 'constexpr OutputIt fmt::v11::detail::copy(InputIt, InputIt, OutputIt) [with T = char; InputIt = const char*; OutputIt = char*; typename std::enable_if<(! fmt::v11::detail::is_back_insert_iterator<OutputIt>::value), int>::type <anonymous> = 0]',
    inlined from 'constexpr void fmt::v11::detail::for_each_codepoint(fmt::v11::string_view, F) [with F = fmt::v11::detail::code_point_index(fmt::v11::string_view, size_t)::<lambda(uint32_t, fmt::v11::string_view)>]' at third_party/spdlog/include/spdlog/fmt/bundled/format.h:622:13,
    inlined from 'size_t fmt::v11::detail::code_point_index(fmt::v11::string_view, size_t)' at third_party/spdlog/include/spdlog/fmt/bundled/format.h:681:21,
    inlined from 'constexpr OutputIt fmt::v11::detail::write(OutputIt, fmt::v11::basic_string_view<Char>, const fmt::v11::format_specs&) [with Char = char; OutputIt = fmt::v11::basic_appender<char>]' at third_party/spdlog/include/spdlog/fmt/bundled/format.h:2119:28:
third_party/spdlog/include/spdlog/fmt/bundled/base.h:2061:31: warning: writing 8 bytes into a region of size 7 [-Wstringop-overflow=]
 2061 |   while (begin != end) *out++ = static_cast<T>(*begin++);
      |                        ~~~~~~~^~~~~~~~~~~~~~~~~~~~~~~~~~
In file included from third_party/spdlog/include/spdlog/fmt/fmt.h:23,[0m
[0m[38;5;2;1m[ 75%]:[0m cache compiling.release src/infinicore/ops/log_softmax/log_softmax.cc[0m
[0m[38;5;2;1m[ 75%]:[0m cache compiling.release src/infinicore/ops/log_softmax/log_softmax_infiniop.cc[0m
[0m[38;5;2;1m[ 75%]:[0m cache compiling.release src/infinicore/ops/logaddexp/logaddexp.cc[0m
[0m[38;5;3;1mIn file included from third_party/spdlog/include/spdlog/fmt/bundled/format.h:41,
                 from third_party/spdlog/include/spdlog/fmt/fmt.h:23,
                 from third_party/spdlog/include/spdlog/common.h:50,
                 from third_party/spdlog/include/spdlog/cfg/helpers.h:6,
                 from third_party/spdlog/include/spdlog/cfg/env.h:5,
                 from src/infinicore/ops/fmod/../../utils.hpp:5,
                 from src/infinicore/ops/fmod/fmod_infiniop.cc:1:
In function 'constexpr OutputIt fmt::v11::detail::copy(InputIt, InputIt, OutputIt) [with T = char; InputIt = const char*; OutputIt = char*; typename std::enable_if<(! fmt::v11::detail::is_back_insert_iterator<OutputIt>::value), int>::type <anonymous> = 0]',
    inlined from 'constexpr void fmt::v11::detail::for_each_codepoint(fmt::v11::string_view, F) [with F = fmt::v11::detail::code_point_index(fmt::v11::string_view, size_t)::<lambda(uint32_t, fmt::v11::string_view)>]' at third_party/spdlog/include/spdlog/fmt/bundled/format.h:622:13,
    inlined from 'size_t fmt::v11::detail::code_point_index(fmt::v11::string_view, size_t)' at third_party/spdlog/include/spdlog/fmt/bundled/format.h:681:21,
    inlined from 'constexpr OutputIt fmt::v11::detail::write(OutputIt, fmt::v11::basic_string_view<Char>, const fmt::v11::format_specs&) [with Char = char; OutputIt = fmt::v11::basic_appender<char>]' at third_party/spdlog/include/spdlog/fmt/bundled/format.h:2119:28:
third_party/spdlog/include/spdlog/fmt/bundled/base.h:2061:31: warning: writing 8 bytes into a region of size 7 [-Wstringop-overflow=]
 2061 |   while (begin != end) *out++ = static_cast<T>(*begin++);
      |                        ~~~~~~~^~~~~~~~~~~~~~~~~~~~~~~~~~
In file included from third_party/spdlog/include/spdlog/fmt/fmt.h:23,
                 from third_party/spdlog/include/spdlog/common.h:50,[0m
[0m[38;5;2;1m[ 75%]:[0m cache compiling.release src/infinicore/ops/logaddexp/logaddexp_infiniop.cc[0m
[0m[38;5;2;1m[ 75%]:[0m cache compiling.release src/infinicore/ops/logaddexp2/logaddxep2.cc[0m
[0m[38;5;2;1m[ 75%]:[0m cache compiling.release src/infinicore/ops/logaddexp2/logaddxep2_infiniop.cc[0m
[0m[38;5;3;1mIn file included from third_party/spdlog/include/spdlog/fmt/bundled/format.h:41,
                 from third_party/spdlog/include/spdlog/fmt/fmt.h:23,
                 from third_party/spdlog/include/spdlog/common.h:50,
                 from third_party/spdlog/include/spdlog/cfg/helpers.h:6,
                 from third_party/spdlog/include/spdlog/cfg/env.h:5,
                 from src/infinicore/ops/adaptive_avg_pool1d/../../utils.hpp:5,
                 from src/infinicore/ops/adaptive_avg_pool1d/adaptive_avg_pool1d_infiniop.cc:1:
In function 'constexpr OutputIt fmt::v11::detail::copy(InputIt, InputIt, OutputIt) [with T = char; InputIt = const char*; OutputIt = char*; typename std::enable_if<(! fmt::v11::detail::is_back_insert_iterator<OutputIt>::value), int>::type <anonymous> = 0]',
    inlined from 'constexpr void fmt::v11::detail::for_each_codepoint(fmt::v11::string_view, F) [with F = fmt::v11::detail::code_point_index(fmt::v11::string_view, size_t)::<lambda(uint32_t, fmt::v11::string_view)>]' at third_party/spdlog/include/spdlog/fmt/bundled/format.h:622:13,
    inlined from 'size_t fmt::v11::detail::code_point_index(fmt::v11::string_view, size_t)' at third_party/spdlog/include/spdlog/fmt/bundled/format.h:681:21,
    inlined from 'constexpr OutputIt fmt::v11::detail::write(OutputIt, fmt::v11::basic_string_view<Char>, const fmt::v11::format_specs&) [with Char = char; OutputIt = fmt::v11::basic_appender<char>]' at third_party/spdlog/include/spdlog/fmt/bundled/format.h:2119:28:
third_party/spdlog/include/spdlog/fmt/bundled/base.h:2061:31: warning: writing 8 bytes into a region of size 7 [-Wstringop-overflow=]
 2061 |   while (begin != end) *out++ = static_cast<T>(*begin++);
      |                        ~~~~~~~^~~~~~~~~~~~~~~~~~~~~~~~~~
In file included from third_party/spdlog/include/spdlog/fmt/fmt.h:23,
                 from third_party/spdlog/include/spdlog/common.h:50,[0m
[0m[38;5;2;1m[ 75%]:[0m cache compiling.release src/infinicore/ops/logcumsumexp/logcumsumexp.cc[0m
[0m[38;5;3;1mIn file included from third_party/spdlog/include/spdlog/fmt/bundled/format.h:41,
                 from third_party/spdlog/include/spdlog/fmt/fmt.h:23,
                 from third_party/spdlog/include/spdlog/common.h:50,
                 from third_party/spdlog/include/spdlog/spdlog.h:12,
                 from include/infinicore/ops/../nn/module.hpp:6,
                 from include/infinicore/ops/../nn/rope.hpp:5,
                 from include/infinicore/ops/rope.hpp:5,
                 from include/infinicore/ops.hpp:76,
                 from src/infinicore/tensor/copy.cc:3:
In function 'constexpr OutputIt fmt::v11::detail::copy(InputIt, InputIt, OutputIt) [with T = char; InputIt = const char*; OutputIt = char*; typename std::enable_if<(! fmt::v11::detail::is_back_insert_iterator<OutputIt>::value), int>::type <anonymous> = 0]',
    inlined from 'constexpr void fmt::v11::detail::for_each_codepoint(fmt::v11::string_view, F) [with F = fmt::v11::detail::code_point_index(fmt::v11::string_view, size_t)::<lambda(uint32_t, fmt::v11::string_view)>]' at third_party/spdlog/include/spdlog/fmt/bundled/format.h:622:13,
    inlined from 'size_t fmt::v11::detail::code_point_index(fmt::v11::string_view, size_t)' at third_party/spdlog/include/spdlog/fmt/bundled/format.h:681:21,
    inlined from 'constexpr OutputIt fmt::v11::detail::write(OutputIt, fmt::v11::basic_string_view<Char>, const fmt::v11::format_specs&) [with Char = char; OutputIt = fmt::v11::basic_appender<char>]' at third_party/spdlog/include/spdlog/fmt/bundled/format.h:2119:28:
third_party/spdlog/include/spdlog/fmt/bundled/base.h:2061:31: warning: writing 8 bytes into a region of size 7 [-Wstringop-overflow=]
 2061 |   while (begin != end) *out++ = static_cast<T>(*begin++);
      |                        ~~~~~~~^~~~~~~~~~~~~~~~~~~~~~~~~~[0m
[0m[38;5;2;1m[ 76%]:[0m cache compiling.release src/infinicore/ops/logcumsumexp/logcumsumexp_infiniop.cc[0m
[0m[38;5;3;1mIn file included from third_party/spdlog/include/spdlog/fmt/bundled/format.h:41,
                 from third_party/spdlog/include/spdlog/fmt/fmt.h:23,
                 from third_party/spdlog/include/spdlog/common.h:50,
                 from third_party/spdlog/include/spdlog/cfg/helpers.h:6,
                 from third_party/spdlog/include/spdlog/cfg/env.h:5,
                 from src/infinicore/ops/adaptive_avg_pool3d/../../utils.hpp:5,
                 from src/infinicore/ops/adaptive_avg_pool3d/adaptive_avg_pool3d_infiniop.cc:1:
In function 'constexpr OutputIt fmt::v11::detail::copy(InputIt, InputIt, OutputIt) [with T = char; InputIt = const char*; OutputIt = char*; typename std::enable_if<(! fmt::v11::detail::is_back_insert_iterator<OutputIt>::value), int>::type <anonymous> = 0]',
    inlined from 'constexpr void fmt::v11::detail::for_each_codepoint(fmt::v11::string_view, F) [with F = fmt::v11::detail::code_point_index(fmt::v11::string_view, size_t)::<lambda(uint32_t, fmt::v11::string_view)>]' at third_party/spdlog/include/spdlog/fmt/bundled/format.h:622:13,
    inlined from 'size_t fmt::v11::detail::code_point_index(fmt::v11::string_view, size_t)' at third_party/spdlog/include/spdlog/fmt/bundled/format.h:681:21,
    inlined from 'constexpr OutputIt fmt::v11::detail::write(OutputIt, fmt::v11::basic_string_view<Char>, const fmt::v11::format_specs&) [with Char = char; OutputIt = fmt::v11::basic_appender<char>]' at third_party/spdlog/include/spdlog/fmt/bundled/format.h:2119:28:
third_party/spdlog/include/spdlog/fmt/bundled/base.h:2061:31: warning: writing 8 bytes into a region of size 7 [-Wstringop-overflow=]
 2061 |   while (begin != end) *out++ = static_cast<T>(*begin++);
      |                        ~~~~~~~^~~~~~~~~~~~~~~~~~~~~~~~~~
In file included from third_party/spdlog/include/spdlog/fmt/fmt.h:23,
                 from third_party/spdlog/include/spdlog/common.h:50,[0m
[0m[38;5;2;1m[ 76%]:[0m cache compiling.release src/infinicore/ops/logdet/logdet.cc[0m
[0m[38;5;2;1m[ 76%]:[0m cache compiling.release src/infinicore/ops/logdet/logdet_infiniop.cc[0m
[0m[38;5;3;1mIn file included from third_party/spdlog/include/spdlog/fmt/bundled/format.h:41,
                 from third_party/spdlog/include/spdlog/fmt/fmt.h:23,
                 from third_party/spdlog/include/spdlog/common.h:50,
                 from third_party/spdlog/include/spdlog/cfg/helpers.h:6,
                 from third_party/spdlog/include/spdlog/cfg/env.h:5,
                 from src/infinicore/ops/blas_amax/../../utils.hpp:5,
                 from src/infinicore/ops/blas_amax/../infiniop_impl.hpp:3,
                 from src/infinicore/ops/blas_amax/blas_amax_infiniop.cc:3:
In function 'constexpr OutputIt fmt::v11::detail::copy(InputIt, InputIt, OutputIt) [with T = char; InputIt = const char*; OutputIt = char*; typename std::enable_if<(! fmt::v11::detail::is_back_insert_iterator<OutputIt>::value), int>::type <anonymous> = 0]',
    inlined from 'constexpr void fmt::v11::detail::for_each_codepoint(fmt::v11::string_view, F) [with F = fmt::v11::detail::code_point_index(fmt::v11::string_view, size_t)::<lambda(uint32_t, fmt::v11::string_view)>]' at third_party/spdlog/include/spdlog/fmt/bundled/format.h:622:13,
    inlined from 'size_t fmt::v11::detail::code_point_index(fmt::v11::string_view, size_t)' at third_party/spdlog/include/spdlog/fmt/bundled/format.h:681:21,
    inlined from 'constexpr OutputIt fmt::v11::detail::write(OutputIt, fmt::v11::basic_string_view<Char>, const fmt::v11::format_specs&) [with Char = char; OutputIt = fmt::v11::basic_appender<char>]' at third_party/spdlog/include/spdlog/fmt/bundled/format.h:2119:28:
third_party/spdlog/include/spdlog/fmt/bundled/base.h:2061:31: warning: writing 8 bytes into a region of size 7 [-Wstringop-overflow=]
 2061 |   while (begin != end) *out++ = static_cast<T>(*begin++);
      |                        ~~~~~~~^~~~~~~~~~~~~~~~~~~~~~~~~~
In file included from third_party/spdlog/include/spdlog/fmt/fmt.h:23,[0m
[0m[38;5;2;1m[ 76%]:[0m cache compiling.release src/infinicore/ops/logical_and/logical_and.cc[0m
[0m[38;5;3;1mIn file included from third_party/spdlog/include/spdlog/fmt/bundled/format.h:41,
                 from third_party/spdlog/include/spdlog/fmt/fmt.h:23,
                 from third_party/spdlog/include/spdlog/common.h:50,
                 from third_party/spdlog/include/spdlog/cfg/helpers.h:6,
                 from third_party/spdlog/include/spdlog/cfg/env.h:5,
                 from src/infinicore/ops/blas_amin/../../utils.hpp:5,
                 from src/infinicore/ops/blas_amin/../infiniop_impl.hpp:3,
                 from src/infinicore/ops/blas_amin/blas_amin_infiniop.cc:3:
In function 'constexpr OutputIt fmt::v11::detail::copy(InputIt, InputIt, OutputIt) [with T = char; InputIt = const char*; OutputIt = char*; typename std::enable_if<(! fmt::v11::detail::is_back_insert_iterator<OutputIt>::value), int>::type <anonymous> = 0]',
    inlined from 'constexpr void fmt::v11::detail::for_each_codepoint(fmt::v11::string_view, F) [with F = fmt::v11::detail::code_point_index(fmt::v11::string_view, size_t)::<lambda(uint32_t, fmt::v11::string_view)>]' at third_party/spdlog/include/spdlog/fmt/bundled/format.h:622:13,
    inlined from 'size_t fmt::v11::detail::code_point_index(fmt::v11::string_view, size_t)' at third_party/spdlog/include/spdlog/fmt/bundled/format.h:681:21,
    inlined from 'constexpr OutputIt fmt::v11::detail::write(OutputIt, fmt::v11::basic_string_view<Char>, const fmt::v11::format_specs&) [with Char = char; OutputIt = fmt::v11::basic_appender<char>]' at third_party/spdlog/include/spdlog/fmt/bundled/format.h:2119:28:
third_party/spdlog/include/spdlog/fmt/bundled/base.h:2061:31: warning: writing 8 bytes into a region of size 7 [-Wstringop-overflow=]
 2061 |   while (begin != end) *out++ = static_cast<T>(*begin++);
      |                        ~~~~~~~^~~~~~~~~~~~~~~~~~~~~~~~~~
In file included from third_party/spdlog/include/spdlog/fmt/fmt.h:23,[0m
[0m[38;5;2;1m[ 76%]:[0m cache compiling.release src/infinicore/ops/logical_and/logical_and_cpu.cc[0m
[0m[38;5;3;1mIn file included from third_party/spdlog/include/spdlog/fmt/bundled/format.h:41,
                 from third_party/spdlog/include/spdlog/fmt/fmt.h:23,
                 from third_party/spdlog/include/spdlog/common.h:50,
                 from third_party/spdlog/include/spdlog/cfg/helpers.h:6,
                 from third_party/spdlog/include/spdlog/cfg/env.h:5,
                 from src/infinicore/ops/fused_gated_delta_net_gating/../../utils.hpp:5,
                 from src/infinicore/ops/fused_gated_delta_net_gating/../infiniop_impl.hpp:3,
                 from src/infinicore/ops/fused_gated_delta_net_gating/fused_gated_delta_net_gating_infiniop.cc:3:
In function 'constexpr OutputIt fmt::v11::detail::copy(InputIt, InputIt, OutputIt) [with T = char; InputIt = const char*; OutputIt = char*; typename std::enable_if<(! fmt::v11::detail::is_back_insert_iterator<OutputIt>::value), int>::type <anonymous> = 0]',
    inlined from 'constexpr void fmt::v11::detail::for_each_codepoint(fmt::v11::string_view, F) [with F = fmt::v11::detail::code_point_index(fmt::v11::string_view, size_t)::<lambda(uint32_t, fmt::v11::string_view)>]' at third_party/spdlog/include/spdlog/fmt/bundled/format.h:622:13,
    inlined from 'size_t fmt::v11::detail::code_point_index(fmt::v11::string_view, size_t)' at third_party/spdlog/include/spdlog/fmt/bundled/format.h:681:21,
    inlined from 'constexpr OutputIt fmt::v11::detail::write(OutputIt, fmt::v11::basic_string_view<Char>, const fmt::v11::format_specs&) [with Char = char; OutputIt = fmt::v11::basic_appender<char>]' at third_party/spdlog/include/spdlog/fmt/bundled/format.h:2119:28:
third_party/spdlog/include/spdlog/fmt/bundled/base.h:2061:31: warning: writing 8 bytes into a region of size 7 [-Wstringop-overflow=]
 2061 |   while (begin != end) *out++ = static_cast<T>(*begin++);
      |                        ~~~~~~~^~~~~~~~~~~~~~~~~~~~~~~~~~
In file included from third_party/spdlog/include/spdlog/fmt/fmt.h:23,[0m
[0m[38;5;2;1m[ 76%]:[0m cache compiling.release src/infinicore/ops/logical_not/logical_not.cc[0m
[0m[38;5;2;1m[ 76%]:[0m cache compiling.release src/infinicore/ops/logical_not/logical_not_cpu.cc[0m
[0m[38;5;2;1m[ 76%]:[0m cache compiling.release src/infinicore/ops/mamba_selective_scan/mamba_selective_scan.cc[0m
[0m[38;5;2;1m[ 76%]:[0m cache compiling.release src/infinicore/ops/mamba_selective_scan/mamba_selective_scan_infiniop.cc[0m
[0m[38;5;2;1m[ 76%]:[0m cache compiling.release src/infinicore/ops/masked_select/masked_select.cc[0m
[0m[38;5;3;1mIn file included from third_party/spdlog/include/spdlog/fmt/bundled/format.h:41,
                 from third_party/spdlog/include/spdlog/fmt/fmt.h:23,
                 from third_party/spdlog/include/spdlog/common.h:50,
                 from third_party/spdlog/include/spdlog/cfg/helpers.h:6,
                 from third_party/spdlog/include/spdlog/cfg/env.h:5,
                 from src/infinicore/ops/flipud/../../utils.hpp:5,
                 from src/infinicore/ops/flipud/flipud_infiniop.cc:1:
In function 'constexpr OutputIt fmt::v11::detail::copy(InputIt, InputIt, OutputIt) [with T = char; InputIt = const char*; OutputIt = char*; typename std::enable_if<(! fmt::v11::detail::is_back_insert_iterator<OutputIt>::value), int>::type <anonymous> = 0]',
    inlined from 'constexpr void fmt::v11::detail::for_each_codepoint(fmt::v11::string_view, F) [with F = fmt::v11::detail::code_point_index(fmt::v11::string_view, size_t)::<lambda(uint32_t, fmt::v11::string_view)>]' at third_party/spdlog/include/spdlog/fmt/bundled/format.h:622:13,
    inlined from 'size_t fmt::v11::detail::code_point_index(fmt::v11::string_view, size_t)' at third_party/spdlog/include/spdlog/fmt/bundled/format.h:681:21,
    inlined from 'constexpr OutputIt fmt::v11::detail::write(OutputIt, fmt::v11::basic_string_view<Char>, const fmt::v11::format_specs&) [with Char = char; OutputIt = fmt::v11::basic_appender<char>]' at third_party/spdlog/include/spdlog/fmt/bundled/format.h:2119:28:
third_party/spdlog/include/spdlog/fmt/bundled/base.h:2061:31: warning: writing 8 bytes into a region of size 7 [-Wstringop-overflow=]
 2061 |   while (begin != end) *out++ = static_cast<T>(*begin++);
      |                        ~~~~~~~^~~~~~~~~~~~~~~~~~~~~~~~~~
In file included from third_party/spdlog/include/spdlog/fmt/fmt.h:23,
                 from third_party/spdlog/include/spdlog/common.h:50,[0m
[0m[38;5;2;1m[ 77%]:[0m cache compiling.release src/infinicore/ops/masked_select/masked_select_infiniop.cc[0m
[0m[38;5;3;1mIn file included from third_party/spdlog/include/spdlog/fmt/bundled/format.h:41,
                 from third_party/spdlog/include/spdlog/fmt/fmt.h:23,
                 from third_party/spdlog/include/spdlog/common.h:50,
                 from third_party/spdlog/include/spdlog/cfg/helpers.h:6,
                 from third_party/spdlog/include/spdlog/cfg/env.h:5,
                 from src/infinicore/ops/cdist/../../utils.hpp:5,
                 from src/infinicore/ops/cdist/cdist_infiniop.cc:1:
In function 'constexpr OutputIt fmt::v11::detail::copy(InputIt, InputIt, OutputIt) [with T = char; InputIt = const char*; OutputIt = char*; typename std::enable_if<(! fmt::v11::detail::is_back_insert_iterator<OutputIt>::value), int>::type <anonymous> = 0]',
    inlined from 'constexpr void fmt::v11::detail::for_each_codepoint(fmt::v11::string_view, F) [with F = fmt::v11::detail::code_point_index(fmt::v11::string_view, size_t)::<lambda(uint32_t, fmt::v11::string_view)>]' at third_party/spdlog/include/spdlog/fmt/bundled/format.h:622:13,
    inlined from 'size_t fmt::v11::detail::code_point_index(fmt::v11::string_view, size_t)' at third_party/spdlog/include/spdlog/fmt/bundled/format.h:681:21,
    inlined from 'constexpr OutputIt fmt::v11::detail::write(OutputIt, fmt::v11::basic_string_view<Char>, const fmt::v11::format_specs&) [with Char = char; OutputIt = fmt::v11::basic_appender<char>]' at third_party/spdlog/include/spdlog/fmt/bundled/format.h:2119:28:
third_party/spdlog/include/spdlog/fmt/bundled/base.h:2061:31: warning: writing 8 bytes into a region of size 7 [-Wstringop-overflow=]
 2061 |   while (begin != end) *out++ = static_cast<T>(*begin++);
      |                        ~~~~~~~^~~~~~~~~~~~~~~~~~~~~~~~~~
In file included from third_party/spdlog/include/spdlog/fmt/fmt.h:23,
                 from third_party/spdlog/include/spdlog/common.h:50,[0m
[0m[38;5;2;1m[ 77%]:[0m cache compiling.release src/infinicore/ops/matmul/matmul.cc[0m
[0m[38;5;3;1mIn file included from third_party/spdlog/include/spdlog/fmt/bundled/format.h:41,
                 from third_party/spdlog/include/spdlog/fmt/fmt.h:23,
                 from third_party/spdlog/include/spdlog/common.h:50,
                 from third_party/spdlog/include/spdlog/cfg/helpers.h:6,
                 from third_party/spdlog/include/spdlog/cfg/env.h:5,
                 from src/infinicore/ops/floor/../../utils.hpp:5,
                 from src/infinicore/ops/floor/floor_infiniop.cc:1:
In function 'constexpr OutputIt fmt::v11::detail::copy(InputIt, InputIt, OutputIt) [with T = char; InputIt = const char*; OutputIt = char*; typename std::enable_if<(! fmt::v11::detail::is_back_insert_iterator<OutputIt>::value), int>::type <anonymous> = 0]',
    inlined from 'constexpr void fmt::v11::detail::for_each_codepoint(fmt::v11::string_view, F) [with F = fmt::v11::detail::code_point_index(fmt::v11::string_view, size_t)::<lambda(uint32_t, fmt::v11::string_view)>]' at third_party/spdlog/include/spdlog/fmt/bundled/format.h:622:13,
    inlined from 'size_t fmt::v11::detail::code_point_index(fmt::v11::string_view, size_t)' at third_party/spdlog/include/spdlog/fmt/bundled/format.h:681:21,
    inlined from 'constexpr OutputIt fmt::v11::detail::write(OutputIt, fmt::v11::basic_string_view<Char>, const fmt::v11::format_specs&) [with Char = char; OutputIt = fmt::v11::basic_appender<char>]' at third_party/spdlog/include/spdlog/fmt/bundled/format.h:2119:28:
third_party/spdlog/include/spdlog/fmt/bundled/base.h:2061:31: warning: writing 8 bytes into a region of size 7 [-Wstringop-overflow=]
 2061 |   while (begin != end) *out++ = static_cast<T>(*begin++);
      |                        ~~~~~~~^~~~~~~~~~~~~~~~~~~~~~~~~~
In file included from third_party/spdlog/include/spdlog/fmt/fmt.h:23,
                 from third_party/spdlog/include/spdlog/common.h:50,[0m
[0m[38;5;2;1m[ 77%]:[0m cache compiling.release src/infinicore/ops/mha_kvcache/mha_kvcache.cc[0m
[0m[38;5;2;1m[ 77%]:[0m cache compiling.release src/infinicore/ops/mha_kvcache/mha_kvcache_flashattn.cc[0m
[0m[38;5;2;1m[ 77%]:[0m cache compiling.release src/infinicore/ops/moe_align/moe_align.cc[0m
[0m[38;5;3;1mIn file included from third_party/spdlog/include/spdlog/fmt/bundled/format.h:41,
                 from third_party/spdlog/include/spdlog/fmt/fmt.h:23,
                 from third_party/spdlog/include/spdlog/common.h:50,
                 from third_party/spdlog/include/spdlog/cfg/helpers.h:6,
                 from third_party/spdlog/include/spdlog/cfg/env.h:5,
                 from src/infinicore/ops/conv2d/../../utils.hpp:5,
                 from src/infinicore/ops/conv2d/conv2d_infiniop.cc:1:
In function 'constexpr OutputIt fmt::v11::detail::copy(InputIt, InputIt, OutputIt) [with T = char; InputIt = const char*; OutputIt = char*; typename std::enable_if<(! fmt::v11::detail::is_back_insert_iterator<OutputIt>::value), int>::type <anonymous> = 0]',
    inlined from 'constexpr void fmt::v11::detail::for_each_codepoint(fmt::v11::string_view, F) [with F = fmt::v11::detail::code_point_index(fmt::v11::string_view, size_t)::<lambda(uint32_t, fmt::v11::string_view)>]' at third_party/spdlog/include/spdlog/fmt/bundled/format.h:622:13,
    inlined from 'size_t fmt::v11::detail::code_point_index(fmt::v11::string_view, size_t)' at third_party/spdlog/include/spdlog/fmt/bundled/format.h:681:21,
    inlined from 'constexpr OutputIt fmt::v11::detail::write(OutputIt, fmt::v11::basic_string_view<Char>, const fmt::v11::format_specs&) [with Char = char; OutputIt = fmt::v11::basic_appender<char>]' at third_party/spdlog/include/spdlog/fmt/bundled/format.h:2119:28:
third_party/spdlog/include/spdlog/fmt/bundled/base.h:2061:31: warning: writing 8 bytes into a region of size 7 [-Wstringop-overflow=]
 2061 |   while (begin != end) *out++ = static_cast<T>(*begin++);
      |                        ~~~~~~~^~~~~~~~~~~~~~~~~~~~~~~~~~
In file included from third_party/spdlog/include/spdlog/fmt/fmt.h:23,
                 from third_party/spdlog/include/spdlog/common.h:50,[0m
[0m[38;5;2;1m[ 77%]:[0m cache compiling.release src/infinicore/ops/moe_align/moe_align_infiniop.cc[0m
[0m[38;5;3;1mIn file included from third_party/spdlog/include/spdlog/fmt/bundled/format.h:41,
                 from third_party/spdlog/include/spdlog/fmt/fmt.h:23,
                 from third_party/spdlog/include/spdlog/common.h:50,
                 from third_party/spdlog/include/spdlog/cfg/helpers.h:6,
                 from third_party/spdlog/include/spdlog/cfg/env.h:5,
                 from src/infinicore/ops/cross_entropy/../../utils.hpp:5,
                 from src/infinicore/ops/cross_entropy/cross_entropy_infiniop.cc:1:
In function 'constexpr OutputIt fmt::v11::detail::copy(InputIt, InputIt, OutputIt) [with T = char; InputIt = const char*; OutputIt = char*; typename std::enable_if<(! fmt::v11::detail::is_back_insert_iterator<OutputIt>::value), int>::type <anonymous> = 0]',
    inlined from 'constexpr void fmt::v11::detail::for_each_codepoint(fmt::v11::string_view, F) [with F = fmt::v11::detail::code_point_index(fmt::v11::string_view, size_t)::<lambda(uint32_t, fmt::v11::string_view)>]' at third_party/spdlog/include/spdlog/fmt/bundled/format.h:622:13,
    inlined from 'size_t fmt::v11::detail::code_point_index(fmt::v11::string_view, size_t)' at third_party/spdlog/include/spdlog/fmt/bundled/format.h:681:21,
    inlined from 'constexpr OutputIt fmt::v11::detail::write(OutputIt, fmt::v11::basic_string_view<Char>, const fmt::v11::format_specs&) [with Char = char; OutputIt = fmt::v11::basic_appender<char>]' at third_party/spdlog/include/spdlog/fmt/bundled/format.h:2119:28:
third_party/spdlog/include/spdlog/fmt/bundled/base.h:2061:31: warning: writing 8 bytes into a region of size 7 [-Wstringop-overflow=]
 2061 |   while (begin != end) *out++ = static_cast<T>(*begin++);
      |                        ~~~~~~~^~~~~~~~~~~~~~~~~~~~~~~~~~
In file included from third_party/spdlog/include/spdlog/fmt/fmt.h:23,
                 from third_party/spdlog/include/spdlog/common.h:50,[0m
[0m[38;5;2;1m[ 77%]:[0m cache compiling.release src/infinicore/ops/moe_argsort_bincount/moe_argsort_bincount.cc[0m
[0m[38;5;2;1m[ 77%]:[0m cache compiling.release src/infinicore/ops/moe_expand_input/moe_expand_input.cc[0m
[0m[38;5;2;1m[ 77%]:[0m cache compiling.release src/infinicore/ops/moe_fused_dense/moe_fused_dense.cc[0m
[0m[38;5;3;1mIn file included from third_party/spdlog/include/spdlog/fmt/bundled/format.h:41,
                 from third_party/spdlog/include/spdlog/fmt/fmt.h:23,
                 from third_party/spdlog/include/spdlog/common.h:50,
                 from third_party/spdlog/include/spdlog/cfg/helpers.h:6,
                 from third_party/spdlog/include/spdlog/cfg/env.h:5,
                 from src/infinicore/ops/flash_attention/../../utils.hpp:5,
                 from src/infinicore/ops/flash_attention/flash_attention_infiniop.cc:1:
In function 'constexpr OutputIt fmt::v11::detail::copy(InputIt, InputIt, OutputIt) [with T = char; InputIt = const char*; OutputIt = char*; typename std::enable_if<(! fmt::v11::detail::is_back_insert_iterator<OutputIt>::value), int>::type <anonymous> = 0]',
    inlined from 'constexpr void fmt::v11::detail::for_each_codepoint(fmt::v11::string_view, F) [with F = fmt::v11::detail::code_point_index(fmt::v11::string_view, size_t)::<lambda(uint32_t, fmt::v11::string_view)>]' at third_party/spdlog/include/spdlog/fmt/bundled/format.h:622:13,
    inlined from 'size_t fmt::v11::detail::code_point_index(fmt::v11::string_view, size_t)' at third_party/spdlog/include/spdlog/fmt/bundled/format.h:681:21,
    inlined from 'constexpr OutputIt fmt::v11::detail::write(OutputIt, fmt::v11::basic_string_view<Char>, const fmt::v11::format_specs&) [with Char = char; OutputIt = fmt::v11::basic_appender<char>]' at third_party/spdlog/include/spdlog/fmt/bundled/format.h:2119:28:
third_party/spdlog/include/spdlog/fmt/bundled/base.h:2061:31: warning: writing 8 bytes into a region of size 7 [-Wstringop-overflow=]
 2061 |   while (begin != end) *out++ = static_cast<T>(*begin++);
      |                        ~~~~~~~^~~~~~~~~~~~~~~~~~~~~~~~~~
In file included from third_party/spdlog/include/spdlog/fmt/fmt.h:23,
                 from third_party/spdlog/include/spdlog/common.h:50,[0m
[0m[38;5;2;1m[ 78%]:[0m cache compiling.release src/infinicore/ops/moe_fused_dense/moe_fused_dense_infiniop.cc[0m
[0m[38;5;2;1m[ 78%]:[0m cache compiling.release src/infinicore/ops/moe_fused_gate/moe_fused_gate.cc[0m
[0m[38;5;3;1mIn file included from third_party/spdlog/include/spdlog/fmt/bundled/format.h:41,
                 from third_party/spdlog/include/spdlog/fmt/fmt.h:23,
                 from third_party/spdlog/include/spdlog/common.h:50,
                 from third_party/spdlog/include/spdlog/cfg/helpers.h:6,
                 from third_party/spdlog/include/spdlog/cfg/env.h:5,
                 from src/infinicore/ops/asin/../../utils.hpp:5,
                 from src/infinicore/ops/asin/asin_infiniop.cc:1:
In function 'constexpr OutputIt fmt::v11::detail::copy(InputIt, InputIt, OutputIt) [with T = char; InputIt = const char*; OutputIt = char*; typename std::enable_if<(! fmt::v11::detail::is_back_insert_iterator<OutputIt>::value), int>::type <anonymous> = 0]',
    inlined from 'constexpr void fmt::v11::detail::for_each_codepoint(fmt::v11::string_view, F) [with F = fmt::v11::detail::code_point_index(fmt::v11::string_view, size_t)::<lambda(uint32_t, fmt::v11::string_view)>]' at third_party/spdlog/include/spdlog/fmt/bundled/format.h:622:13,
    inlined from 'size_t fmt::v11::detail::code_point_index(fmt::v11::string_view, size_t)' at third_party/spdlog/include/spdlog/fmt/bundled/format.h:681:21,
    inlined from 'constexpr OutputIt fmt::v11::detail::write(OutputIt, fmt::v11::basic_string_view<Char>, const fmt::v11::format_specs&) [with Char = char; OutputIt = fmt::v11::basic_appender<char>]' at third_party/spdlog/include/spdlog/fmt/bundled/format.h:2119:28:
third_party/spdlog/include/spdlog/fmt/bundled/base.h:2061:31: warning: writing 8 bytes into a region of size 7 [-Wstringop-overflow=]
 2061 |   while (begin != end) *out++ = static_cast<T>(*begin++);
      |                        ~~~~~~~^~~~~~~~~~~~~~~~~~~~~~~~~~
In file included from third_party/spdlog/include/spdlog/fmt/fmt.h:23,
                 from third_party/spdlog/include/spdlog/common.h:50,[0m
[0m[38;5;2;1m[ 78%]:[0m cache compiling.release src/infinicore/ops/moe_fused_gate/moe_fused_gate_infiniop.cc[0m
[0m[38;5;2;1m[ 78%]:[0m cache compiling.release src/infinicore/ops/moe_silu_and_mul_quant/moe_silu_and_mul_quant.cc[0m
[0m[38;5;2;1m[ 78%]:[0m cache compiling.release src/infinicore/ops/moe_sum/moe_sum.cc[0m
[0m[38;5;2;1m[ 78%]:[0m cache compiling.release src/infinicore/ops/moe_sum/moe_sum_infiniop.cc[0m
[0m[38;5;3;1mIn file included from third_party/spdlog/include/spdlog/fmt/bundled/format.h:41,
                 from third_party/spdlog/include/spdlog/fmt/fmt.h:23,
                 from third_party/spdlog/include/spdlog/common.h:50,
                 from third_party/spdlog/include/spdlog/cfg/helpers.h:6,
                 from third_party/spdlog/include/spdlog/cfg/env.h:5,
                 from src/infinicore/ops/chunk_gated_delta_rule/../../utils.hpp:5,
                 from src/infinicore/ops/chunk_gated_delta_rule/../infiniop_impl.hpp:3,
                 from src/infinicore/ops/chunk_gated_delta_rule/chunk_gated_delta_rule_infiniop.cc:3:
In function 'constexpr OutputIt fmt::v11::detail::copy(InputIt, InputIt, OutputIt) [with T = char; InputIt = const char*; OutputIt = char*; typename std::enable_if<(! fmt::v11::detail::is_back_insert_iterator<OutputIt>::value), int>::type <anonymous> = 0]',
    inlined from 'constexpr void fmt::v11::detail::for_each_codepoint(fmt::v11::string_view, F) [with F = fmt::v11::detail::code_point_index(fmt::v11::string_view, size_t)::<lambda(uint32_t, fmt::v11::string_view)>]' at third_party/spdlog/include/spdlog/fmt/bundled/format.h:622:13,
    inlined from 'size_t fmt::v11::detail::code_point_index(fmt::v11::string_view, size_t)' at third_party/spdlog/include/spdlog/fmt/bundled/format.h:681:21,
    inlined from 'constexpr OutputIt fmt::v11::detail::write(OutputIt, fmt::v11::basic_string_view<Char>, const fmt::v11::format_specs&) [with Char = char; OutputIt = fmt::v11::basic_appender<char>]' at third_party/spdlog/include/spdlog/fmt/bundled/format.h:2119:28:
third_party/spdlog/include/spdlog/fmt/bundled/base.h:2061:31: warning: writing 8 bytes into a region of size 7 [-Wstringop-overflow=]
 2061 |   while (begin != end) *out++ = static_cast<T>(*begin++);
      |                        ~~~~~~~^~~~~~~~~~~~~~~~~~~~~~~~~~
In file included from third_party/spdlog/include/spdlog/fmt/fmt.h:23,[0m
[0m[38;5;3;1mIn file included from third_party/spdlog/include/spdlog/fmt/bundled/format.h:41,
                 from third_party/spdlog/include/spdlog/fmt/fmt.h:23,
                 from third_party/spdlog/include/spdlog/common.h:50,
                 from third_party/spdlog/include/spdlog/cfg/helpers.h:6,
                 from third_party/spdlog/include/spdlog/cfg/env.h:5,
                 from src/infinicore/ops/axpy/../../utils.hpp:5,
                 from src/infinicore/ops/axpy/../infiniop_impl.hpp:3,
                 from src/infinicore/ops/axpy/axpy_infiniop.cc:3:
In function 'constexpr OutputIt fmt::v11::detail::copy(InputIt, InputIt, OutputIt) [with T = char; InputIt = const char*; OutputIt = char*; typename std::enable_if<(! fmt::v11::detail::is_back_insert_iterator<OutputIt>::value), int>::type <anonymous> = 0]',
    inlined from 'constexpr void fmt::v11::detail::for_each_codepoint(fmt::v11::string_view, F) [with F = fmt::v11::detail::code_point_index(fmt::v11::string_view, size_t)::<lambda(uint32_t, fmt::v11::string_view)>]' at third_party/spdlog/include/spdlog/fmt/bundled/format.h:622:13,
    inlined from 'size_t fmt::v11::detail::code_point_index(fmt::v11::string_view, size_t)' at third_party/spdlog/include/spdlog/fmt/bundled/format.h:681:21,
    inlined from 'constexpr OutputIt fmt::v11::detail::write(OutputIt, fmt::v11::basic_string_view<Char>, const fmt::v11::format_specs&) [with Char = char; OutputIt = fmt::v11::basic_appender<char>]' at third_party/spdlog/include/spdlog/fmt/bundled/format.h:2119:28:
third_party/spdlog/include/spdlog/fmt/bundled/base.h:2061:31: warning: writing 8 bytes into a region of size 7 [-Wstringop-overflow=]
 2061 |   while (begin != end) *out++ = static_cast<T>(*begin++);
      |                        ~~~~~~~^~~~~~~~~~~~~~~~~~~~~~~~~~
In file included from third_party/spdlog/include/spdlog/fmt/fmt.h:23,[0m
[0m[38;5;2;1m[ 78%]:[0m cache compiling.release src/infinicore/ops/moe_sum_vendor/moe_sum_vendor.cc[0m
[0m[38;5;2;1m[ 78%]:[0m cache compiling.release src/infinicore/ops/moe_topk_sigmoid/moe_topk_sigmoid.cc[0m
[0m[38;5;3;1mIn file included from third_party/spdlog/include/spdlog/fmt/bundled/format.h:41,
                 from third_party/spdlog/include/spdlog/fmt/fmt.h:23,
                 from third_party/spdlog/include/spdlog/common.h:50,
                 from third_party/spdlog/include/spdlog/cfg/helpers.h:6,
                 from third_party/spdlog/include/spdlog/cfg/env.h:5,
                 from src/infinicore/ops/digamma/../../utils.hpp:5,
                 from src/infinicore/ops/digamma/../infiniop_impl.hpp:3,
                 from src/infinicore/ops/digamma/digamma_infiniop.cc:3:
In function 'constexpr OutputIt fmt::v11::detail::copy(InputIt, InputIt, OutputIt) [with T = char; InputIt = const char*; OutputIt = char*; typename std::enable_if<(! fmt::v11::detail::is_back_insert_iterator<OutputIt>::value), int>::type <anonymous> = 0]',
    inlined from 'constexpr void fmt::v11::detail::for_each_codepoint(fmt::v11::string_view, F) [with F = fmt::v11::detail::code_point_index(fmt::v11::string_view, size_t)::<lambda(uint32_t, fmt::v11::string_view)>]' at third_party/spdlog/include/spdlog/fmt/bundled/format.h:622:13,
    inlined from 'size_t fmt::v11::detail::code_point_index(fmt::v11::string_view, size_t)' at third_party/spdlog/include/spdlog/fmt/bundled/format.h:681:21,
    inlined from 'constexpr OutputIt fmt::v11::detail::write(OutputIt, fmt::v11::basic_string_view<Char>, const fmt::v11::format_specs&) [with Char = char; OutputIt = fmt::v11::basic_appender<char>]' at third_party/spdlog/include/spdlog/fmt/bundled/format.h:2119:28:
third_party/spdlog/include/spdlog/fmt/bundled/base.h:2061:31: warning: writing 8 bytes into a region of size 7 [-Wstringop-overflow=]
 2061 |   while (begin != end) *out++ = static_cast<T>(*begin++);
      |                        ~~~~~~~^~~~~~~~~~~~~~~~~~~~~~~~~~
In file included from third_party/spdlog/include/spdlog/fmt/fmt.h:23,[0m
[0m[38;5;2;1m[ 78%]:[0m cache compiling.release src/infinicore/ops/moe_topk_sigmoid/moe_topk_sigmoid_infiniop.cc[0m
[0m[38;5;2;1m[ 78%]:[0m cache compiling.release src/infinicore/ops/moe_topk_softmax/moe_topk_softmax.cc[0m
[0m[38;5;2;1m[ 79%]:[0m cache compiling.release src/infinicore/ops/moe_topk_softmax/moe_topk_softmax_infiniop.cc[0m
[0m[38;5;2;1m[ 79%]:[0m cache compiling.release src/infinicore/ops/moe_topk_vendor/moe_topk_vendor.cc[0m
[0m[38;5;2;1m[ 79%]:[0m cache compiling.release src/infinicore/ops/mrope/mrope.cc[0m
[0m[38;5;2;1m[ 79%]:[0m cache compiling.release src/infinicore/ops/mrope/mrope_infiniop.cc[0m
[0m[38;5;2;1m[ 79%]:[0m cache compiling.release src/infinicore/ops/mul/mul.cc[0m
[0m[38;5;2;1m[ 79%]:[0m cache compiling.release src/infinicore/ops/mul/mul_infiniop.cc[0m
[0m[38;5;2;1m[ 79%]:[0m cache compiling.release src/infinicore/ops/mul_scalar/mul_scalar.cc[0m
[0m[38;5;2;1m[ 79%]:[0m cache compiling.release src/infinicore/ops/mul_scalar/mul_scalar_infiniop.cc[0m
[0m[38;5;2;1m[ 79%]:[0m cache compiling.release src/infinicore/ops/multi_head_attention/mha.cc[0m
[0m[38;5;2;1m[ 80%]:[0m cache compiling.release src/infinicore/ops/multi_head_attention/mha_flashattn.cc[0m
[0m[38;5;2;1m[ 80%]:[0m cache compiling.release src/infinicore/ops/multi_head_attention_varlen/mha_varlen.cc[0m
[0m[38;5;2;1m[ 80%]:[0m cache compiling.release src/infinicore/ops/multi_head_attention_varlen/mha_varlen_flashattn.cc[0m
[0m[38;5;3;1mIn file included from third_party/spdlog/include/spdlog/fmt/bundled/format.h:41,
                 from third_party/spdlog/include/spdlog/fmt/fmt.h:23,
                 from third_party/spdlog/include/spdlog/common.h:50,
                 from third_party/spdlog/include/spdlog/cfg/helpers.h:6,
                 from third_party/spdlog/include/spdlog/cfg/env.h:5,
                 from src/infinicore/ops/bitwise_right_shift/../../utils.hpp:5,
                 from src/infinicore/ops/bitwise_right_shift/../infiniop_impl.hpp:3,
                 from src/infinicore/ops/bitwise_right_shift/bitwise_right_shift_infiniop.cc:5:
In function 'constexpr OutputIt fmt::v11::detail::copy(InputIt, InputIt, OutputIt) [with T = char; InputIt = const char*; OutputIt = char*; typename std::enable_if<(! fmt::v11::detail::is_back_insert_iterator<OutputIt>::value), int>::type <anonymous> = 0]',
    inlined from 'constexpr void fmt::v11::detail::for_each_codepoint(fmt::v11::string_view, F) [with F = fmt::v11::detail::code_point_index(fmt::v11::string_view, size_t)::<lambda(uint32_t, fmt::v11::string_view)>]' at third_party/spdlog/include/spdlog/fmt/bundled/format.h:622:13,
    inlined from 'size_t fmt::v11::detail::code_point_index(fmt::v11::string_view, size_t)' at third_party/spdlog/include/spdlog/fmt/bundled/format.h:681:21,
    inlined from 'constexpr OutputIt fmt::v11::detail::write(OutputIt, fmt::v11::basic_string_view<Char>, const fmt::v11::format_specs&) [with Char = char; OutputIt = fmt::v11::basic_appender<char>]' at third_party/spdlog/include/spdlog/fmt/bundled/format.h:2119:28:
third_party/spdlog/include/spdlog/fmt/bundled/base.h:2061:31: warning: writing 8 bytes into a region of size 7 [-Wstringop-overflow=]
 2061 |   while (begin != end) *out++ = static_cast<T>(*begin++);
      |                        ~~~~~~~^~~~~~~~~~~~~~~~~~~~~~~~~~
In file included from third_party/spdlog/include/spdlog/fmt/fmt.h:23,[0m
[0m[38;5;2;1m[ 80%]:[0m cache compiling.release src/infinicore/ops/multi_margin_loss/multi_margin_loss.cc[0m
[0m[38;5;3;1mIn file included from third_party/spdlog/include/spdlog/fmt/bundled/format.h:41,
                 from third_party/spdlog/include/spdlog/fmt/fmt.h:23,
                 from third_party/spdlog/include/spdlog/common.h:50,
                 from third_party/spdlog/include/spdlog/cfg/helpers.h:6,
                 from third_party/spdlog/include/spdlog/cfg/env.h:5,
                 from src/infinicore/ops/addbmm/../../utils.hpp:5,
                 from src/infinicore/ops/addbmm/addbmm_infiniop.cc:1:
In function 'constexpr OutputIt fmt::v11::detail::copy(InputIt, InputIt, OutputIt) [with T = char; InputIt = const char*; OutputIt = char*; typename std::enable_if<(! fmt::v11::detail::is_back_insert_iterator<OutputIt>::value), int>::type <anonymous> = 0]',
    inlined from 'constexpr void fmt::v11::detail::for_each_codepoint(fmt::v11::string_view, F) [with F = fmt::v11::detail::code_point_index(fmt::v11::string_view, size_t)::<lambda(uint32_t, fmt::v11::string_view)>]' at third_party/spdlog/include/spdlog/fmt/bundled/format.h:622:13,
    inlined from 'size_t fmt::v11::detail::code_point_index(fmt::v11::string_view, size_t)' at third_party/spdlog/include/spdlog/fmt/bundled/format.h:681:21,
    inlined from 'constexpr OutputIt fmt::v11::detail::write(OutputIt, fmt::v11::basic_string_view<Char>, const fmt::v11::format_specs&) [with Char = char; OutputIt = fmt::v11::basic_appender<char>]' at third_party/spdlog/include/spdlog/fmt/bundled/format.h:2119:28:
third_party/spdlog/include/spdlog/fmt/bundled/base.h:2061:31: warning: writing 8 bytes into a region of size 7 [-Wstringop-overflow=]
 2061 |   while (begin != end) *out++ = static_cast<T>(*begin++);
      |                        ~~~~~~~^~~~~~~~~~~~~~~~~~~~~~~~~~
In file included from third_party/spdlog/include/spdlog/fmt/fmt.h:23,
                 from third_party/spdlog/include/spdlog/common.h:50,[0m
[0m[38;5;2;1m[ 80%]:[0m cache compiling.release src/infinicore/ops/multi_margin_loss/multi_margin_loss_infiniop.cc[0m
[0m[38;5;2;1m[ 80%]:[0m cache compiling.release src/infinicore/ops/mxfp4_dequantize/mxfp4_dequantize.cc[0m
[0m[38;5;2;1m[ 80%]:[0m cache compiling.release src/infinicore/ops/mxfp4_dequantize/mxfp4_dequantize_infiniop.cc[0m
[0m[38;5;2;1m[ 80%]:[0m cache compiling.release src/infinicore/ops/nrm2/nrm2.cc[0m
[0m[38;5;2;1m[ 80%]:[0m cache compiling.release src/infinicore/ops/nrm2/nrm2_infiniop.cc[0m
[0m[38;5;2;1m[ 80%]:[0m cache compiling.release src/infinicore/ops/nsa_compress_paged_cache/nsa_compress_paged_cache.cc[0m
[0m[38;5;2;1m[ 81%]:[0m cache compiling.release src/infinicore/ops/nsa_compress_paged_cache/nsa_compress_paged_cache_infiniop.cc[0m
[0m[38;5;2;1m[ 81%]:[0m cache compiling.release src/infinicore/ops/nsa_paged_attention/nsa_paged_attention.cc[0m
[0m[38;5;2;1m[ 81%]:[0m cache compiling.release src/infinicore/ops/nsa_paged_attention/nsa_paged_attention_infiniop.cc[0m
[0m[38;5;2;1m[ 81%]:[0m cache compiling.release src/infinicore/ops/ones/ones.cc[0m
[0m[38;5;2;1m[ 81%]:[0m cache compiling.release src/infinicore/ops/ones/ones_infiniop.cc[0m
[0m[38;5;2;1m[ 81%]:[0m cache compiling.release src/infinicore/ops/pad/pad.cc[0m
[0m[38;5;2;1m[ 81%]:[0m cache compiling.release src/infinicore/ops/pad/pad_infiniop.cc[0m
[0m[38;5;2;1m[ 81%]:[0m cache compiling.release src/infinicore/ops/paged_attention/paged_attention.cc[0m
[0m[38;5;2;1m[ 81%]:[0m cache compiling.release src/infinicore/ops/paged_attention/paged_attention_infiniop.cc[0m
[0m[38;5;2;1m[ 81%]:[0m cache compiling.release src/infinicore/ops/paged_attention/paged_attention_infiniops.cc[0m
[0m[38;5;2;1m[ 82%]:[0m cache compiling.release src/infinicore/ops/paged_attention_mla/paged_attention_mla.cc[0m
[0m[38;5;3;1mIn file included from third_party/spdlog/include/spdlog/fmt/bundled/format.h:41,
                 from third_party/spdlog/include/spdlog/fmt/fmt.h:23,
                 from third_party/spdlog/include/spdlog/common.h:50,
                 from third_party/spdlog/include/spdlog/cfg/helpers.h:6,
                 from third_party/spdlog/include/spdlog/cfg/env.h:5,
                 from src/infinicore/ops/dequantize_awq/../../utils.hpp:5,
                 from src/infinicore/ops/dequantize_awq/dequantize_awq_infiniop.cc:1:
In function 'constexpr OutputIt fmt::v11::detail::copy(InputIt, InputIt, OutputIt) [with T = char; InputIt = const char*; OutputIt = char*; typename std::enable_if<(! fmt::v11::detail::is_back_insert_iterator<OutputIt>::value), int>::type <anonymous> = 0]',
    inlined from 'constexpr void fmt::v11::detail::for_each_codepoint(fmt::v11::string_view, F) [with F = fmt::v11::detail::code_point_index(fmt::v11::string_view, size_t)::<lambda(uint32_t, fmt::v11::string_view)>]' at third_party/spdlog/include/spdlog/fmt/bundled/format.h:622:13,
    inlined from 'size_t fmt::v11::detail::code_point_index(fmt::v11::string_view, size_t)' at third_party/spdlog/include/spdlog/fmt/bundled/format.h:681:21,
    inlined from 'constexpr OutputIt fmt::v11::detail::write(OutputIt, fmt::v11::basic_string_view<Char>, const fmt::v11::format_specs&) [with Char = char; OutputIt = fmt::v11::basic_appender<char>]' at third_party/spdlog/include/spdlog/fmt/bundled/format.h:2119:28:
third_party/spdlog/include/spdlog/fmt/bundled/base.h:2061:31: warning: writing 8 bytes into a region of size 7 [-Wstringop-overflow=]
 2061 |   while (begin != end) *out++ = static_cast<T>(*begin++);
      |                        ~~~~~~~^~~~~~~~~~~~~~~~~~~~~~~~~~
In file included from third_party/spdlog/include/spdlog/fmt/fmt.h:23,
                 from third_party/spdlog/include/spdlog/common.h:50,[0m
[0m[38;5;3;1mIn file included from third_party/spdlog/include/spdlog/fmt/bundled/format.h:41,
                 from third_party/spdlog/include/spdlog/fmt/fmt.h:23,
                 from third_party/spdlog/include/spdlog/common.h:50,
                 from third_party/spdlog/include/spdlog/cfg/helpers.h:6,
                 from third_party/spdlog/include/spdlog/cfg/env.h:5,
                 from src/infinicore/ops/addbmm/../../utils.hpp:5,
                 from src/infinicore/ops/addbmm/addbmm.cc:2:
In function 'constexpr OutputIt fmt::v11::detail::copy(InputIt, InputIt, OutputIt) [with T = char; InputIt = const char*; OutputIt = char*; typename std::enable_if<(! fmt::v11::detail::is_back_insert_iterator<OutputIt>::value), int>::type <anonymous> = 0]',
    inlined from 'constexpr void fmt::v11::detail::for_each_codepoint(fmt::v11::string_view, F) [with F = fmt::v11::detail::code_point_index(fmt::v11::string_view, size_t)::<lambda(uint32_t, fmt::v11::string_view)>]' at third_party/spdlog/include/spdlog/fmt/bundled/format.h:622:13,
    inlined from 'size_t fmt::v11::detail::code_point_index(fmt::v11::string_view, size_t)' at third_party/spdlog/include/spdlog/fmt/bundled/format.h:681:21,
    inlined from 'constexpr OutputIt fmt::v11::detail::write(OutputIt, fmt::v11::basic_string_view<Char>, const fmt::v11::format_specs&) [with Char = char; OutputIt = fmt::v11::basic_appender<char>]' at third_party/spdlog/include/spdlog/fmt/bundled/format.h:2119:28:
third_party/spdlog/include/spdlog/fmt/bundled/base.h:2061:31: warning: writing 8 bytes into a region of size 7 [-Wstringop-overflow=]
 2061 |   while (begin != end) *out++ = static_cast<T>(*begin++);
      |                        ~~~~~~~^~~~~~~~~~~~~~~~~~~~~~~~~~
In file included from third_party/spdlog/include/spdlog/fmt/fmt.h:23,
                 from third_party/spdlog/include/spdlog/common.h:50,[0m
[0m[38;5;2;1m[ 82%]:[0m cache compiling.release src/infinicore/ops/paged_attention_prefill/paged_attention_prefill.cc[0m
[0m[38;5;2;1m[ 82%]:[0m cache compiling.release src/infinicore/ops/paged_attention_prefill/paged_attention_prefill_infiniop.cc[0m
[0m[38;5;2;1m[ 82%]:[0m cache compiling.release src/infinicore/ops/paged_caching/paged_caching.cc[0m
[0m[38;5;2;1m[ 82%]:[0m cache compiling.release src/infinicore/ops/paged_caching/paged_caching_infiniop.cc[0m
[0m[38;5;2;1m[ 82%]:[0m cache compiling.release src/infinicore/ops/paged_caching/paged_caching_infiniops.cc[0m
[0m[38;5;2;1m[ 82%]:[0m cache compiling.release src/infinicore/ops/per_channel_quant_i8/per_channel_quant_i8.cc[0m
[0m[38;5;3;1mIn file included from third_party/spdlog/include/spdlog/fmt/bundled/format.h:41,
                 from third_party/spdlog/include/spdlog/fmt/fmt.h:23,
                 from third_party/spdlog/include/spdlog/common.h:50,
                 from third_party/spdlog/include/spdlog/cfg/helpers.h:6,
                 from third_party/spdlog/include/spdlog/cfg/env.h:5,
                 from src/infinicore/ops/binary_cross_entropy_with_logits/../../utils.hpp:5,
                 from src/infinicore/ops/binary_cross_entropy_with_logits/binary_cross_entropy_with_logits_infiniop.cc:1:
In function 'constexpr OutputIt fmt::v11::detail::copy(InputIt, InputIt, OutputIt) [with T = char; InputIt = const char*; OutputIt = char*; typename std::enable_if<(! fmt::v11::detail::is_back_insert_iterator<OutputIt>::value), int>::type <anonymous> = 0]',
    inlined from 'constexpr void fmt::v11::detail::for_each_codepoint(fmt::v11::string_view, F) [with F = fmt::v11::detail::code_point_index(fmt::v11::string_view, size_t)::<lambda(uint32_t, fmt::v11::string_view)>]' at third_party/spdlog/include/spdlog/fmt/bundled/format.h:622:13,
    inlined from 'size_t fmt::v11::detail::code_point_index(fmt::v11::string_view, size_t)' at third_party/spdlog/include/spdlog/fmt/bundled/format.h:681:21,
    inlined from 'constexpr OutputIt fmt::v11::detail::write(OutputIt, fmt::v11::basic_string_view<Char>, const fmt::v11::format_specs&) [with Char = char; OutputIt = fmt::v11::basic_appender<char>]' at third_party/spdlog/include/spdlog/fmt/bundled/format.h:2119:28:
third_party/spdlog/include/spdlog/fmt/bundled/base.h:2061:31: warning: writing 8 bytes into a region of size 7 [-Wstringop-overflow=]
 2061 |   while (begin != end) *out++ = static_cast<T>(*begin++);
      |                        ~~~~~~~^~~~~~~~~~~~~~~~~~~~~~~~~~
In file included from third_party/spdlog/include/spdlog/fmt/fmt.h:23,
                 from third_party/spdlog/include/spdlog/common.h:50,[0m
[0m[38;5;3;1mIn file included from third_party/spdlog/include/spdlog/fmt/bundled/format.h:41,
                 from third_party/spdlog/include/spdlog/fmt/fmt.h:23,
                 from third_party/spdlog/include/spdlog/common.h:50,
                 from third_party/spdlog/include/spdlog/cfg/helpers.h:6,
                 from third_party/spdlog/include/spdlog/cfg/env.h:5,
                 from src/infinicore/ops/fmin/../../utils.hpp:5,
                 from src/infinicore/ops/fmin/fmin_infiniop.cc:1:
In function 'constexpr OutputIt fmt::v11::detail::copy(InputIt, InputIt, OutputIt) [with T = char; InputIt = const char*; OutputIt = char*; typename std::enable_if<(! fmt::v11::detail::is_back_insert_iterator<OutputIt>::value), int>::type <anonymous> = 0]',
    inlined from 'constexpr void fmt::v11::detail::for_each_codepoint(fmt::v11::string_view, F) [with F = fmt::v11::detail::code_point_index(fmt::v11::string_view, size_t)::<lambda(uint32_t, fmt::v11::string_view)>]' at third_party/spdlog/include/spdlog/fmt/bundled/format.h:622:13,
    inlined from 'size_t fmt::v11::detail::code_point_index(fmt::v11::string_view, size_t)' at third_party/spdlog/include/spdlog/fmt/bundled/format.h:681:21,
    inlined from 'constexpr OutputIt fmt::v11::detail::write(OutputIt, fmt::v11::basic_string_view<Char>, const fmt::v11::format_specs&) [with Char = char; OutputIt = fmt::v11::basic_appender<char>]' at third_party/spdlog/include/spdlog/fmt/bundled/format.h:2119:28:
third_party/spdlog/include/spdlog/fmt/bundled/base.h:2061:31: warning: writing 8 bytes into a region of size 7 [-Wstringop-overflow=]
 2061 |   while (begin != end) *out++ = static_cast<T>(*begin++);
      |                        ~~~~~~~^~~~~~~~~~~~~~~~~~~~~~~~~~
In file included from third_party/spdlog/include/spdlog/fmt/fmt.h:23,
                 from third_party/spdlog/include/spdlog/common.h:50,[0m
[0m[38;5;3;1mIn file included from third_party/spdlog/include/spdlog/fmt/bundled/format.h:41,
                 from third_party/spdlog/include/spdlog/fmt/fmt.h:23,
                 from third_party/spdlog/include/spdlog/common.h:50,
                 from third_party/spdlog/include/spdlog/cfg/helpers.h:6,
                 from third_party/spdlog/include/spdlog/cfg/env.h:5,
                 from src/infinicore/ops/gemm/../../utils.hpp:5,
                 from src/infinicore/ops/gemm/../infiniop_impl.hpp:3,
                 from src/infinicore/ops/gemm/gemm_infiniop.cc:1:
In function 'constexpr OutputIt fmt::v11::detail::copy(InputIt, InputIt, OutputIt) [with T = char; InputIt = const char*; OutputIt = char*; typename std::enable_if<(! fmt::v11::detail::is_back_insert_iterator<OutputIt>::value), int>::type <anonymous> = 0]',
    inlined from 'constexpr void fmt::v11::detail::for_each_codepoint(fmt::v11::string_view, F) [with F = fmt::v11::detail::code_point_index(fmt::v11::string_view, size_t)::<lambda(uint32_t, fmt::v11::string_view)>]' at third_party/spdlog/include/spdlog/fmt/bundled/format.h:622:13,
    inlined from 'size_t fmt::v11::detail::code_point_index(fmt::v11::string_view, size_t)' at third_party/spdlog/include/spdlog/fmt/bundled/format.h:681:21,
    inlined from 'constexpr OutputIt fmt::v11::detail::write(OutputIt, fmt::v11::basic_string_view<Char>, const fmt::v11::format_specs&) [with Char = char; OutputIt = fmt::v11::basic_appender<char>]' at third_party/spdlog/include/spdlog/fmt/bundled/format.h:2119:28:
third_party/spdlog/include/spdlog/fmt/bundled/base.h:2061:31: warning: writing 8 bytes into a region of size 7 [-Wstringop-overflow=]
 2061 |   while (begin != end) *out++ = static_cast<T>(*begin++);
      |                        ~~~~~~~^~~~~~~~~~~~~~~~~~~~~~~~~~
In file included from third_party/spdlog/include/spdlog/fmt/fmt.h:23,[0m
[0m[38;5;3;1mIn file included from third_party/spdlog/include/spdlog/fmt/bundled/format.h:41,
                 from third_party/spdlog/include/spdlog/fmt/fmt.h:23,
                 from third_party/spdlog/include/spdlog/common.h:50,
                 from third_party/spdlog/include/spdlog/cfg/helpers.h:6,
                 from third_party/spdlog/include/spdlog/cfg/env.h:5,
                 from src/infinicore/ops/argwhere/../../utils.hpp:5,
                 from src/infinicore/ops/argwhere/argwhere_infiniop.cc:1:
In function 'constexpr OutputIt fmt::v11::detail::copy(InputIt, InputIt, OutputIt) [with T = char; InputIt = const char*; OutputIt = char*; typename std::enable_if<(! fmt::v11::detail::is_back_insert_iterator<OutputIt>::value), int>::type <anonymous> = 0]',
    inlined from 'constexpr void fmt::v11::detail::for_each_codepoint(fmt::v11::string_view, F) [with F = fmt::v11::detail::code_point_index(fmt::v11::string_view, size_t)::<lambda(uint32_t, fmt::v11::string_view)>]' at third_party/spdlog/include/spdlog/fmt/bundled/format.h:622:13,
    inlined from 'size_t fmt::v11::detail::code_point_index(fmt::v11::string_view, size_t)' at third_party/spdlog/include/spdlog/fmt/bundled/format.h:681:21,
    inlined from 'constexpr OutputIt fmt::v11::detail::write(OutputIt, fmt::v11::basic_string_view<Char>, const fmt::v11::format_specs&) [with Char = char; OutputIt = fmt::v11::basic_appender<char>]' at third_party/spdlog/include/spdlog/fmt/bundled/format.h:2119:28:
third_party/spdlog/include/spdlog/fmt/bundled/base.h:2061:31: warning: writing 8 bytes into a region of size 7 [-Wstringop-overflow=]
 2061 |   while (begin != end) *out++ = static_cast<T>(*begin++);
      |                        ~~~~~~~^~~~~~~~~~~~~~~~~~~~~~~~~~
In file included from third_party/spdlog/include/spdlog/fmt/fmt.h:23,
                 from third_party/spdlog/include/spdlog/common.h:50,[0m
[0m[38;5;3;1mIn file included from third_party/spdlog/include/spdlog/fmt/bundled/format.h:41,
                 from third_party/spdlog/include/spdlog/fmt/fmt.h:23,
                 from third_party/spdlog/include/spdlog/common.h:50,
                 from third_party/spdlog/include/spdlog/cfg/helpers.h:6,
                 from third_party/spdlog/include/spdlog/cfg/env.h:5,
                 from src/infinicore/ops/argwhere/../../utils.hpp:5,
                 from src/infinicore/ops/argwhere/argwhere.cc:2:
In function 'constexpr OutputIt fmt::v11::detail::copy(InputIt, InputIt, OutputIt) [with T = char; InputIt = const char*; OutputIt = char*; typename std::enable_if<(! fmt::v11::detail::is_back_insert_iterator<OutputIt>::value), int>::type <anonymous> = 0]',
    inlined from 'constexpr void fmt::v11::detail::for_each_codepoint(fmt::v11::string_view, F) [with F = fmt::v11::detail::code_point_index(fmt::v11::string_view, size_t)::<lambda(uint32_t, fmt::v11::string_view)>]' at third_party/spdlog/include/spdlog/fmt/bundled/format.h:622:13,
    inlined from 'size_t fmt::v11::detail::code_point_index(fmt::v11::string_view, size_t)' at third_party/spdlog/include/spdlog/fmt/bundled/format.h:681:21,
    inlined from 'constexpr OutputIt fmt::v11::detail::write(OutputIt, fmt::v11::basic_string_view<Char>, const fmt::v11::format_specs&) [with Char = char; OutputIt = fmt::v11::basic_appender<char>]' at third_party/spdlog/include/spdlog/fmt/bundled/format.h:2119:28:
third_party/spdlog/include/spdlog/fmt/bundled/base.h:2061:31: warning: writing 8 bytes into a region of size 7 [-Wstringop-overflow=]
 2061 |   while (begin != end) *out++ = static_cast<T>(*begin++);
      |                        ~~~~~~~^~~~~~~~~~~~~~~~~~~~~~~~~~
In file included from third_party/spdlog/include/spdlog/fmt/fmt.h:23,
                 from third_party/spdlog/include/spdlog/common.h:50,[0m
[0m[38;5;2;1m[ 82%]:[0m cache compiling.release src/infinicore/ops/per_channel_quant_i8/per_channel_quant_i8_infiniop.cc[0m
[0m[38;5;2;1m[ 82%]:[0m cache compiling.release src/infinicore/ops/prelu/prelu.cc[0m
[0m[38;5;2;1m[ 83%]:[0m cache compiling.release src/infinicore/ops/prelu/prelu_infiniop.cc[0m
[0m[38;5;2;1m[ 83%]:[0m cache compiling.release src/infinicore/ops/prepare_moe_input/prepare_moe_input.cc[0m
[0m[38;5;2;1m[ 83%]:[0m cache compiling.release src/infinicore/ops/prepare_moe_input/prepare_moe_input_infiniop.cc[0m
[0m[38;5;2;1m[ 83%]:[0m cache compiling.release src/infinicore/ops/quickgelu/quickgelu.cc[0m
[0m[38;5;2;1m[ 83%]:[0m cache compiling.release src/infinicore/ops/quickgelu/quickgelu_infiniop.cc[0m
[0m[38;5;3;1mIn file included from third_party/spdlog/include/spdlog/fmt/bundled/format.h:41,
                 from third_party/spdlog/include/spdlog/fmt/fmt.h:23,
                 from third_party/spdlog/include/spdlog/common.h:50,
                 from third_party/spdlog/include/spdlog/cfg/helpers.h:6,
                 from third_party/spdlog/include/spdlog/cfg/env.h:5,
                 from src/infinicore/ops/fp8_mla_rmsnorm_cache/../../utils.hpp:5,
                 from src/infinicore/ops/fp8_mla_rmsnorm_cache/../infiniop_impl.hpp:3,
                 from src/infinicore/ops/fp8_mla_rmsnorm_cache/fp8_mla_rmsnorm_cache_infiniop.cc:1:
In function 'constexpr OutputIt fmt::v11::detail::copy(InputIt, InputIt, OutputIt) [with T = char; InputIt = const char*; OutputIt = char*; typename std::enable_if<(! fmt::v11::detail::is_back_insert_iterator<OutputIt>::value), int>::type <anonymous> = 0]',
    inlined from 'constexpr void fmt::v11::detail::for_each_codepoint(fmt::v11::string_view, F) [with F = fmt::v11::detail::code_point_index(fmt::v11::string_view, size_t)::<lambda(uint32_t, fmt::v11::string_view)>]' at third_party/spdlog/include/spdlog/fmt/bundled/format.h:622:13,
    inlined from 'size_t fmt::v11::detail::code_point_index(fmt::v11::string_view, size_t)' at third_party/spdlog/include/spdlog/fmt/bundled/format.h:681:21,
    inlined from 'constexpr OutputIt fmt::v11::detail::write(OutputIt, fmt::v11::basic_string_view<Char>, const fmt::v11::format_specs&) [with Char = char; OutputIt = fmt::v11::basic_appender<char>]' at third_party/spdlog/include/spdlog/fmt/bundled/format.h:2119:28:
third_party/spdlog/include/spdlog/fmt/bundled/base.h:2061:31: warning: writing 8 bytes into a region of size 7 [-Wstringop-overflow=]
 2061 |   while (begin != end) *out++ = static_cast<T>(*begin++);
      |                        ~~~~~~~^~~~~~~~~~~~~~~~~~~~~~~~~~
In file included from third_party/spdlog/include/spdlog/fmt/fmt.h:23,[0m
[0m[38;5;3;1mIn file included from third_party/spdlog/include/spdlog/fmt/bundled/format.h:41,
                 from third_party/spdlog/include/spdlog/fmt/fmt.h:23,
                 from third_party/spdlog/include/spdlog/common.h:50,
                 from third_party/spdlog/include/spdlog/cfg/helpers.h:6,
                 from third_party/spdlog/include/spdlog/cfg/env.h:5,
                 from src/infinicore/ops/fused_moe_mxfp4/../../utils.hpp:5,
                 from src/infinicore/ops/fused_moe_mxfp4/../infiniop_impl.hpp:3,
                 from src/infinicore/ops/fused_moe_mxfp4/fused_moe_mxfp4_infiniop.cc:3:
In function 'constexpr OutputIt fmt::v11::detail::copy(InputIt, InputIt, OutputIt) [with T = char; InputIt = const char*; OutputIt = char*; typename std::enable_if<(! fmt::v11::detail::is_back_insert_iterator<OutputIt>::value), int>::type <anonymous> = 0]',
    inlined from 'constexpr void fmt::v11::detail::for_each_codepoint(fmt::v11::string_view, F) [with F = fmt::v11::detail::code_point_index(fmt::v11::string_view, size_t)::<lambda(uint32_t, fmt::v11::string_view)>]' at third_party/spdlog/include/spdlog/fmt/bundled/format.h:622:13,
    inlined from 'size_t fmt::v11::detail::code_point_index(fmt::v11::string_view, size_t)' at third_party/spdlog/include/spdlog/fmt/bundled/format.h:681:21,
    inlined from 'constexpr OutputIt fmt::v11::detail::write(OutputIt, fmt::v11::basic_string_view<Char>, const fmt::v11::format_specs&) [with Char = char; OutputIt = fmt::v11::basic_appender<char>]' at third_party/spdlog/include/spdlog/fmt/bundled/format.h:2119:28:
third_party/spdlog/include/spdlog/fmt/bundled/base.h:2061:31: warning: writing 8 bytes into a region of size 7 [-Wstringop-overflow=]
 2061 |   while (begin != end) *out++ = static_cast<T>(*begin++);
      |                        ~~~~~~~^~~~~~~~~~~~~~~~~~~~~~~~~~
In file included from third_party/spdlog/include/spdlog/fmt/fmt.h:23,[0m
[0m[38;5;3;1mIn file included from third_party/spdlog/include/spdlog/fmt/bundled/format.h:41,
                 from third_party/spdlog/include/spdlog/fmt/fmt.h:23,
                 from third_party/spdlog/include/spdlog/common.h:50,
                 from third_party/spdlog/include/spdlog/cfg/helpers.h:6,
                 from third_party/spdlog/include/spdlog/cfg/env.h:5,
                 from src/infinicore/ops/gelutanh/../../utils.hpp:5,
                 from src/infinicore/ops/gelutanh/gelutanh_infiniop.cc:1:
In function 'constexpr OutputIt fmt::v11::detail::copy(InputIt, InputIt, OutputIt) [with T = char; InputIt = const char*; OutputIt = char*; typename std::enable_if<(! fmt::v11::detail::is_back_insert_iterator<OutputIt>::value), int>::type <anonymous> = 0]',
    inlined from 'constexpr void fmt::v11::detail::for_each_codepoint(fmt::v11::string_view, F) [with F = fmt::v11::detail::code_point_index(fmt::v11::string_view, size_t)::<lambda(uint32_t, fmt::v11::string_view)>]' at third_party/spdlog/include/spdlog/fmt/bundled/format.h:622:13,
    inlined from 'size_t fmt::v11::detail::code_point_index(fmt::v11::string_view, size_t)' at third_party/spdlog/include/spdlog/fmt/bundled/format.h:681:21,
    inlined from 'constexpr OutputIt fmt::v11::detail::write(OutputIt, fmt::v11::basic_string_view<Char>, const fmt::v11::format_specs&) [with Char = char; OutputIt = fmt::v11::basic_appender<char>]' at third_party/spdlog/include/spdlog/fmt/bundled/format.h:2119:28:
third_party/spdlog/include/spdlog/fmt/bundled/base.h:2061:31: warning: writing 8 bytes into a region of size 7 [-Wstringop-overflow=]
 2061 |   while (begin != end) *out++ = static_cast<T>(*begin++);
      |                        ~~~~~~~^~~~~~~~~~~~~~~~~~~~~~~~~~
In file included from third_party/spdlog/include/spdlog/fmt/fmt.h:23,
                 from third_party/spdlog/include/spdlog/common.h:50,[0m
[0m[38;5;2;1m[ 83%]:[0m cache compiling.release src/infinicore/ops/random_sample/random_sample.cc[0m
[0m[38;5;2;1m[ 83%]:[0m cache compiling.release src/infinicore/ops/random_sample/random_sample_infiniop.cc[0m
[0m[38;5;2;1m[ 83%]:[0m cache compiling.release src/infinicore/ops/rearrange/rearrange.cc[0m
[0m[38;5;2;1m[ 83%]:[0m cache compiling.release src/infinicore/ops/rearrange/rearrange_infiniop.cc[0m
[0m[38;5;3;1mIn file included from third_party/spdlog/include/spdlog/fmt/bundled/format.h:41,
                 from third_party/spdlog/include/spdlog/fmt/fmt.h:23,
                 from third_party/spdlog/include/spdlog/common.h:50,
                 from third_party/spdlog/include/spdlog/cfg/helpers.h:6,
                 from third_party/spdlog/include/spdlog/cfg/env.h:5,
                 from src/infinicore/ops/fp8_sparse_mla/../../utils.hpp:5,
                 from src/infinicore/ops/fp8_sparse_mla/../infiniop_impl.hpp:3,
                 from src/infinicore/ops/fp8_sparse_mla/fp8_sparse_mla_infiniop.cc:1:
In function 'constexpr OutputIt fmt::v11::detail::copy(InputIt, InputIt, OutputIt) [with T = char; InputIt = const char*; OutputIt = char*; typename std::enable_if<(! fmt::v11::detail::is_back_insert_iterator<OutputIt>::value), int>::type <anonymous> = 0]',
    inlined from 'constexpr void fmt::v11::detail::for_each_codepoint(fmt::v11::string_view, F) [with F = fmt::v11::detail::code_point_index(fmt::v11::string_view, size_t)::<lambda(uint32_t, fmt::v11::string_view)>]' at third_party/spdlog/include/spdlog/fmt/bundled/format.h:622:13,
    inlined from 'size_t fmt::v11::detail::code_point_index(fmt::v11::string_view, size_t)' at third_party/spdlog/include/spdlog/fmt/bundled/format.h:681:21,
    inlined from 'constexpr OutputIt fmt::v11::detail::write(OutputIt, fmt::v11::basic_string_view<Char>, const fmt::v11::format_specs&) [with Char = char; OutputIt = fmt::v11::basic_appender<char>]' at third_party/spdlog/include/spdlog/fmt/bundled/format.h:2119:28:
third_party/spdlog/include/spdlog/fmt/bundled/base.h:2061:31: warning: writing 8 bytes into a region of size 7 [-Wstringop-overflow=]
 2061 |   while (begin != end) *out++ = static_cast<T>(*begin++);
      |                        ~~~~~~~^~~~~~~~~~~~~~~~~~~~~~~~~~
In file included from third_party/spdlog/include/spdlog/fmt/fmt.h:23,[0m
[0m[38;5;2;1m[ 83%]:[0m cache compiling.release src/infinicore/ops/rearrange/rearrange_infiniops.cc[0m
[0m[38;5;2;1m[ 84%]:[0m cache compiling.release src/infinicore/ops/reciprocal/reciprocal.cc[0m
[0m[38;5;2;1m[ 84%]:[0m cache compiling.release src/infinicore/ops/reciprocal/reciprocal_infiniop.cc[0m
[0m[38;5;2;1m[ 84%]:[0m cache compiling.release src/infinicore/ops/recurrent_gated_delta_rule/recurrent_gated_delta_rule.cc[0m
[0m[38;5;2;1m[ 84%]:[0m cache compiling.release src/infinicore/ops/recurrent_gated_delta_rule/recurrent_gated_delta_rule_infiniop.cc[0m
[0m[38;5;3;1mIn file included from third_party/spdlog/include/spdlog/fmt/bundled/format.h:41,
                 from third_party/spdlog/include/spdlog/fmt/fmt.h:23,
                 from third_party/spdlog/include/spdlog/common.h:50,
                 from third_party/spdlog/include/spdlog/cfg/helpers.h:6,
                 from third_party/spdlog/include/spdlog/cfg/env.h:5,
                 from src/infinicore/ops/adaptive_max_pool1d/../../utils.hpp:5,
                 from src/infinicore/ops/adaptive_max_pool1d/adaptive_max_pool1d_infiniop.cc:1:
In function 'constexpr OutputIt fmt::v11::detail::copy(InputIt, InputIt, OutputIt) [with T = char; InputIt = const char*; OutputIt = char*; typename std::enable_if<(! fmt::v11::detail::is_back_insert_iterator<OutputIt>::value), int>::type <anonymous> = 0]',
    inlined from 'constexpr void fmt::v11::detail::for_each_codepoint(fmt::v11::string_view, F) [with F = fmt::v11::detail::code_point_index(fmt::v11::string_view, size_t)::<lambda(uint32_t, fmt::v11::string_view)>]' at third_party/spdlog/include/spdlog/fmt/bundled/format.h:622:13,
    inlined from 'size_t fmt::v11::detail::code_point_index(fmt::v11::string_view, size_t)' at third_party/spdlog/include/spdlog/fmt/bundled/format.h:681:21,
    inlined from 'constexpr OutputIt fmt::v11::detail::write(OutputIt, fmt::v11::basic_string_view<Char>, const fmt::v11::format_specs&) [with Char = char; OutputIt = fmt::v11::basic_appender<char>]' at third_party/spdlog/include/spdlog/fmt/bundled/format.h:2119:28:
third_party/spdlog/include/spdlog/fmt/bundled/base.h:2061:31: warning: writing 8 bytes into a region of size 7 [-Wstringop-overflow=]
 2061 |   while (begin != end) *out++ = static_cast<T>(*begin++);
      |                        ~~~~~~~^~~~~~~~~~~~~~~~~~~~~~~~~~
In file included from third_party/spdlog/include/spdlog/fmt/fmt.h:23,
                 from third_party/spdlog/include/spdlog/common.h:50,[0m
[0m[38;5;3;1mIn file included from third_party/spdlog/include/spdlog/fmt/bundled/format.h:41,
                 from third_party/spdlog/include/spdlog/fmt/fmt.h:23,
                 from third_party/spdlog/include/spdlog/common.h:50,
                 from third_party/spdlog/include/spdlog/cfg/helpers.h:6,
                 from third_party/spdlog/include/spdlog/cfg/env.h:5,
                 from src/infinicore/ops/asinh/../../utils.hpp:5,
                 from src/infinicore/ops/asinh/asinh_infiniop.cc:1:
In function 'constexpr OutputIt fmt::v11::detail::copy(InputIt, InputIt, OutputIt) [with T = char; InputIt = const char*; OutputIt = char*; typename std::enable_if<(! fmt::v11::detail::is_back_insert_iterator<OutputIt>::value), int>::type <anonymous> = 0]',
    inlined from 'constexpr void fmt::v11::detail::for_each_codepoint(fmt::v11::string_view, F) [with F = fmt::v11::detail::code_point_index(fmt::v11::string_view, size_t)::<lambda(uint32_t, fmt::v11::string_view)>]' at third_party/spdlog/include/spdlog/fmt/bundled/format.h:622:13,
    inlined from 'size_t fmt::v11::detail::code_point_index(fmt::v11::string_view, size_t)' at third_party/spdlog/include/spdlog/fmt/bundled/format.h:681:21,
    inlined from 'constexpr OutputIt fmt::v11::detail::write(OutputIt, fmt::v11::basic_string_view<Char>, const fmt::v11::format_specs&) [with Char = char; OutputIt = fmt::v11::basic_appender<char>]' at third_party/spdlog/include/spdlog/fmt/bundled/format.h:2119:28:
third_party/spdlog/include/spdlog/fmt/bundled/base.h:2061:31: warning: writing 8 bytes into a region of size 7 [-Wstringop-overflow=]
 2061 |   while (begin != end) *out++ = static_cast<T>(*begin++);
      |                        ~~~~~~~^~~~~~~~~~~~~~~~~~~~~~~~~~
In file included from third_party/spdlog/include/spdlog/fmt/fmt.h:23,
                 from third_party/spdlog/include/spdlog/common.h:50,[0m
[0m[38;5;3;1mIn file included from third_party/spdlog/include/spdlog/fmt/bundled/format.h:41,
                 from third_party/spdlog/include/spdlog/fmt/fmt.h:23,
                 from third_party/spdlog/include/spdlog/common.h:50,
                 from third_party/spdlog/include/spdlog/cfg/helpers.h:6,
                 from third_party/spdlog/include/spdlog/cfg/env.h:5,
                 from src/infinicore/ops/addr/../../utils.hpp:5,
                 from src/infinicore/ops/addr/addr_infiniop.cc:1:
In function 'constexpr OutputIt fmt::v11::detail::copy(InputIt, InputIt, OutputIt) [with T = char; InputIt = const char*; OutputIt = char*; typename std::enable_if<(! fmt::v11::detail::is_back_insert_iterator<OutputIt>::value), int>::type <anonymous> = 0]',
    inlined from 'constexpr void fmt::v11::detail::for_each_codepoint(fmt::v11::string_view, F) [with F = fmt::v11::detail::code_point_index(fmt::v11::string_view, size_t)::<lambda(uint32_t, fmt::v11::string_view)>]' at third_party/spdlog/include/spdlog/fmt/bundled/format.h:622:13,
    inlined from 'size_t fmt::v11::detail::code_point_index(fmt::v11::string_view, size_t)' at third_party/spdlog/include/spdlog/fmt/bundled/format.h:681:21,
    inlined from 'constexpr OutputIt fmt::v11::detail::write(OutputIt, fmt::v11::basic_string_view<Char>, const fmt::v11::format_specs&) [with Char = char; OutputIt = fmt::v11::basic_appender<char>]' at third_party/spdlog/include/spdlog/fmt/bundled/format.h:2119:28:
third_party/spdlog/include/spdlog/fmt/bundled/base.h:2061:31: warning: writing 8 bytes into a region of size 7 [-Wstringop-overflow=]
 2061 |   while (begin != end) *out++ = static_cast<T>(*begin++);
      |                        ~~~~~~~^~~~~~~~~~~~~~~~~~~~~~~~~~
In file included from third_party/spdlog/include/spdlog/fmt/fmt.h:23,
                 from third_party/spdlog/include/spdlog/common.h:50,[0m
[0m[38;5;3;1mIn file included from third_party/spdlog/include/spdlog/fmt/bundled/format.h:41,
                 from third_party/spdlog/include/spdlog/fmt/fmt.h:23,
                 from third_party/spdlog/include/spdlog/common.h:50,
                 from third_party/spdlog/include/spdlog/cfg/helpers.h:6,
                 from third_party/spdlog/include/spdlog/cfg/env.h:5,
                 from src/infinicore/ops/causal_softmax/../../utils.hpp:5,
                 from src/infinicore/ops/causal_softmax/../infiniop_impl.hpp:3,
                 from src/infinicore/ops/causal_softmax/causal_softmax_infiniop.cc:3:
In function 'constexpr OutputIt fmt::v11::detail::copy(InputIt, InputIt, OutputIt) [with T = char; InputIt = const char*; OutputIt = char*; typename std::enable_if<(! fmt::v11::detail::is_back_insert_iterator<OutputIt>::value), int>::type <anonymous> = 0]',
    inlined from 'constexpr void fmt::v11::detail::for_each_codepoint(fmt::v11::string_view, F) [with F = fmt::v11::detail::code_point_index(fmt::v11::string_view, size_t)::<lambda(uint32_t, fmt::v11::string_view)>]' at third_party/spdlog/include/spdlog/fmt/bundled/format.h:622:13,
    inlined from 'size_t fmt::v11::detail::code_point_index(fmt::v11::string_view, size_t)' at third_party/spdlog/include/spdlog/fmt/bundled/format.h:681:21,
    inlined from 'constexpr OutputIt fmt::v11::detail::write(OutputIt, fmt::v11::basic_string_view<Char>, const fmt::v11::format_specs&) [with Char = char; OutputIt = fmt::v11::basic_appender<char>]' at third_party/spdlog/include/spdlog/fmt/bundled/format.h:2119:28:
third_party/spdlog/include/spdlog/fmt/bundled/base.h:2061:31: warning: writing 8 bytes into a region of size 7 [-Wstringop-overflow=]
 2061 |   while (begin != end) *out++ = static_cast<T>(*begin++);
      |                        ~~~~~~~^~~~~~~~~~~~~~~~~~~~~~~~~~
In file included from third_party/spdlog/include/spdlog/fmt/fmt.h:23,[0m
[0m[38;5;2;1m[ 84%]:[0m cache compiling.release src/infinicore/ops/relu/relu.cc[0m
[0m[38;5;2;1m[ 84%]:[0m cache compiling.release src/infinicore/ops/relu/relu_infiniop.cc[0m
[0m[38;5;2;1m[ 84%]:[0m cache compiling.release src/infinicore/ops/relu/relu_infiniops.cc[0m
[0m[38;5;2;1m[ 84%]:[0m cache compiling.release src/infinicore/ops/relu6/relu6.cc[0m
[0m[38;5;2;1m[ 84%]:[0m cache compiling.release src/infinicore/ops/relu6/relu6_infiniop.cc[0m
[0m[38;5;2;1m[ 85%]:[0m cache compiling.release src/infinicore/ops/rms_norm/rms_norm.cc[0m
[0m[38;5;3;1mIn file included from third_party/spdlog/include/spdlog/fmt/bundled/format.h:41,
                 from third_party/spdlog/include/spdlog/fmt/fmt.h:23,
                 from third_party/spdlog/include/spdlog/common.h:50,
                 from third_party/spdlog/include/spdlog/cfg/helpers.h:6,
                 from third_party/spdlog/include/spdlog/cfg/env.h:5,
                 from src/infinicore/ops/blas_copy/../../utils.hpp:5,
                 from src/infinicore/ops/blas_copy/../infiniop_impl.hpp:3,
                 from src/infinicore/ops/blas_copy/blas_copy_infiniop.cc:3:
In function 'constexpr OutputIt fmt::v11::detail::copy(InputIt, InputIt, OutputIt) [with T = char; InputIt = const char*; OutputIt = char*; typename std::enable_if<(! fmt::v11::detail::is_back_insert_iterator<OutputIt>::value), int>::type <anonymous> = 0]',
    inlined from 'constexpr void fmt::v11::detail::for_each_codepoint(fmt::v11::string_view, F) [with F = fmt::v11::detail::code_point_index(fmt::v11::string_view, size_t)::<lambda(uint32_t, fmt::v11::string_view)>]' at third_party/spdlog/include/spdlog/fmt/bundled/format.h:622:13,
    inlined from 'size_t fmt::v11::detail::code_point_index(fmt::v11::string_view, size_t)' at third_party/spdlog/include/spdlog/fmt/bundled/format.h:681:21,
    inlined from 'constexpr OutputIt fmt::v11::detail::write(OutputIt, fmt::v11::basic_string_view<Char>, const fmt::v11::format_specs&) [with Char = char; OutputIt = fmt::v11::basic_appender<char>]' at third_party/spdlog/include/spdlog/fmt/bundled/format.h:2119:28:
third_party/spdlog/include/spdlog/fmt/bundled/base.h:2061:31: warning: writing 8 bytes into a region of size 7 [-Wstringop-overflow=]
 2061 |   while (begin != end) *out++ = static_cast<T>(*begin++);
      |                        ~~~~~~~^~~~~~~~~~~~~~~~~~~~~~~~~~
In file included from third_party/spdlog/include/spdlog/fmt/fmt.h:23,[0m
[0m[38;5;2;1m[ 85%]:[0m cache compiling.release src/infinicore/ops/rms_norm/rms_norm_infiniop.cc[0m
[0m[38;5;2;1m[ 85%]:[0m cache compiling.release src/infinicore/ops/rms_norm/rms_norm_infiniops.cc[0m
[0m[38;5;3;1mIn file included from third_party/spdlog/include/spdlog/fmt/bundled/format.h:41,
                 from third_party/spdlog/include/spdlog/fmt/fmt.h:23,
                 from third_party/spdlog/include/spdlog/common.h:50,
                 from third_party/spdlog/include/spdlog/cfg/helpers.h:6,
                 from third_party/spdlog/include/spdlog/cfg/env.h:5,
                 from src/infinicore/ops/diff/../../utils.hpp:5,
                 from src/infinicore/ops/diff/../infiniop_impl.hpp:3,
                 from src/infinicore/ops/diff/diff_infiniop.cc:3:
In function 'constexpr OutputIt fmt::v11::detail::copy(InputIt, InputIt, OutputIt) [with T = char; InputIt = const char*; OutputIt = char*; typename std::enable_if<(! fmt::v11::detail::is_back_insert_iterator<OutputIt>::value), int>::type <anonymous> = 0]',
    inlined from 'constexpr void fmt::v11::detail::for_each_codepoint(fmt::v11::string_view, F) [with F = fmt::v11::detail::code_point_index(fmt::v11::string_view, size_t)::<lambda(uint32_t, fmt::v11::string_view)>]' at third_party/spdlog/include/spdlog/fmt/bundled/format.h:622:13,
    inlined from 'size_t fmt::v11::detail::code_point_index(fmt::v11::string_view, size_t)' at third_party/spdlog/include/spdlog/fmt/bundled/format.h:681:21,
    inlined from 'constexpr OutputIt fmt::v11::detail::write(OutputIt, fmt::v11::basic_string_view<Char>, const fmt::v11::format_specs&) [with Char = char; OutputIt = fmt::v11::basic_appender<char>]' at third_party/spdlog/include/spdlog/fmt/bundled/format.h:2119:28:
third_party/spdlog/include/spdlog/fmt/bundled/base.h:2061:31: warning: writing 8 bytes into a region of size 7 [-Wstringop-overflow=]
 2061 |   while (begin != end) *out++ = static_cast<T>(*begin++);
      |                        ~~~~~~~^~~~~~~~~~~~~~~~~~~~~~~~~~
In file included from third_party/spdlog/include/spdlog/fmt/fmt.h:23,[0m
[0m[38;5;3;1mIn file included from third_party/spdlog/include/spdlog/fmt/bundled/format.h:41,
                 from third_party/spdlog/include/spdlog/fmt/fmt.h:23,
                 from third_party/spdlog/include/spdlog/common.h:50,
                 from third_party/spdlog/include/spdlog/cfg/helpers.h:6,
                 from third_party/spdlog/include/spdlog/cfg/env.h:5,
                 from src/infinicore/ops/avg_pool1d/../../utils.hpp:5,
                 from src/infinicore/ops/avg_pool1d/avg_pool1d_infiniop.cc:1:
In function 'constexpr OutputIt fmt::v11::detail::copy(InputIt, InputIt, OutputIt) [with T = char; InputIt = const char*; OutputIt = char*; typename std::enable_if<(! fmt::v11::detail::is_back_insert_iterator<OutputIt>::value), int>::type <anonymous> = 0]',
    inlined from 'constexpr void fmt::v11::detail::for_each_codepoint(fmt::v11::string_view, F) [with F = fmt::v11::detail::code_point_index(fmt::v11::string_view, size_t)::<lambda(uint32_t, fmt::v11::string_view)>]' at third_party/spdlog/include/spdlog/fmt/bundled/format.h:622:13,
    inlined from 'size_t fmt::v11::detail::code_point_index(fmt::v11::string_view, size_t)' at third_party/spdlog/include/spdlog/fmt/bundled/format.h:681:21,
    inlined from 'constexpr OutputIt fmt::v11::detail::write(OutputIt, fmt::v11::basic_string_view<Char>, const fmt::v11::format_specs&) [with Char = char; OutputIt = fmt::v11::basic_appender<char>]' at third_party/spdlog/include/spdlog/fmt/bundled/format.h:2119:28:
third_party/spdlog/include/spdlog/fmt/bundled/base.h:2061:31: warning: writing 8 bytes into a region of size 7 [-Wstringop-overflow=]
 2061 |   while (begin != end) *out++ = static_cast<T>(*begin++);
      |                        ~~~~~~~^~~~~~~~~~~~~~~~~~~~~~~~~~
In file included from third_party/spdlog/include/spdlog/fmt/fmt.h:23,
                 from third_party/spdlog/include/spdlog/common.h:50,[0m
[0m[38;5;3;1mIn file included from third_party/spdlog/include/spdlog/fmt/bundled/format.h:41,
                 from third_party/spdlog/include/spdlog/fmt/fmt.h:23,
                 from third_party/spdlog/include/spdlog/common.h:50,
                 from third_party/spdlog/include/spdlog/cfg/helpers.h:6,
                 from third_party/spdlog/include/spdlog/cfg/env.h:5,
                 from src/infinicore/ops/add/../../utils.hpp:5,
                 from src/infinicore/ops/add/../infiniop_impl.hpp:3,
                 from src/infinicore/ops/add/add_infiniop.cc:3:
In function 'constexpr OutputIt fmt::v11::detail::copy(InputIt, InputIt, OutputIt) [with T = char; InputIt = const char*; OutputIt = char*; typename std::enable_if<(! fmt::v11::detail::is_back_insert_iterator<OutputIt>::value), int>::type <anonymous> = 0]',
    inlined from 'constexpr void fmt::v11::detail::for_each_codepoint(fmt::v11::string_view, F) [with F = fmt::v11::detail::code_point_index(fmt::v11::string_view, size_t)::<lambda(uint32_t, fmt::v11::string_view)>]' at third_party/spdlog/include/spdlog/fmt/bundled/format.h:622:13,
    inlined from 'size_t fmt::v11::detail::code_point_index(fmt::v11::string_view, size_t)' at third_party/spdlog/include/spdlog/fmt/bundled/format.h:681:21,
    inlined from 'constexpr OutputIt fmt::v11::detail::write(OutputIt, fmt::v11::basic_string_view<Char>, const fmt::v11::format_specs&) [with Char = char; OutputIt = fmt::v11::basic_appender<char>]' at third_party/spdlog/include/spdlog/fmt/bundled/format.h:2119:28:
third_party/spdlog/include/spdlog/fmt/bundled/base.h:2061:31: warning: writing 8 bytes into a region of size 7 [-Wstringop-overflow=]
 2061 |   while (begin != end) *out++ = static_cast<T>(*begin++);
      |                        ~~~~~~~^~~~~~~~~~~~~~~~~~~~~~~~~~
In file included from third_party/spdlog/include/spdlog/fmt/fmt.h:23,[0m
[0m[38;5;2;1m[ 85%]:[0m cache compiling.release src/infinicore/ops/rope/rope.cc[0m
[0m[38;5;2;1m[ 85%]:[0m cache compiling.release src/infinicore/ops/rope/rope_infiniop.cc[0m
[0m[38;5;2;1m[ 85%]:[0m cache compiling.release src/infinicore/ops/rot/rot.cc[0m
[0m[38;5;2;1m[ 85%]:[0m cache compiling.release src/infinicore/ops/rot/rot_infiniop.cc[0m
[0m[38;5;3;1mIn file included from third_party/spdlog/include/spdlog/fmt/bundled/format.h:41,
                 from third_party/spdlog/include/spdlog/fmt/fmt.h:23,
                 from third_party/spdlog/include/spdlog/common.h:50,
                 from third_party/spdlog/include/spdlog/cfg/helpers.h:6,
                 from third_party/spdlog/include/spdlog/cfg/env.h:5,
                 from src/infinicore/ops/addcmul/../../utils.hpp:5,
                 from src/infinicore/ops/addcmul/addcmul_infiniop.cc:1:
In function 'constexpr OutputIt fmt::v11::detail::copy(InputIt, InputIt, OutputIt) [with T = char; InputIt = const char*; OutputIt = char*; typename std::enable_if<(! fmt::v11::detail::is_back_insert_iterator<OutputIt>::value), int>::type <anonymous> = 0]',
    inlined from 'constexpr void fmt::v11::detail::for_each_codepoint(fmt::v11::string_view, F) [with F = fmt::v11::detail::code_point_index(fmt::v11::string_view, size_t)::<lambda(uint32_t, fmt::v11::string_view)>]' at third_party/spdlog/include/spdlog/fmt/bundled/format.h:622:13,
    inlined from 'size_t fmt::v11::detail::code_point_index(fmt::v11::string_view, size_t)' at third_party/spdlog/include/spdlog/fmt/bundled/format.h:681:21,
    inlined from 'constexpr OutputIt fmt::v11::detail::write(OutputIt, fmt::v11::basic_string_view<Char>, const fmt::v11::format_specs&) [with Char = char; OutputIt = fmt::v11::basic_appender<char>]' at third_party/spdlog/include/spdlog/fmt/bundled/format.h:2119:28:
third_party/spdlog/include/spdlog/fmt/bundled/base.h:2061:31: warning: writing 8 bytes into a region of size 7 [-Wstringop-overflow=]
 2061 |   while (begin != end) *out++ = static_cast<T>(*begin++);
      |                        ~~~~~~~^~~~~~~~~~~~~~~~~~~~~~~~~~
In file included from third_party/spdlog/include/spdlog/fmt/fmt.h:23,
                 from third_party/spdlog/include/spdlog/common.h:50,[0m
[0m[38;5;3;1mIn file included from third_party/spdlog/include/spdlog/fmt/bundled/format.h:41,
                 from third_party/spdlog/include/spdlog/fmt/fmt.h:23,
                 from third_party/spdlog/include/spdlog/common.h:50,
                 from third_party/spdlog/include/spdlog/cfg/helpers.h:6,
                 from third_party/spdlog/include/spdlog/cfg/env.h:5,
                 from src/infinicore/ops/fp8_indexer_logits/../../utils.hpp:5,
                 from src/infinicore/ops/fp8_indexer_logits/../infiniop_impl.hpp:3,
                 from src/infinicore/ops/fp8_indexer_logits/fp8_indexer_logits_infiniop.cc:1:
In function 'constexpr OutputIt fmt::v11::detail::copy(InputIt, InputIt, OutputIt) [with T = char; InputIt = const char*; OutputIt = char*; typename std::enable_if<(! fmt::v11::detail::is_back_insert_iterator<OutputIt>::value), int>::type <anonymous> = 0]',
    inlined from 'constexpr void fmt::v11::detail::for_each_codepoint(fmt::v11::string_view, F) [with F = fmt::v11::detail::code_point_index(fmt::v11::string_view, size_t)::<lambda(uint32_t, fmt::v11::string_view)>]' at third_party/spdlog/include/spdlog/fmt/bundled/format.h:622:13,
    inlined from 'size_t fmt::v11::detail::code_point_index(fmt::v11::string_view, size_t)' at third_party/spdlog/include/spdlog/fmt/bundled/format.h:681:21,
    inlined from 'constexpr OutputIt fmt::v11::detail::write(OutputIt, fmt::v11::basic_string_view<Char>, const fmt::v11::format_specs&) [with Char = char; OutputIt = fmt::v11::basic_appender<char>]' at third_party/spdlog/include/spdlog/fmt/bundled/format.h:2119:28:
third_party/spdlog/include/spdlog/fmt/bundled/base.h:2061:31: warning: writing 8 bytes into a region of size 7 [-Wstringop-overflow=]
 2061 |   while (begin != end) *out++ = static_cast<T>(*begin++);
      |                        ~~~~~~~^~~~~~~~~~~~~~~~~~~~~~~~~~
In file included from third_party/spdlog/include/spdlog/fmt/fmt.h:23,[0m
[0m[38;5;2;1m[ 85%]:[0m cache compiling.release src/infinicore/ops/rotary_embedding/rotary_embedding.cc[0m
[0m[38;5;2;1m[ 85%]:[0m cache compiling.release src/infinicore/ops/rotary_embedding/rotary_embedding_infiniops.cc[0m
[0m[38;5;2;1m[ 85%]:[0m cache compiling.release src/infinicore/ops/rotg/rotg.cc[0m
[0m[38;5;2;1m[ 86%]:[0m cache compiling.release src/infinicore/ops/rotg/rotg_infiniop.cc[0m
[0m[38;5;3;1mIn file included from third_party/spdlog/include/spdlog/fmt/bundled/format.h:41,
                 from third_party/spdlog/include/spdlog/fmt/fmt.h:23,
                 from third_party/spdlog/include/spdlog/common.h:50,
                 from third_party/spdlog/include/spdlog/cfg/helpers.h:6,
                 from third_party/spdlog/include/spdlog/cfg/env.h:5,
                 from src/infinicore/ops/affine_grid/../../utils.hpp:5,
                 from src/infinicore/ops/affine_grid/affine_grid_infiniop.cc:1:
In function 'constexpr OutputIt fmt::v11::detail::copy(InputIt, InputIt, OutputIt) [with T = char; InputIt = const char*; OutputIt = char*; typename std::enable_if<(! fmt::v11::detail::is_back_insert_iterator<OutputIt>::value), int>::type <anonymous> = 0]',
    inlined from 'constexpr void fmt::v11::detail::for_each_codepoint(fmt::v11::string_view, F) [with F = fmt::v11::detail::code_point_index(fmt::v11::string_view, size_t)::<lambda(uint32_t, fmt::v11::string_view)>]' at third_party/spdlog/include/spdlog/fmt/bundled/format.h:622:13,
    inlined from 'size_t fmt::v11::detail::code_point_index(fmt::v11::string_view, size_t)' at third_party/spdlog/include/spdlog/fmt/bundled/format.h:681:21,
    inlined from 'constexpr OutputIt fmt::v11::detail::write(OutputIt, fmt::v11::basic_string_view<Char>, const fmt::v11::format_specs&) [with Char = char; OutputIt = fmt::v11::basic_appender<char>]' at third_party/spdlog/include/spdlog/fmt/bundled/format.h:2119:28:
third_party/spdlog/include/spdlog/fmt/bundled/base.h:2061:31: warning: writing 8 bytes into a region of size 7 [-Wstringop-overflow=]
 2061 |   while (begin != end) *out++ = static_cast<T>(*begin++);
      |                        ~~~~~~~^~~~~~~~~~~~~~~~~~~~~~~~~~
In file included from third_party/spdlog/include/spdlog/fmt/fmt.h:23,
                 from third_party/spdlog/include/spdlog/common.h:50,[0m
[0m[38;5;2;1m[ 86%]:[0m cache compiling.release src/infinicore/ops/rotm/rotm.cc[0m
[0m[38;5;2;1m[ 86%]:[0m cache compiling.release src/infinicore/ops/rotm/rotm_infiniop.cc[0m
[0m[38;5;3;1mIn file included from third_party/spdlog/include/spdlog/fmt/bundled/format.h:41,
                 from third_party/spdlog/include/spdlog/fmt/fmt.h:23,
                 from third_party/spdlog/include/spdlog/common.h:50,
                 from third_party/spdlog/include/spdlog/cfg/helpers.h:6,
                 from third_party/spdlog/include/spdlog/cfg/env.h:5,
                 from src/infinicore/ops/deepseek_moe/../../utils.hpp:5,
                 from src/infinicore/ops/deepseek_moe/../infiniop_impl.hpp:3,
                 from src/infinicore/ops/deepseek_moe/deepseek_moe_infiniop.cc:3:
In function 'constexpr OutputIt fmt::v11::detail::copy(InputIt, InputIt, OutputIt) [with T = char; InputIt = const char*; OutputIt = char*; typename std::enable_if<(! fmt::v11::detail::is_back_insert_iterator<OutputIt>::value), int>::type <anonymous> = 0]',
    inlined from 'constexpr void fmt::v11::detail::for_each_codepoint(fmt::v11::string_view, F) [with F = fmt::v11::detail::code_point_index(fmt::v11::string_view, size_t)::<lambda(uint32_t, fmt::v11::string_view)>]' at third_party/spdlog/include/spdlog/fmt/bundled/format.h:622:13,
    inlined from 'size_t fmt::v11::detail::code_point_index(fmt::v11::string_view, size_t)' at third_party/spdlog/include/spdlog/fmt/bundled/format.h:681:21,
    inlined from 'constexpr OutputIt fmt::v11::detail::write(OutputIt, fmt::v11::basic_string_view<Char>, const fmt::v11::format_specs&) [with Char = char; OutputIt = fmt::v11::basic_appender<char>]' at third_party/spdlog/include/spdlog/fmt/bundled/format.h:2119:28:
third_party/spdlog/include/spdlog/fmt/bundled/base.h:2061:31: warning: writing 8 bytes into a region of size 7 [-Wstringop-overflow=]
 2061 |   while (begin != end) *out++ = static_cast<T>(*begin++);
      |                        ~~~~~~~^~~~~~~~~~~~~~~~~~~~~~~~~~
In file included from third_party/spdlog/include/spdlog/fmt/fmt.h:23,[0m
[0m[38;5;2;1m[ 86%]:[0m cache compiling.release src/infinicore/ops/rotmg/rotmg.cc[0m
[0m[38;5;3;1mIn file included from third_party/spdlog/include/spdlog/fmt/bundled/format.h:41,
                 from third_party/spdlog/include/spdlog/fmt/fmt.h:23,
                 from third_party/spdlog/include/spdlog/common.h:50,
                 from third_party/spdlog/include/spdlog/cfg/helpers.h:6,
                 from third_party/spdlog/include/spdlog/cfg/env.h:5,
                 from src/infinicore/ops/blas_dot/../../utils.hpp:5,
                 from src/infinicore/ops/blas_dot/../infiniop_impl.hpp:3,
                 from src/infinicore/ops/blas_dot/blas_dot_infiniop.cc:3:
In function 'constexpr OutputIt fmt::v11::detail::copy(InputIt, InputIt, OutputIt) [with T = char; InputIt = const char*; OutputIt = char*; typename std::enable_if<(! fmt::v11::detail::is_back_insert_iterator<OutputIt>::value), int>::type <anonymous> = 0]',
    inlined from 'constexpr void fmt::v11::detail::for_each_codepoint(fmt::v11::string_view, F) [with F = fmt::v11::detail::code_point_index(fmt::v11::string_view, size_t)::<lambda(uint32_t, fmt::v11::string_view)>]' at third_party/spdlog/include/spdlog/fmt/bundled/format.h:622:13,
    inlined from 'size_t fmt::v11::detail::code_point_index(fmt::v11::string_view, size_t)' at third_party/spdlog/include/spdlog/fmt/bundled/format.h:681:21,
    inlined from 'constexpr OutputIt fmt::v11::detail::write(OutputIt, fmt::v11::basic_string_view<Char>, const fmt::v11::format_specs&) [with Char = char; OutputIt = fmt::v11::basic_appender<char>]' at third_party/spdlog/include/spdlog/fmt/bundled/format.h:2119:28:
third_party/spdlog/include/spdlog/fmt/bundled/base.h:2061:31: warning: writing 8 bytes into a region of size 7 [-Wstringop-overflow=]
 2061 |   while (begin != end) *out++ = static_cast<T>(*begin++);
      |                        ~~~~~~~^~~~~~~~~~~~~~~~~~~~~~~~~~
In file included from third_party/spdlog/include/spdlog/fmt/fmt.h:23,[0m
[0m[38;5;3;1mIn file included from third_party/spdlog/include/spdlog/fmt/bundled/format.h:41,
                 from third_party/spdlog/include/spdlog/fmt/fmt.h:23,
                 from third_party/spdlog/include/spdlog/common.h:50,
                 from third_party/spdlog/include/spdlog/cfg/helpers.h:6,
                 from third_party/spdlog/include/spdlog/cfg/env.h:5,
                 from src/infinicore/ops/equal/../../utils.hpp:5,
                 from src/infinicore/ops/equal/equal_infiniop.cc:1:
In function 'constexpr OutputIt fmt::v11::detail::copy(InputIt, InputIt, OutputIt) [with T = char; InputIt = const char*; OutputIt = char*; typename std::enable_if<(! fmt::v11::detail::is_back_insert_iterator<OutputIt>::value), int>::type <anonymous> = 0]',
    inlined from 'constexpr void fmt::v11::detail::for_each_codepoint(fmt::v11::string_view, F) [with F = fmt::v11::detail::code_point_index(fmt::v11::string_view, size_t)::<lambda(uint32_t, fmt::v11::string_view)>]' at third_party/spdlog/include/spdlog/fmt/bundled/format.h:622:13,
    inlined from 'size_t fmt::v11::detail::code_point_index(fmt::v11::string_view, size_t)' at third_party/spdlog/include/spdlog/fmt/bundled/format.h:681:21,
    inlined from 'constexpr OutputIt fmt::v11::detail::write(OutputIt, fmt::v11::basic_string_view<Char>, const fmt::v11::format_specs&) [with Char = char; OutputIt = fmt::v11::basic_appender<char>]' at third_party/spdlog/include/spdlog/fmt/bundled/format.h:2119:28:
third_party/spdlog/include/spdlog/fmt/bundled/base.h:2061:31: warning: writing 8 bytes into a region of size 7 [-Wstringop-overflow=]
 2061 |   while (begin != end) *out++ = static_cast<T>(*begin++);
      |                        ~~~~~~~^~~~~~~~~~~~~~~~~~~~~~~~~~
In file included from third_party/spdlog/include/spdlog/fmt/fmt.h:23,
                 from third_party/spdlog/include/spdlog/common.h:50,[0m
[0m[38;5;2;1m[ 86%]:[0m cache compiling.release src/infinicore/ops/rotmg/rotmg_infiniop.cc[0m
[0m[38;5;2;1m[ 86%]:[0m cache compiling.release src/infinicore/ops/rwkv5_wkv/rwkv5_wkv.cc[0m
[0m[38;5;2;1m[ 86%]:[0m cache compiling.release src/infinicore/ops/rwkv5_wkv/rwkv5_wkv_infiniop.cc[0m
[0m[38;5;2;1m[ 86%]:[0m cache compiling.release src/infinicore/ops/scal/scal.cc[0m
[0m[38;5;3;1mIn file included from third_party/spdlog/include/spdlog/fmt/bundled/format.h:41,
                 from third_party/spdlog/include/spdlog/fmt/fmt.h:23,
                 from third_party/spdlog/include/spdlog/common.h:50,
                 from third_party/spdlog/include/spdlog/cfg/helpers.h:6,
                 from third_party/spdlog/include/spdlog/cfg/env.h:5,
                 from src/infinicore/ops/gaussian_nll_loss/../../utils.hpp:5,
                 from src/infinicore/ops/gaussian_nll_loss/../infiniop_impl.hpp:3,
                 from src/infinicore/ops/gaussian_nll_loss/gaussian_nll_loss_infiniop.cc:5:
In function 'constexpr OutputIt fmt::v11::detail::copy(InputIt, InputIt, OutputIt) [with T = char; InputIt = const char*; OutputIt = char*; typename std::enable_if<(! fmt::v11::detail::is_back_insert_iterator<OutputIt>::value), int>::type <anonymous> = 0]',
    inlined from 'constexpr void fmt::v11::detail::for_each_codepoint(fmt::v11::string_view, F) [with F = fmt::v11::detail::code_point_index(fmt::v11::string_view, size_t)::<lambda(uint32_t, fmt::v11::string_view)>]' at third_party/spdlog/include/spdlog/fmt/bundled/format.h:622:13,
    inlined from 'size_t fmt::v11::detail::code_point_index(fmt::v11::string_view, size_t)' at third_party/spdlog/include/spdlog/fmt/bundled/format.h:681:21,
    inlined from 'constexpr OutputIt fmt::v11::detail::write(OutputIt, fmt::v11::basic_string_view<Char>, const fmt::v11::format_specs&) [with Char = char; OutputIt = fmt::v11::basic_appender<char>]' at third_party/spdlog/include/spdlog/fmt/bundled/format.h:2119:28:
third_party/spdlog/include/spdlog/fmt/bundled/base.h:2061:31: warning: writing 8 bytes into a region of size 7 [-Wstringop-overflow=]
 2061 |   while (begin != end) *out++ = static_cast<T>(*begin++);
      |                        ~~~~~~~^~~~~~~~~~~~~~~~~~~~~~~~~~
In file included from third_party/spdlog/include/spdlog/fmt/fmt.h:23,[0m
[0m[38;5;2;1m[ 86%]:[0m cache compiling.release src/infinicore/ops/scal/scal_infiniop.cc[0m
[0m[38;5;2;1m[ 86%]:[0m cache compiling.release src/infinicore/ops/scaled_mm_i8/scaled_mm_i8.cc[0m
[0m[38;5;3;1mIn file included from third_party/spdlog/include/spdlog/fmt/bundled/format.h:41,
                 from third_party/spdlog/include/spdlog/fmt/fmt.h:23,
                 from third_party/spdlog/include/spdlog/common.h:50,
                 from third_party/spdlog/include/spdlog/cfg/helpers.h:6,
                 from third_party/spdlog/include/spdlog/cfg/env.h:5,
                 from src/infinicore/ops/atanh/../../utils.hpp:5,
                 from src/infinicore/ops/atanh/atanh_infiniop.cc:1:
In function 'constexpr OutputIt fmt::v11::detail::copy(InputIt, InputIt, OutputIt) [with T = char; InputIt = const char*; OutputIt = char*; typename std::enable_if<(! fmt::v11::detail::is_back_insert_iterator<OutputIt>::value), int>::type <anonymous> = 0]',
    inlined from 'constexpr void fmt::v11::detail::for_each_codepoint(fmt::v11::string_view, F) [with F = fmt::v11::detail::code_point_index(fmt::v11::string_view, size_t)::<lambda(uint32_t, fmt::v11::string_view)>]' at third_party/spdlog/include/spdlog/fmt/bundled/format.h:622:13,
    inlined from 'size_t fmt::v11::detail::code_point_index(fmt::v11::string_view, size_t)' at third_party/spdlog/include/spdlog/fmt/bundled/format.h:681:21,
    inlined from 'constexpr OutputIt fmt::v11::detail::write(OutputIt, fmt::v11::basic_string_view<Char>, const fmt::v11::format_specs&) [with Char = char; OutputIt = fmt::v11::basic_appender<char>]' at third_party/spdlog/include/spdlog/fmt/bundled/format.h:2119:28:
third_party/spdlog/include/spdlog/fmt/bundled/base.h:2061:31: warning: writing 8 bytes into a region of size 7 [-Wstringop-overflow=]
 2061 |   while (begin != end) *out++ = static_cast<T>(*begin++);
      |                        ~~~~~~~^~~~~~~~~~~~~~~~~~~~~~~~~~
In file included from third_party/spdlog/include/spdlog/fmt/fmt.h:23,
                 from third_party/spdlog/include/spdlog/common.h:50,[0m
[0m[38;5;3;1mIn file included from third_party/spdlog/include/spdlog/fmt/bundled/format.h:41,
                 from third_party/spdlog/include/spdlog/fmt/fmt.h:23,
                 from third_party/spdlog/include/spdlog/common.h:50,
                 from third_party/spdlog/include/spdlog/cfg/helpers.h:6,
                 from third_party/spdlog/include/spdlog/cfg/env.h:5,
                 from src/infinicore/ops/attention/../../utils.hpp:5,
                 from src/infinicore/ops/attention/attention_infiniop.cc:1:
In function 'constexpr OutputIt fmt::v11::detail::copy(InputIt, InputIt, OutputIt) [with T = char; InputIt = const char*; OutputIt = char*; typename std::enable_if<(! fmt::v11::detail::is_back_insert_iterator<OutputIt>::value), int>::type <anonymous> = 0]',
    inlined from 'constexpr void fmt::v11::detail::for_each_codepoint(fmt::v11::string_view, F) [with F = fmt::v11::detail::code_point_index(fmt::v11::string_view, size_t)::<lambda(uint32_t, fmt::v11::string_view)>]' at third_party/spdlog/include/spdlog/fmt/bundled/format.h:622:13,
    inlined from 'size_t fmt::v11::detail::code_point_index(fmt::v11::string_view, size_t)' at third_party/spdlog/include/spdlog/fmt/bundled/format.h:681:21,
    inlined from 'constexpr OutputIt fmt::v11::detail::write(OutputIt, fmt::v11::basic_string_view<Char>, const fmt::v11::format_specs&) [with Char = char; OutputIt = fmt::v11::basic_appender<char>]' at third_party/spdlog/include/spdlog/fmt/bundled/format.h:2119:28:
third_party/spdlog/include/spdlog/fmt/bundled/base.h:2061:31: warning: writing 8 bytes into a region of size 7 [-Wstringop-overflow=]
 2061 |   while (begin != end) *out++ = static_cast<T>(*begin++);
      |                        ~~~~~~~^~~~~~~~~~~~~~~~~~~~~~~~~~
In file included from third_party/spdlog/include/spdlog/fmt/fmt.h:23,
                 from third_party/spdlog/include/spdlog/common.h:50,[0m
[0m[38;5;3;1mIn file included from third_party/spdlog/include/spdlog/fmt/bundled/format.h:41,
                 from third_party/spdlog/include/spdlog/fmt/fmt.h:23,
                 from third_party/spdlog/include/spdlog/common.h:50,
                 from third_party/spdlog/include/spdlog/cfg/helpers.h:6,
                 from third_party/spdlog/include/spdlog/cfg/env.h:5,
                 from src/infinicore/ops/fused_moe/../../utils.hpp:5,
                 from src/infinicore/ops/fused_moe/../infiniop_impl.hpp:3,
                 from src/infinicore/ops/fused_moe/fused_moe_infiniop.cc:3:
In function 'constexpr OutputIt fmt::v11::detail::copy(InputIt, InputIt, OutputIt) [with T = char; InputIt = const char*; OutputIt = char*; typename std::enable_if<(! fmt::v11::detail::is_back_insert_iterator<OutputIt>::value), int>::type <anonymous> = 0]',
    inlined from 'constexpr void fmt::v11::detail::for_each_codepoint(fmt::v11::string_view, F) [with F = fmt::v11::detail::code_point_index(fmt::v11::string_view, size_t)::<lambda(uint32_t, fmt::v11::string_view)>]' at third_party/spdlog/include/spdlog/fmt/bundled/format.h:622:13,
    inlined from 'size_t fmt::v11::detail::code_point_index(fmt::v11::string_view, size_t)' at third_party/spdlog/include/spdlog/fmt/bundled/format.h:681:21,
    inlined from 'constexpr OutputIt fmt::v11::detail::write(OutputIt, fmt::v11::basic_string_view<Char>, const fmt::v11::format_specs&) [with Char = char; OutputIt = fmt::v11::basic_appender<char>]' at third_party/spdlog/include/spdlog/fmt/bundled/format.h:2119:28:
third_party/spdlog/include/spdlog/fmt/bundled/base.h:2061:31: warning: writing 8 bytes into a region of size 7 [-Wstringop-overflow=]
 2061 |   while (begin != end) *out++ = static_cast<T>(*begin++);
      |                        ~~~~~~~^~~~~~~~~~~~~~~~~~~~~~~~~~
In file included from third_party/spdlog/include/spdlog/fmt/fmt.h:23,[0m
[0m[38;5;2;1m[ 87%]:[0m cache compiling.release src/infinicore/ops/scaled_mm_i8/scaled_mm_i8_infiniop.cc[0m
[0m[38;5;2;1m[ 87%]:[0m cache compiling.release src/infinicore/ops/scaled_mm_w4a16_gptq_qy/scaled_mm_w4a16_gptq_qy.cc[0m
[0m[38;5;2;1m[ 87%]:[0m cache compiling.release src/infinicore/ops/scaled_mm_w4a16_gptq_qy/scaled_mm_w4a16_gptq_qy_infiniop.cc[0m
[0m[38;5;2;1m[ 87%]:[0m cache compiling.release src/infinicore/ops/scaled_mm_w4a8/scaled_mm_w4a8.cc[0m
[0m[38;5;3;1mIn file included from third_party/spdlog/include/spdlog/fmt/bundled/format.h:41,
                 from third_party/spdlog/include/spdlog/fmt/fmt.h:23,
                 from third_party/spdlog/include/spdlog/common.h:50,
                 from third_party/spdlog/include/spdlog/cfg/helpers.h:6,
                 from third_party/spdlog/include/spdlog/cfg/env.h:5,
                 from src/infinicore/ops/all/../../utils.hpp:5,
                 from src/infinicore/ops/all/all_infiniop.cc:1:
In function 'constexpr OutputIt fmt::v11::detail::copy(InputIt, InputIt, OutputIt) [with T = char; InputIt = const char*; OutputIt = char*; typename std::enable_if<(! fmt::v11::detail::is_back_insert_iterator<OutputIt>::value), int>::type <anonymous> = 0]',
    inlined from 'constexpr void fmt::v11::detail::for_each_codepoint(fmt::v11::string_view, F) [with F = fmt::v11::detail::code_point_index(fmt::v11::string_view, size_t)::<lambda(uint32_t, fmt::v11::string_view)>]' at third_party/spdlog/include/spdlog/fmt/bundled/format.h:622:13,
    inlined from 'size_t fmt::v11::detail::code_point_index(fmt::v11::string_view, size_t)' at third_party/spdlog/include/spdlog/fmt/bundled/format.h:681:21,
    inlined from 'constexpr OutputIt fmt::v11::detail::write(OutputIt, fmt::v11::basic_string_view<Char>, const fmt::v11::format_specs&) [with Char = char; OutputIt = fmt::v11::basic_appender<char>]' at third_party/spdlog/include/spdlog/fmt/bundled/format.h:2119:28:
third_party/spdlog/include/spdlog/fmt/bundled/base.h:2061:31: warning: writing 8 bytes into a region of size 7 [-Wstringop-overflow=]
 2061 |   while (begin != end) *out++ = static_cast<T>(*begin++);
      |                        ~~~~~~~^~~~~~~~~~~~~~~~~~~~~~~~~~
In file included from third_party/spdlog/include/spdlog/fmt/fmt.h:23,
                 from third_party/spdlog/include/spdlog/common.h:50,[0m
[0m[38;5;2;1m[ 87%]:[0m cache compiling.release src/infinicore/ops/scaled_mm_w8a8/scaled_mm_w8a8.cc[0m
[0m[38;5;2;1m[ 87%]:[0m cache compiling.release src/infinicore/ops/scatter/scatter.cc[0m
[0m[38;5;2;1m[ 87%]:[0m cache compiling.release src/infinicore/ops/scatter/scatter_infiniop.cc[0m
[0m[38;5;2;1m[ 87%]:[0m cache compiling.release src/infinicore/ops/select_last_token_hidden/select_last_token_hidden.cc[0m
[0m[38;5;2;1m[ 87%]:[0m cache compiling.release src/infinicore/ops/select_last_token_hidden/select_last_token_hidden_infiniop.cc[0m
[0m[38;5;3;1mIn file included from third_party/spdlog/include/spdlog/fmt/bundled/format.h:41,
                 from third_party/spdlog/include/spdlog/fmt/fmt.h:23,
                 from third_party/spdlog/include/spdlog/common.h:50,
                 from third_party/spdlog/include/spdlog/cfg/helpers.h:6,
                 from third_party/spdlog/include/spdlog/cfg/env.h:5,
                 from src/infinicore/ops/asum/../../utils.hpp:5,
                 from src/infinicore/ops/asum/../infiniop_impl.hpp:3,
                 from src/infinicore/ops/asum/asum_infiniop.cc:3:
In function 'constexpr OutputIt fmt::v11::detail::copy(InputIt, InputIt, OutputIt) [with T = char; InputIt = const char*; OutputIt = char*; typename std::enable_if<(! fmt::v11::detail::is_back_insert_iterator<OutputIt>::value), int>::type <anonymous> = 0]',
    inlined from 'constexpr void fmt::v11::detail::for_each_codepoint(fmt::v11::string_view, F) [with F = fmt::v11::detail::code_point_index(fmt::v11::string_view, size_t)::<lambda(uint32_t, fmt::v11::string_view)>]' at third_party/spdlog/include/spdlog/fmt/bundled/format.h:622:13,
    inlined from 'size_t fmt::v11::detail::code_point_index(fmt::v11::string_view, size_t)' at third_party/spdlog/include/spdlog/fmt/bundled/format.h:681:21,
    inlined from 'constexpr OutputIt fmt::v11::detail::write(OutputIt, fmt::v11::basic_string_view<Char>, const fmt::v11::format_specs&) [with Char = char; OutputIt = fmt::v11::basic_appender<char>]' at third_party/spdlog/include/spdlog/fmt/bundled/format.h:2119:28:
third_party/spdlog/include/spdlog/fmt/bundled/base.h:2061:31: warning: writing 8 bytes into a region of size 7 [-Wstringop-overflow=]
 2061 |   while (begin != end) *out++ = static_cast<T>(*begin++);
      |                        ~~~~~~~^~~~~~~~~~~~~~~~~~~~~~~~~~
In file included from third_party/spdlog/include/spdlog/fmt/fmt.h:23,[0m
[0m[38;5;2;1m[ 88%]:[0m cache compiling.release src/infinicore/ops/selu/selu.cc[0m
[0m[38;5;2;1m[ 88%]:[0m cache compiling.release src/infinicore/ops/selu/selu_infiniop.cc[0m
[0m[38;5;3;1mIn file included from third_party/spdlog/include/spdlog/fmt/bundled/format.h:41,
                 from third_party/spdlog/include/spdlog/fmt/fmt.h:23,
                 from third_party/spdlog/include/spdlog/common.h:50,
                 from third_party/spdlog/include/spdlog/cfg/helpers.h:6,
                 from third_party/spdlog/include/spdlog/cfg/env.h:5,
                 from src/infinicore/ops/gelu/../../utils.hpp:5,
                 from src/infinicore/ops/gelu/gelu_infiniop.cc:1:
In function 'constexpr OutputIt fmt::v11::detail::copy(InputIt, InputIt, OutputIt) [with T = char; InputIt = const char*; OutputIt = char*; typename std::enable_if<(! fmt::v11::detail::is_back_insert_iterator<OutputIt>::value), int>::type <anonymous> = 0]',
    inlined from 'constexpr void fmt::v11::detail::for_each_codepoint(fmt::v11::string_view, F) [with F = fmt::v11::detail::code_point_index(fmt::v11::string_view, size_t)::<lambda(uint32_t, fmt::v11::string_view)>]' at third_party/spdlog/include/spdlog/fmt/bundled/format.h:622:13,
    inlined from 'size_t fmt::v11::detail::code_point_index(fmt::v11::string_view, size_t)' at third_party/spdlog/include/spdlog/fmt/bundled/format.h:681:21,
    inlined from 'constexpr OutputIt fmt::v11::detail::write(OutputIt, fmt::v11::basic_string_view<Char>, const fmt::v11::format_specs&) [with Char = char; OutputIt = fmt::v11::basic_appender<char>]' at third_party/spdlog/include/spdlog/fmt/bundled/format.h:2119:28:
third_party/spdlog/include/spdlog/fmt/bundled/base.h:2061:31: warning: writing 8 bytes into a region of size 7 [-Wstringop-overflow=]
 2061 |   while (begin != end) *out++ = static_cast<T>(*begin++);
      |                        ~~~~~~~^~~~~~~~~~~~~~~~~~~~~~~~~~
In file included from third_party/spdlog/include/spdlog/fmt/fmt.h:23,
                 from third_party/spdlog/include/spdlog/common.h:50,[0m
[0m[38;5;2;1m[ 88%]:[0m cache compiling.release src/infinicore/ops/sigmoid/sigmoid.cc[0m
[0m[38;5;2;1m[ 88%]:[0m cache compiling.release src/infinicore/ops/sigmoid/sigmoid_infiniop.cc[0m
[0m[38;5;2;1m[ 88%]:[0m cache compiling.release src/infinicore/ops/sigmoid/sigmoid_infiniops.cc[0m
[0m[38;5;2;1m[ 88%]:[0m cache compiling.release src/infinicore/ops/silu/silu.cc[0m
[0m[38;5;2;1m[ 88%]:[0m cache compiling.release src/infinicore/ops/silu/silu_infiniop.cc[0m
[0m[38;5;3;1mIn file included from third_party/spdlog/include/spdlog/fmt/bundled/format.h:41,
                 from third_party/spdlog/include/spdlog/fmt/fmt.h:23,
                 from third_party/spdlog/include/spdlog/common.h:50,
                 from third_party/spdlog/include/spdlog/cfg/helpers.h:6,
                 from third_party/spdlog/include/spdlog/cfg/env.h:5,
                 from src/infinicore/ops/fp8_indexer_quant/../../utils.hpp:5,
                 from src/infinicore/ops/fp8_indexer_quant/../infiniop_impl.hpp:3,
                 from src/infinicore/ops/fp8_indexer_quant/fp8_indexer_quant_infiniop.cc:1:
In function 'constexpr OutputIt fmt::v11::detail::copy(InputIt, InputIt, OutputIt) [with T = char; InputIt = const char*; OutputIt = char*; typename std::enable_if<(! fmt::v11::detail::is_back_insert_iterator<OutputIt>::value), int>::type <anonymous> = 0]',
    inlined from 'constexpr void fmt::v11::detail::for_each_codepoint(fmt::v11::string_view, F) [with F = fmt::v11::detail::code_point_index(fmt::v11::string_view, size_t)::<lambda(uint32_t, fmt::v11::string_view)>]' at third_party/spdlog/include/spdlog/fmt/bundled/format.h:622:13,
    inlined from 'size_t fmt::v11::detail::code_point_index(fmt::v11::string_view, size_t)' at third_party/spdlog/include/spdlog/fmt/bundled/format.h:681:21,
    inlined from 'constexpr OutputIt fmt::v11::detail::write(OutputIt, fmt::v11::basic_string_view<Char>, const fmt::v11::format_specs&) [with Char = char; OutputIt = fmt::v11::basic_appender<char>]' at third_party/spdlog/include/spdlog/fmt/bundled/format.h:2119:28:
third_party/spdlog/include/spdlog/fmt/bundled/base.h:2061:31: warning: writing 8 bytes into a region of size 7 [-Wstringop-overflow=]
 2061 |   while (begin != end) *out++ = static_cast<T>(*begin++);
      |                        ~~~~~~~^~~~~~~~~~~~~~~~~~~~~~~~~~
In file included from third_party/spdlog/include/spdlog/fmt/fmt.h:23,[0m
[0m[38;5;2;1m[ 88%]:[0m cache compiling.release src/infinicore/ops/silu/silu_infiniops.cc[0m
[0m[38;5;2;1m[ 88%]:[0m cache compiling.release src/infinicore/ops/silu_and_mul/silu_and_mul.cc[0m
[0m[38;5;2;1m[ 88%]:[0m cache compiling.release src/infinicore/ops/silu_and_mul/silu_and_mul_infiniop.cc[0m
[0m[38;5;3;1mIn file included from third_party/spdlog/include/spdlog/fmt/bundled/format.h:41,
                 from third_party/spdlog/include/spdlog/fmt/fmt.h:23,
                 from third_party/spdlog/include/spdlog/common.h:50,
                 from third_party/spdlog/include/spdlog/cfg/helpers.h:6,
                 from third_party/spdlog/include/spdlog/cfg/env.h:5,
                 from src/infinicore/ops/embedding/../../utils.hpp:5,
                 from src/infinicore/ops/embedding/../infiniop_impl.hpp:3,
                 from src/infinicore/ops/embedding/embedding_infiniop.cc:1:
In function 'constexpr OutputIt fmt::v11::detail::copy(InputIt, InputIt, OutputIt) [with T = char; InputIt = const char*; OutputIt = char*; typename std::enable_if<(! fmt::v11::detail::is_back_insert_iterator<OutputIt>::value), int>::type <anonymous> = 0]',
    inlined from 'constexpr void fmt::v11::detail::for_each_codepoint(fmt::v11::string_view, F) [with F = fmt::v11::detail::code_point_index(fmt::v11::string_view, size_t)::<lambda(uint32_t, fmt::v11::string_view)>]' at third_party/spdlog/include/spdlog/fmt/bundled/format.h:622:13,
    inlined from 'size_t fmt::v11::detail::code_point_index(fmt::v11::string_view, size_t)' at third_party/spdlog/include/spdlog/fmt/bundled/format.h:681:21,
    inlined from 'constexpr OutputIt fmt::v11::detail::write(OutputIt, fmt::v11::basic_string_view<Char>, const fmt::v11::format_specs&) [with Char = char; OutputIt = fmt::v11::basic_appender<char>]' at third_party/spdlog/include/spdlog/fmt/bundled/format.h:2119:28:
third_party/spdlog/include/spdlog/fmt/bundled/base.h:2061:31: warning: writing 8 bytes into a region of size 7 [-Wstringop-overflow=]
 2061 |   while (begin != end) *out++ = static_cast<T>(*begin++);
      |                        ~~~~~~~^~~~~~~~~~~~~~~~~~~~~~~~~~
In file included from third_party/spdlog/include/spdlog/fmt/fmt.h:23,[0m
[0m[38;5;2;1m[ 89%]:[0m cache compiling.release src/infinicore/ops/silu_and_mul/silu_and_mul_infiniops.cc[0m
[0m[38;5;2;1m[ 89%]:[0m cache compiling.release src/infinicore/ops/sinh/sinh.cc[0m
[0m[38;5;2;1m[ 89%]:[0m cache compiling.release src/infinicore/ops/sinh/sinh_infiniop.cc[0m
[0m[38;5;3;1mIn file included from third_party/spdlog/include/spdlog/fmt/bundled/format.h:41,
                 from third_party/spdlog/include/spdlog/fmt/fmt.h:23,
                 from third_party/spdlog/include/spdlog/common.h:50,
                 from third_party/spdlog/include/spdlog/cfg/helpers.h:6,
                 from third_party/spdlog/include/spdlog/cfg/env.h:5,
                 from src/infinicore/ops/hardtanh/../../utils.hpp:5,
                 from src/infinicore/ops/hardtanh/../infiniop_impl.hpp:3,
                 from src/infinicore/ops/hardtanh/hardtanh_infiniop.cc:3:
In function 'constexpr OutputIt fmt::v11::detail::copy(InputIt, InputIt, OutputIt) [with T = char; InputIt = const char*; OutputIt = char*; typename std::enable_if<(! fmt::v11::detail::is_back_insert_iterator<OutputIt>::value), int>::type <anonymous> = 0]',
    inlined from 'constexpr void fmt::v11::detail::for_each_codepoint(fmt::v11::string_view, F) [with F = fmt::v11::detail::code_point_index(fmt::v11::string_view, size_t)::<lambda(uint32_t, fmt::v11::string_view)>]' at third_party/spdlog/include/spdlog/fmt/bundled/format.h:622:13,
    inlined from 'size_t fmt::v11::detail::code_point_index(fmt::v11::string_view, size_t)' at third_party/spdlog/include/spdlog/fmt/bundled/format.h:681:21,
    inlined from 'constexpr OutputIt fmt::v11::detail::write(OutputIt, fmt::v11::basic_string_view<Char>, const fmt::v11::format_specs&) [with Char = char; OutputIt = fmt::v11::basic_appender<char>]' at third_party/spdlog/include/spdlog/fmt/bundled/format.h:2119:28:
third_party/spdlog/include/spdlog/fmt/bundled/base.h:2061:31: warning: writing 8 bytes into a region of size 7 [-Wstringop-overflow=]
 2061 |   while (begin != end) *out++ = static_cast<T>(*begin++);
      |                        ~~~~~~~^~~~~~~~~~~~~~~~~~~~~~~~~~
In file included from third_party/spdlog/include/spdlog/fmt/fmt.h:23,[0m
[0m[38;5;2;1m[ 89%]:[0m cache compiling.release src/infinicore/ops/situ_and_mul/situ_and_mul.cc[0m
[0m[38;5;2;1m[ 89%]:[0m cache compiling.release src/infinicore/ops/situ_and_mul/situ_and_mul_infiniop.cc[0m
[0m[38;5;2;1m[ 89%]:[0m cache compiling.release src/infinicore/ops/smooth_l1_loss/smooth_l1_loss.cc[0m
[0m[38;5;2;1m[ 89%]:[0m cache compiling.release src/infinicore/ops/smooth_l1_loss/smooth_l1_loss_infiniop.cc[0m
[0m[38;5;3;1mIn file included from third_party/spdlog/include/spdlog/fmt/bundled/format.h:41,
                 from third_party/spdlog/include/spdlog/fmt/fmt.h:23,
                 from third_party/spdlog/include/spdlog/common.h:50,
                 from third_party/spdlog/include/spdlog/cfg/helpers.h:6,
                 from third_party/spdlog/include/spdlog/cfg/env.h:5,
                 from src/infinicore/ops/awq_marlin_gemm/../../utils.hpp:5,
                 from src/infinicore/ops/awq_marlin_gemm/awq_marlin_gemm_infiniop.cc:1:
In function 'constexpr OutputIt fmt::v11::detail::copy(InputIt, InputIt, OutputIt) [with T = char; InputIt = const char*; OutputIt = char*; typename std::enable_if<(! fmt::v11::detail::is_back_insert_iterator<OutputIt>::value), int>::type <anonymous> = 0]',
    inlined from 'constexpr void fmt::v11::detail::for_each_codepoint(fmt::v11::string_view, F) [with F = fmt::v11::detail::code_point_index(fmt::v11::string_view, size_t)::<lambda(uint32_t, fmt::v11::string_view)>]' at third_party/spdlog/include/spdlog/fmt/bundled/format.h:622:13,
    inlined from 'size_t fmt::v11::detail::code_point_index(fmt::v11::string_view, size_t)' at third_party/spdlog/include/spdlog/fmt/bundled/format.h:681:21,
    inlined from 'constexpr OutputIt fmt::v11::detail::write(OutputIt, fmt::v11::basic_string_view<Char>, const fmt::v11::format_specs&) [with Char = char; OutputIt = fmt::v11::basic_appender<char>]' at third_party/spdlog/include/spdlog/fmt/bundled/format.h:2119:28:
third_party/spdlog/include/spdlog/fmt/bundled/base.h:2061:31: warning: writing 8 bytes into a region of size 7 [-Wstringop-overflow=]
 2061 |   while (begin != end) *out++ = static_cast<T>(*begin++);
      |                        ~~~~~~~^~~~~~~~~~~~~~~~~~~~~~~~~~
In file included from third_party/spdlog/include/spdlog/fmt/fmt.h:23,
                 from third_party/spdlog/include/spdlog/common.h:50,[0m
[0m[38;5;2;1m[ 89%]:[0m cache compiling.release src/infinicore/ops/softmax/softmax.cc[0m
[0m[38;5;2;1m[ 89%]:[0m cache compiling.release src/infinicore/ops/softmax/softmax_infiniop.cc[0m
[0m[38;5;2;1m[ 90%]:[0m cache compiling.release src/infinicore/ops/softmax/softmax_infiniops.cc[0m
[0m[38;5;2;1m[ 90%]:[0m cache compiling.release src/infinicore/ops/softplus/softplus.cc[0m
[0m[38;5;2;1m[ 90%]:[0m cache compiling.release src/infinicore/ops/softplus/softplus_infiniop.cc[0m
[0m[38;5;3;1mIn file included from third_party/spdlog/include/spdlog/fmt/bundled/format.h:41,
                 from third_party/spdlog/include/spdlog/fmt/fmt.h:23,
                 from third_party/spdlog/include/spdlog/common.h:50,
                 from third_party/spdlog/include/spdlog/cfg/helpers.h:6,
                 from third_party/spdlog/include/spdlog/cfg/env.h:5,
                 from src/infinicore/ops/hypot/../../utils.hpp:5,
                 from src/infinicore/ops/hypot/hypot_infiniop.cc:1:
In function 'constexpr OutputIt fmt::v11::detail::copy(InputIt, InputIt, OutputIt) [with T = char; InputIt = const char*; OutputIt = char*; typename std::enable_if<(! fmt::v11::detail::is_back_insert_iterator<OutputIt>::value), int>::type <anonymous> = 0]',
    inlined from 'constexpr void fmt::v11::detail::for_each_codepoint(fmt::v11::string_view, F) [with F = fmt::v11::detail::code_point_index(fmt::v11::string_view, size_t)::<lambda(uint32_t, fmt::v11::string_view)>]' at third_party/spdlog/include/spdlog/fmt/bundled/format.h:622:13,
    inlined from 'size_t fmt::v11::detail::code_point_index(fmt::v11::string_view, size_t)' at third_party/spdlog/include/spdlog/fmt/bundled/format.h:681:21,
    inlined from 'constexpr OutputIt fmt::v11::detail::write(OutputIt, fmt::v11::basic_string_view<Char>, const fmt::v11::format_specs&) [with Char = char; OutputIt = fmt::v11::basic_appender<char>]' at third_party/spdlog/include/spdlog/fmt/bundled/format.h:2119:28:
third_party/spdlog/include/spdlog/fmt/bundled/base.h:2061:31: warning: writing 8 bytes into a region of size 7 [-Wstringop-overflow=]
 2061 |   while (begin != end) *out++ = static_cast<T>(*begin++);
      |                        ~~~~~~~^~~~~~~~~~~~~~~~~~~~~~~~~~
In file included from third_party/spdlog/include/spdlog/fmt/fmt.h:23,
                 from third_party/spdlog/include/spdlog/common.h:50,[0m
[0m[38;5;2;1m[ 90%]:[0m cache compiling.release src/infinicore/ops/softsign/softsign.cc[0m
[0m[38;5;2;1m[ 90%]:[0m cache compiling.release src/infinicore/ops/softsign/softsign_infiniop.cc[0m
[0m[38;5;3;1mIn file included from third_party/spdlog/include/spdlog/fmt/bundled/format.h:41,
                 from third_party/spdlog/include/spdlog/fmt/fmt.h:23,
                 from third_party/spdlog/include/spdlog/common.h:50,
                 from third_party/spdlog/include/spdlog/cfg/helpers.h:6,
                 from third_party/spdlog/include/spdlog/cfg/env.h:5,
                 from src/infinicore/ops/hinge_embedding_loss/../../utils.hpp:5,
                 from src/infinicore/ops/hinge_embedding_loss/hinge_embedding_loss_infiniop.cc:1:
In function 'constexpr OutputIt fmt::v11::detail::copy(InputIt, InputIt, OutputIt) [with T = char; InputIt = const char*; OutputIt = char*; typename std::enable_if<(! fmt::v11::detail::is_back_insert_iterator<OutputIt>::value), int>::type <anonymous> = 0]',
    inlined from 'constexpr void fmt::v11::detail::for_each_codepoint(fmt::v11::string_view, F) [with F = fmt::v11::detail::code_point_index(fmt::v11::string_view, size_t)::<lambda(uint32_t, fmt::v11::string_view)>]' at third_party/spdlog/include/spdlog/fmt/bundled/format.h:622:13,
    inlined from 'size_t fmt::v11::detail::code_point_index(fmt::v11::string_view, size_t)' at third_party/spdlog/include/spdlog/fmt/bundled/format.h:681:21,
    inlined from 'constexpr OutputIt fmt::v11::detail::write(OutputIt, fmt::v11::basic_string_view<Char>, const fmt::v11::format_specs&) [with Char = char; OutputIt = fmt::v11::basic_appender<char>]' at third_party/spdlog/include/spdlog/fmt/bundled/format.h:2119:28:
third_party/spdlog/include/spdlog/fmt/bundled/base.h:2061:31: warning: writing 8 bytes into a region of size 7 [-Wstringop-overflow=]
 2061 |   while (begin != end) *out++ = static_cast<T>(*begin++);
      |                        ~~~~~~~^~~~~~~~~~~~~~~~~~~~~~~~~~
In file included from third_party/spdlog/include/spdlog/fmt/fmt.h:23,
                 from third_party/spdlog/include/spdlog/common.h:50,[0m
[0m[38;5;2;1m[ 90%]:[0m cache compiling.release src/infinicore/ops/sum/sum.cc[0m
[0m[38;5;2;1m[ 90%]:[0m cache compiling.release src/infinicore/ops/sum/sum_infiniop.cc[0m
[0m[38;5;3;1mIn file included from third_party/spdlog/include/spdlog/fmt/bundled/format.h:41,
                 from third_party/spdlog/include/spdlog/fmt/fmt.h:23,
                 from third_party/spdlog/include/spdlog/common.h:50,
                 from third_party/spdlog/include/spdlog/cfg/helpers.h:6,
                 from third_party/spdlog/include/spdlog/cfg/env.h:5,
                 from src/infinicore/ops/gptq_marlin_gemm/../../utils.hpp:5,
                 from src/infinicore/ops/gptq_marlin_gemm/gptq_marlin_gemm_infiniop.cc:1:
In function 'constexpr OutputIt fmt::v11::detail::copy(InputIt, InputIt, OutputIt) [with T = char; InputIt = const char*; OutputIt = char*; typename std::enable_if<(! fmt::v11::detail::is_back_insert_iterator<OutputIt>::value), int>::type <anonymous> = 0]',
    inlined from 'constexpr void fmt::v11::detail::for_each_codepoint(fmt::v11::string_view, F) [with F = fmt::v11::detail::code_point_index(fmt::v11::string_view, size_t)::<lambda(uint32_t, fmt::v11::string_view)>]' at third_party/spdlog/include/spdlog/fmt/bundled/format.h:622:13,
    inlined from 'size_t fmt::v11::detail::code_point_index(fmt::v11::string_view, size_t)' at third_party/spdlog/include/spdlog/fmt/bundled/format.h:681:21,
    inlined from 'constexpr OutputIt fmt::v11::detail::write(OutputIt, fmt::v11::basic_string_view<Char>, const fmt::v11::format_specs&) [with Char = char; OutputIt = fmt::v11::basic_appender<char>]' at third_party/spdlog/include/spdlog/fmt/bundled/format.h:2119:28:
third_party/spdlog/include/spdlog/fmt/bundled/base.h:2061:31: warning: writing 8 bytes into a region of size 7 [-Wstringop-overflow=]
 2061 |   while (begin != end) *out++ = static_cast<T>(*begin++);
      |                        ~~~~~~~^~~~~~~~~~~~~~~~~~~~~~~~~~
In file included from third_party/spdlog/include/spdlog/fmt/fmt.h:23,
                 from third_party/spdlog/include/spdlog/common.h:50,[0m
[0m[38;5;2;1m[ 90%]:[0m cache compiling.release src/infinicore/ops/swap/swap.cc[0m
[0m[38;5;2;1m[ 90%]:[0m cache compiling.release src/infinicore/ops/swap/swap_infiniop.cc[0m
[0m[38;5;2;1m[ 90%]:[0m cache compiling.release src/infinicore/ops/swiglu/swiglu.cc[0m
[0m[38;5;2;1m[ 91%]:[0m cache compiling.release src/infinicore/ops/swiglu/swiglu_infiniop.cc[0m
[0m[38;5;2;1m[ 91%]:[0m cache compiling.release src/infinicore/ops/swiglu/swiglu_infiniops.cc[0m
[0m[38;5;2;1m[ 91%]:[0m cache compiling.release src/infinicore/ops/take/take.cc[0m
[0m[38;5;2;1m[ 91%]:[0m cache compiling.release src/infinicore/ops/take/take_infiniop.cc[0m
[0m[38;5;3;1mIn file included from third_party/spdlog/include/spdlog/fmt/bundled/format.h:41,
                 from third_party/spdlog/include/spdlog/fmt/fmt.h:23,
                 from third_party/spdlog/include/spdlog/common.h:50,
                 from third_party/spdlog/include/spdlog/cfg/helpers.h:6,
                 from third_party/spdlog/include/spdlog/cfg/env.h:5,
                 from src/infinicore/ops/huber_loss/../../utils.hpp:5,
                 from src/infinicore/ops/huber_loss/huber_loss_infiniop.cc:1:
In function 'constexpr OutputIt fmt::v11::detail::copy(InputIt, InputIt, OutputIt) [with T = char; InputIt = const char*; OutputIt = char*; typename std::enable_if<(! fmt::v11::detail::is_back_insert_iterator<OutputIt>::value), int>::type <anonymous> = 0]',
    inlined from 'constexpr void fmt::v11::detail::for_each_codepoint(fmt::v11::string_view, F) [with F = fmt::v11::detail::code_point_index(fmt::v11::string_view, size_t)::<lambda(uint32_t, fmt::v11::string_view)>]' at third_party/spdlog/include/spdlog/fmt/bundled/format.h:622:13,
    inlined from 'size_t fmt::v11::detail::code_point_index(fmt::v11::string_view, size_t)' at third_party/spdlog/include/spdlog/fmt/bundled/format.h:681:21,
    inlined from 'constexpr OutputIt fmt::v11::detail::write(OutputIt, fmt::v11::basic_string_view<Char>, const fmt::v11::format_specs&) [with Char = char; OutputIt = fmt::v11::basic_appender<char>]' at third_party/spdlog/include/spdlog/fmt/bundled/format.h:2119:28:
third_party/spdlog/include/spdlog/fmt/bundled/base.h:2061:31: warning: writing 8 bytes into a region of size 7 [-Wstringop-overflow=]
 2061 |   while (begin != end) *out++ = static_cast<T>(*begin++);
      |                        ~~~~~~~^~~~~~~~~~~~~~~~~~~~~~~~~~
In file included from third_party/spdlog/include/spdlog/fmt/fmt.h:23,
                 from third_party/spdlog/include/spdlog/common.h:50,[0m
[0m[38;5;2;1m[ 91%]:[0m cache compiling.release src/infinicore/ops/tan/tan.cc[0m
[0m[38;5;2;1m[ 91%]:[0m cache compiling.release src/infinicore/ops/tan/tan_infiniop.cc[0m
[0m[38;5;2;1m[ 91%]:[0m cache compiling.release src/infinicore/ops/tanh/tanh.cc[0m
[0m[38;5;3;1mIn file included from third_party/spdlog/include/spdlog/fmt/bundled/format.h:41,
                 from third_party/spdlog/include/spdlog/fmt/fmt.h:23,
                 from third_party/spdlog/include/spdlog/common.h:50,
                 from third_party/spdlog/include/spdlog/cfg/helpers.h:6,
                 from third_party/spdlog/include/spdlog/cfg/env.h:5,
                 from src/infinicore/ops/hardswish/../../utils.hpp:5,
                 from src/infinicore/ops/hardswish/hardswish_infiniop.cc:1:
In function 'constexpr OutputIt fmt::v11::detail::copy(InputIt, InputIt, OutputIt) [with T = char; InputIt = const char*; OutputIt = char*; typename std::enable_if<(! fmt::v11::detail::is_back_insert_iterator<OutputIt>::value), int>::type <anonymous> = 0]',
    inlined from 'constexpr void fmt::v11::detail::for_each_codepoint(fmt::v11::string_view, F) [with F = fmt::v11::detail::code_point_index(fmt::v11::string_view, size_t)::<lambda(uint32_t, fmt::v11::string_view)>]' at third_party/spdlog/include/spdlog/fmt/bundled/format.h:622:13,
    inlined from 'size_t fmt::v11::detail::code_point_index(fmt::v11::string_view, size_t)' at third_party/spdlog/include/spdlog/fmt/bundled/format.h:681:21,
    inlined from 'constexpr OutputIt fmt::v11::detail::write(OutputIt, fmt::v11::basic_string_view<Char>, const fmt::v11::format_specs&) [with Char = char; OutputIt = fmt::v11::basic_appender<char>]' at third_party/spdlog/include/spdlog/fmt/bundled/format.h:2119:28:
third_party/spdlog/include/spdlog/fmt/bundled/base.h:2061:31: warning: writing 8 bytes into a region of size 7 [-Wstringop-overflow=]
 2061 |   while (begin != end) *out++ = static_cast<T>(*begin++);
      |                        ~~~~~~~^~~~~~~~~~~~~~~~~~~~~~~~~~
In file included from third_party/spdlog/include/spdlog/fmt/fmt.h:23,
                 from third_party/spdlog/include/spdlog/common.h:50,[0m
[0m[38;5;2;1m[ 91%]:[0m cache compiling.release src/infinicore/ops/tanh/tanh_infiniop.cc[0m
[0m[38;5;3;1mIn file included from third_party/spdlog/include/spdlog/fmt/bundled/format.h:41,
                 from third_party/spdlog/include/spdlog/fmt/fmt.h:23,
                 from third_party/spdlog/include/spdlog/common.h:50,
                 from third_party/spdlog/include/spdlog/cfg/helpers.h:6,
                 from third_party/spdlog/include/spdlog/cfg/env.h:5,
                 from src/infinicore/ops/index_add/../../utils.hpp:5,
                 from src/infinicore/ops/index_add/index_add_infiniop.cc:1:
In function 'constexpr OutputIt fmt::v11::detail::copy(InputIt, InputIt, OutputIt) [with T = char; InputIt = const char*; OutputIt = char*; typename std::enable_if<(! fmt::v11::detail::is_back_insert_iterator<OutputIt>::value), int>::type <anonymous> = 0]',
    inlined from 'constexpr void fmt::v11::detail::for_each_codepoint(fmt::v11::string_view, F) [with F = fmt::v11::detail::code_point_index(fmt::v11::string_view, size_t)::<lambda(uint32_t, fmt::v11::string_view)>]' at third_party/spdlog/include/spdlog/fmt/bundled/format.h:622:13,
    inlined from 'size_t fmt::v11::detail::code_point_index(fmt::v11::string_view, size_t)' at third_party/spdlog/include/spdlog/fmt/bundled/format.h:681:21,
    inlined from 'constexpr OutputIt fmt::v11::detail::write(OutputIt, fmt::v11::basic_string_view<Char>, const fmt::v11::format_specs&) [with Char = char; OutputIt = fmt::v11::basic_appender<char>]' at third_party/spdlog/include/spdlog/fmt/bundled/format.h:2119:28:
third_party/spdlog/include/spdlog/fmt/bundled/base.h:2061:31: warning: writing 8 bytes into a region of size 7 [-Wstringop-overflow=]
 2061 |   while (begin != end) *out++ = static_cast<T>(*begin++);
      |                        ~~~~~~~^~~~~~~~~~~~~~~~~~~~~~~~~~
In file included from third_party/spdlog/include/spdlog/fmt/fmt.h:23,
                 from third_party/spdlog/include/spdlog/common.h:50,[0m
[0m[38;5;2;1m[ 91%]:[0m cache compiling.release src/infinicore/ops/tanhshrink/tanhshrink.cc[0m
[0m[38;5;2;1m[ 91%]:[0m cache compiling.release src/infinicore/ops/tanhshrink/tanhshrink_infiniop.cc[0m
[0m[38;5;2;1m[ 92%]:[0m cache compiling.release src/infinicore/ops/topk/topk.cc[0m
[0m[38;5;2;1m[ 92%]:[0m cache compiling.release src/infinicore/ops/topk/topk_infiniop.cc[0m
[0m[38;5;2;1m[ 92%]:[0m cache compiling.release src/infinicore/ops/topksoftmax/topksoftmax.cc[0m
[0m[38;5;2;1m[ 92%]:[0m cache compiling.release src/infinicore/ops/topksoftmax/topksoftmax_infiniop.cc[0m
[0m[38;5;2;1m[ 92%]:[0m cache compiling.release src/infinicore/ops/topksoftmax/topksoftmax_infiniops.cc[0m
[0m[38;5;2;1m[ 92%]:[0m cache compiling.release src/infinicore/ops/triplet_margin_loss/triplet_margin_loss.cc[0m
[0m[38;5;2;1m[ 92%]:[0m cache compiling.release src/infinicore/ops/triplet_margin_loss/triplet_margin_loss_infiniop.cc[0m
[0m[38;5;3;1mIn file included from third_party/spdlog/include/spdlog/fmt/bundled/format.h:41,
                 from third_party/spdlog/include/spdlog/fmt/fmt.h:23,
                 from third_party/spdlog/include/spdlog/common.h:50,
                 from third_party/spdlog/include/spdlog/cfg/helpers.h:6,
                 from third_party/spdlog/include/spdlog/cfg/env.h:5,
                 from src/infinicore/ops/inner/../../utils.hpp:5,
                 from src/infinicore/ops/inner/inner_infiniop.cc:1:
In function 'constexpr OutputIt fmt::v11::detail::copy(InputIt, InputIt, OutputIt) [with T = char; InputIt = const char*; OutputIt = char*; typename std::enable_if<(! fmt::v11::detail::is_back_insert_iterator<OutputIt>::value), int>::type <anonymous> = 0]',
    inlined from 'constexpr void fmt::v11::detail::for_each_codepoint(fmt::v11::string_view, F) [with F = fmt::v11::detail::code_point_index(fmt::v11::string_view, size_t)::<lambda(uint32_t, fmt::v11::string_view)>]' at third_party/spdlog/include/spdlog/fmt/bundled/format.h:622:13,
    inlined from 'size_t fmt::v11::detail::code_point_index(fmt::v11::string_view, size_t)' at third_party/spdlog/include/spdlog/fmt/bundled/format.h:681:21,
    inlined from 'constexpr OutputIt fmt::v11::detail::write(OutputIt, fmt::v11::basic_string_view<Char>, const fmt::v11::format_specs&) [with Char = char; OutputIt = fmt::v11::basic_appender<char>]' at third_party/spdlog/include/spdlog/fmt/bundled/format.h:2119:28:
third_party/spdlog/include/spdlog/fmt/bundled/base.h:2061:31: warning: writing 8 bytes into a region of size 7 [-Wstringop-overflow=]
 2061 |   while (begin != end) *out++ = static_cast<T>(*begin++);
      |                        ~~~~~~~^~~~~~~~~~~~~~~~~~~~~~~~~~
In file included from third_party/spdlog/include/spdlog/fmt/fmt.h:23,
                 from third_party/spdlog/include/spdlog/common.h:50,[0m
[0m[38;5;2;1m[ 92%]:[0m cache compiling.release src/infinicore/ops/triplet_margin_with_distance_loss/triplet_margin_with_distance_loss.cc[0m
[0m[38;5;2;1m[ 92%]:[0m cache compiling.release src/infinicore/ops/triplet_margin_with_distance_loss/triplet_margin_with_distance_loss_infiniop.cc[0m
[0m[38;5;2;1m[ 93%]:[0m cache compiling.release src/infinicore/ops/unfold/unfold.cc[0m
[0m[38;5;2;1m[ 93%]:[0m cache compiling.release src/infinicore/ops/unfold/unfold_infiniop.cc[0m
[0m[38;5;2;1m[ 93%]:[0m cache compiling.release src/infinicore/ops/upsample_bilinear/upsample_bilinear.cc[0m
[0m[38;5;2;1m[ 93%]:[0m cache compiling.release src/infinicore/ops/upsample_bilinear/upsample_bilinear_infiniopo.cc[0m
[0m[38;5;3;1mIn file included from third_party/spdlog/include/spdlog/fmt/bundled/format.h:41,
                 from third_party/spdlog/include/spdlog/fmt/fmt.h:23,
                 from third_party/spdlog/include/spdlog/common.h:50,
                 from third_party/spdlog/include/spdlog/cfg/helpers.h:6,
                 from third_party/spdlog/include/spdlog/cfg/env.h:5,
                 from src/infinicore/ops/kron/../../utils.hpp:5,
                 from src/infinicore/ops/kron/kron_infiniop.cc:1:
In function 'constexpr OutputIt fmt::v11::detail::copy(InputIt, InputIt, OutputIt) [with T = char; InputIt = const char*; OutputIt = char*; typename std::enable_if<(! fmt::v11::detail::is_back_insert_iterator<OutputIt>::value), int>::type <anonymous> = 0]',
    inlined from 'constexpr void fmt::v11::detail::for_each_codepoint(fmt::v11::string_view, F) [with F = fmt::v11::detail::code_point_index(fmt::v11::string_view, size_t)::<lambda(uint32_t, fmt::v11::string_view)>]' at third_party/spdlog/include/spdlog/fmt/bundled/format.h:622:13,
    inlined from 'size_t fmt::v11::detail::code_point_index(fmt::v11::string_view, size_t)' at third_party/spdlog/include/spdlog/fmt/bundled/format.h:681:21,
    inlined from 'constexpr OutputIt fmt::v11::detail::write(OutputIt, fmt::v11::basic_string_view<Char>, const fmt::v11::format_specs&) [with Char = char; OutputIt = fmt::v11::basic_appender<char>]' at third_party/spdlog/include/spdlog/fmt/bundled/format.h:2119:28:
third_party/spdlog/include/spdlog/fmt/bundled/base.h:2061:31: warning: writing 8 bytes into a region of size 7 [-Wstringop-overflow=]
 2061 |   while (begin != end) *out++ = static_cast<T>(*begin++);
      |                        ~~~~~~~^~~~~~~~~~~~~~~~~~~~~~~~~~
In file included from third_party/spdlog/include/spdlog/fmt/fmt.h:23,
                 from third_party/spdlog/include/spdlog/common.h:50,[0m
[0m[38;5;2;1m[ 93%]:[0m cache compiling.release src/infinicore/ops/upsample_nearest/upsample_nearest.cc[0m
[0m[38;5;2;1m[ 93%]:[0m cache compiling.release src/infinicore/ops/upsample_nearest/upsample_nearest_infiniop.cc[0m
[0m[38;5;3;1mIn file included from third_party/spdlog/include/spdlog/fmt/bundled/format.h:41,
                 from third_party/spdlog/include/spdlog/fmt/fmt.h:23,
                 from third_party/spdlog/include/spdlog/common.h:50,
                 from third_party/spdlog/include/spdlog/cfg/helpers.h:6,
                 from third_party/spdlog/include/spdlog/cfg/env.h:5,
                 from src/infinicore/ops/kv_caching/../../utils.hpp:5,
                 from src/infinicore/ops/kv_caching/../infiniop_impl.hpp:3,
                 from src/infinicore/ops/kv_caching/kv_caching_infiniop.cc:1:
In function 'constexpr OutputIt fmt::v11::detail::copy(InputIt, InputIt, OutputIt) [with T = char; InputIt = const char*; OutputIt = char*; typename std::enable_if<(! fmt::v11::detail::is_back_insert_iterator<OutputIt>::value), int>::type <anonymous> = 0]',
    inlined from 'constexpr void fmt::v11::detail::for_each_codepoint(fmt::v11::string_view, F) [with F = fmt::v11::detail::code_point_index(fmt::v11::string_view, size_t)::<lambda(uint32_t, fmt::v11::string_view)>]' at third_party/spdlog/include/spdlog/fmt/bundled/format.h:622:13,
    inlined from 'size_t fmt::v11::detail::code_point_index(fmt::v11::string_view, size_t)' at third_party/spdlog/include/spdlog/fmt/bundled/format.h:681:21,
    inlined from 'constexpr OutputIt fmt::v11::detail::write(OutputIt, fmt::v11::basic_string_view<Char>, const fmt::v11::format_specs&) [with Char = char; OutputIt = fmt::v11::basic_appender<char>]' at third_party/spdlog/include/spdlog/fmt/bundled/format.h:2119:28:
third_party/spdlog/include/spdlog/fmt/bundled/base.h:2061:31: warning: writing 8 bytes into a region of size 7 [-Wstringop-overflow=]
 2061 |   while (begin != end) *out++ = static_cast<T>(*begin++);
      |                        ~~~~~~~^~~~~~~~~~~~~~~~~~~~~~~~~~
In file included from third_party/spdlog/include/spdlog/fmt/fmt.h:23,[0m
[0m[38;5;2;1m[ 93%]:[0m cache compiling.release src/infinicore/ops/vander/vander.cc[0m
[0m[38;5;3;1mIn file included from third_party/spdlog/include/spdlog/fmt/bundled/format.h:41,
                 from third_party/spdlog/include/spdlog/fmt/fmt.h:23,
                 from third_party/spdlog/include/spdlog/common.h:50,
                 from third_party/spdlog/include/spdlog/cfg/helpers.h:6,
                 from third_party/spdlog/include/spdlog/cfg/env.h:5,
                 from src/infinicore/ops/ldexp/../../utils.hpp:5,
                 from src/infinicore/ops/ldexp/ldexp_infiniop.cc:1:
In function 'constexpr OutputIt fmt::v11::detail::copy(InputIt, InputIt, OutputIt) [with T = char; InputIt = const char*; OutputIt = char*; typename std::enable_if<(! fmt::v11::detail::is_back_insert_iterator<OutputIt>::value), int>::type <anonymous> = 0]',
    inlined from 'constexpr void fmt::v11::detail::for_each_codepoint(fmt::v11::string_view, F) [with F = fmt::v11::detail::code_point_index(fmt::v11::string_view, size_t)::<lambda(uint32_t, fmt::v11::string_view)>]' at third_party/spdlog/include/spdlog/fmt/bundled/format.h:622:13,
    inlined from 'size_t fmt::v11::detail::code_point_index(fmt::v11::string_view, size_t)' at third_party/spdlog/include/spdlog/fmt/bundled/format.h:681:21,
    inlined from 'constexpr OutputIt fmt::v11::detail::write(OutputIt, fmt::v11::basic_string_view<Char>, const fmt::v11::format_specs&) [with Char = char; OutputIt = fmt::v11::basic_appender<char>]' at third_party/spdlog/include/spdlog/fmt/bundled/format.h:2119:28:
third_party/spdlog/include/spdlog/fmt/bundled/base.h:2061:31: warning: writing 8 bytes into a region of size 7 [-Wstringop-overflow=]
 2061 |   while (begin != end) *out++ = static_cast<T>(*begin++);
      |                        ~~~~~~~^~~~~~~~~~~~~~~~~~~~~~~~~~
In file included from third_party/spdlog/include/spdlog/fmt/fmt.h:23,
                 from third_party/spdlog/include/spdlog/common.h:50,[0m
[0m[38;5;2;1m[ 93%]:[0m cache compiling.release src/infinicore/ops/vander/vander_infiniop.cc[0m
[0m[38;5;2;1m[ 93%]:[0m cache compiling.release src/infinicore/ops/var/var.cc[0m
[0m[38;5;2;1m[ 93%]:[0m cache compiling.release src/infinicore/ops/var/var_infiniop.cc[0m
[0m[38;5;3;1mIn file included from third_party/spdlog/include/spdlog/fmt/bundled/format.h:41,
                 from third_party/spdlog/include/spdlog/fmt/fmt.h:23,
                 from third_party/spdlog/include/spdlog/common.h:50,
                 from third_party/spdlog/include/spdlog/cfg/helpers.h:6,
                 from third_party/spdlog/include/spdlog/cfg/env.h:5,
                 from src/infinicore/ops/layer_norm/../../utils.hpp:5,
                 from src/infinicore/ops/layer_norm/../infiniop_impl.hpp:3,
                 from src/infinicore/ops/layer_norm/layer_norm_infiniop.cc:3:
In function 'constexpr OutputIt fmt::v11::detail::copy(InputIt, InputIt, OutputIt) [with T = char; InputIt = const char*; OutputIt = char*; typename std::enable_if<(! fmt::v11::detail::is_back_insert_iterator<OutputIt>::value), int>::type <anonymous> = 0]',
    inlined from 'constexpr void fmt::v11::detail::for_each_codepoint(fmt::v11::string_view, F) [with F = fmt::v11::detail::code_point_index(fmt::v11::string_view, size_t)::<lambda(uint32_t, fmt::v11::string_view)>]' at third_party/spdlog/include/spdlog/fmt/bundled/format.h:622:13,
    inlined from 'size_t fmt::v11::detail::code_point_index(fmt::v11::string_view, size_t)' at third_party/spdlog/include/spdlog/fmt/bundled/format.h:681:21,
    inlined from 'constexpr OutputIt fmt::v11::detail::write(OutputIt, fmt::v11::basic_string_view<Char>, const fmt::v11::format_specs&) [with Char = char; OutputIt = fmt::v11::basic_appender<char>]' at third_party/spdlog/include/spdlog/fmt/bundled/format.h:2119:28:
third_party/spdlog/include/spdlog/fmt/bundled/base.h:2061:31: warning: writing 8 bytes into a region of size 7 [-Wstringop-overflow=]
 2061 |   while (begin != end) *out++ = static_cast<T>(*begin++);
      |                        ~~~~~~~^~~~~~~~~~~~~~~~~~~~~~~~~~
In file included from third_party/spdlog/include/spdlog/fmt/fmt.h:23,[0m
[0m[38;5;2;1m[ 94%]:[0m cache compiling.release src/infinicore/ops/var_mean/var_mean.cc[0m
[0m[38;5;3;1mIn file included from third_party/spdlog/include/spdlog/fmt/bundled/format.h:41,
                 from third_party/spdlog/include/spdlog/fmt/fmt.h:23,
                 from third_party/spdlog/include/spdlog/common.h:50,
                 from third_party/spdlog/include/spdlog/cfg/helpers.h:6,
                 from third_party/spdlog/include/spdlog/cfg/env.h:5,
                 from src/infinicore/ops/kthvalue/../../utils.hpp:5,
                 from src/infinicore/ops/kthvalue/kthvalue_infiniop.cc:1:
In function 'constexpr OutputIt fmt::v11::detail::copy(InputIt, InputIt, OutputIt) [with T = char; InputIt = const char*; OutputIt = char*; typename std::enable_if<(! fmt::v11::detail::is_back_insert_iterator<OutputIt>::value), int>::type <anonymous> = 0]',
    inlined from 'constexpr void fmt::v11::detail::for_each_codepoint(fmt::v11::string_view, F) [with F = fmt::v11::detail::code_point_index(fmt::v11::string_view, size_t)::<lambda(uint32_t, fmt::v11::string_view)>]' at third_party/spdlog/include/spdlog/fmt/bundled/format.h:622:13,
    inlined from 'size_t fmt::v11::detail::code_point_index(fmt::v11::string_view, size_t)' at third_party/spdlog/include/spdlog/fmt/bundled/format.h:681:21,
    inlined from 'constexpr OutputIt fmt::v11::detail::write(OutputIt, fmt::v11::basic_string_view<Char>, const fmt::v11::format_specs&) [with Char = char; OutputIt = fmt::v11::basic_appender<char>]' at third_party/spdlog/include/spdlog/fmt/bundled/format.h:2119:28:
third_party/spdlog/include/spdlog/fmt/bundled/base.h:2061:31: warning: writing 8 bytes into a region of size 7 [-Wstringop-overflow=]
 2061 |   while (begin != end) *out++ = static_cast<T>(*begin++);
      |                        ~~~~~~~^~~~~~~~~~~~~~~~~~~~~~~~~~
In file included from third_party/spdlog/include/spdlog/fmt/fmt.h:23,
                 from third_party/spdlog/include/spdlog/common.h:50,[0m
[0m[38;5;2;1m[ 94%]:[0m cache compiling.release src/infinicore/ops/var_mean/var_mean_infiniop.cc[0m
[0m[38;5;2;1m[ 94%]:[0m cache compiling.release src/infinicore/ops/vendor_ops/vendor_ops_dispatch.cc[0m
[0m[38;5;3;1mIn file included from third_party/spdlog/include/spdlog/fmt/bundled/format.h:41,
                 from third_party/spdlog/include/spdlog/fmt/fmt.h:23,
                 from third_party/spdlog/include/spdlog/common.h:50,
                 from third_party/spdlog/include/spdlog/cfg/helpers.h:6,
                 from third_party/spdlog/include/spdlog/cfg/env.h:5,
                 from src/infinicore/ops/index_copy/../../utils.hpp:5,
                 from src/infinicore/ops/index_copy/index_copy_infiniop.cc:1:
In function 'constexpr OutputIt fmt::v11::detail::copy(InputIt, InputIt, OutputIt) [with T = char; InputIt = const char*; OutputIt = char*; typename std::enable_if<(! fmt::v11::detail::is_back_insert_iterator<OutputIt>::value), int>::type <anonymous> = 0]',
    inlined from 'constexpr void fmt::v11::detail::for_each_codepoint(fmt::v11::string_view, F) [with F = fmt::v11::detail::code_point_index(fmt::v11::string_view, size_t)::<lambda(uint32_t, fmt::v11::string_view)>]' at third_party/spdlog/include/spdlog/fmt/bundled/format.h:622:13,
    inlined from 'size_t fmt::v11::detail::code_point_index(fmt::v11::string_view, size_t)' at third_party/spdlog/include/spdlog/fmt/bundled/format.h:681:21,
    inlined from 'constexpr OutputIt fmt::v11::detail::write(OutputIt, fmt::v11::basic_string_view<Char>, const fmt::v11::format_specs&) [with Char = char; OutputIt = fmt::v11::basic_appender<char>]' at third_party/spdlog/include/spdlog/fmt/bundled/format.h:2119:28:
third_party/spdlog/include/spdlog/fmt/bundled/base.h:2061:31: warning: writing 8 bytes into a region of size 7 [-Wstringop-overflow=]
 2061 |   while (begin != end) *out++ = static_cast<T>(*begin++);
      |                        ~~~~~~~^~~~~~~~~~~~~~~~~~~~~~~~~~
In file included from third_party/spdlog/include/spdlog/fmt/fmt.h:23,
                 from third_party/spdlog/include/spdlog/common.h:50,[0m
[0m[38;5;2;1m[ 94%]:[0m cache compiling.release src/infinicore/ops/vocab_parallel_embedding/vocab_parallel_embedding.cc[0m
[0m[38;5;2;1m[ 94%]:[0m cache compiling.release src/infinicore/ops/w16a16_group_gemm/w16a16_group_gemm.cc[0m
[0m[38;5;3;1mIn file included from third_party/spdlog/include/spdlog/fmt/bundled/format.h:41,
                 from third_party/spdlog/include/spdlog/fmt/fmt.h:23,
                 from third_party/spdlog/include/spdlog/common.h:50,
                 from third_party/spdlog/include/spdlog/cfg/helpers.h:6,
                 from third_party/spdlog/include/spdlog/cfg/env.h:5,
                 from src/infinicore/ops/linear_allreduce/../../utils.hpp:5,
                 from src/infinicore/ops/linear_allreduce/../infiniop_impl.hpp:3,
                 from src/infinicore/ops/linear_allreduce/linear_allreduce_infiniop.cc:1:
In function 'constexpr OutputIt fmt::v11::detail::copy(InputIt, InputIt, OutputIt) [with T = char; InputIt = const char*; OutputIt = char*; typename std::enable_if<(! fmt::v11::detail::is_back_insert_iterator<OutputIt>::value), int>::type <anonymous> = 0]',
    inlined from 'constexpr void fmt::v11::detail::for_each_codepoint(fmt::v11::string_view, F) [with F = fmt::v11::detail::code_point_index(fmt::v11::string_view, size_t)::<lambda(uint32_t, fmt::v11::string_view)>]' at third_party/spdlog/include/spdlog/fmt/bundled/format.h:622:13,
    inlined from 'size_t fmt::v11::detail::code_point_index(fmt::v11::string_view, size_t)' at third_party/spdlog/include/spdlog/fmt/bundled/format.h:681:21,
    inlined from 'constexpr OutputIt fmt::v11::detail::write(OutputIt, fmt::v11::basic_string_view<Char>, const fmt::v11::format_specs&) [with Char = char; OutputIt = fmt::v11::basic_appender<char>]' at third_party/spdlog/include/spdlog/fmt/bundled/format.h:2119:28:
third_party/spdlog/include/spdlog/fmt/bundled/base.h:2061:31: warning: writing 8 bytes into a region of size 7 [-Wstringop-overflow=]
 2061 |   while (begin != end) *out++ = static_cast<T>(*begin++);
      |                        ~~~~~~~^~~~~~~~~~~~~~~~~~~~~~~~~~
In file included from third_party/spdlog/include/spdlog/fmt/fmt.h:23,[0m
[0m[38;5;2;1m[ 94%]:[0m cache compiling.release src/infinicore/ops/w4a8_group_gemm/w4a8_group_gemm.cc[0m
[0m[38;5;2;1m[ 94%]:[0m cache compiling.release src/infinicore/ops/w8a8_group_gemm/w8a8_group_gemm.cc[0m
[0m[38;5;2;1m[ 94%]:[0m cache compiling.release src/infinicore/ops/zeros/zeros.cc[0m
[0m[38;5;2;1m[ 94%]:[0m cache compiling.release src/infinicore/ops/zeros/zeros_infinirt.cc[0m
[0m[38;5;3;1mIn file included from third_party/spdlog/include/spdlog/fmt/bundled/format.h:41,
                 from third_party/spdlog/include/spdlog/fmt/fmt.h:23,
                 from third_party/spdlog/include/spdlog/common.h:50,
                 from third_party/spdlog/include/spdlog/cfg/helpers.h:6,
                 from third_party/spdlog/include/spdlog/cfg/env.h:5,
                 from src/infinicore/ops/linear_mxfp4/../../utils.hpp:5,
                 from src/infinicore/ops/linear_mxfp4/../infiniop_impl.hpp:3,
                 from src/infinicore/ops/linear_mxfp4/linear_mxfp4_infiniop.cc:3:
In function 'constexpr OutputIt fmt::v11::detail::copy(InputIt, InputIt, OutputIt) [with T = char; InputIt = const char*; OutputIt = char*; typename std::enable_if<(! fmt::v11::detail::is_back_insert_iterator<OutputIt>::value), int>::type <anonymous> = 0]',
    inlined from 'constexpr void fmt::v11::detail::for_each_codepoint(fmt::v11::string_view, F) [with F = fmt::v11::detail::code_point_index(fmt::v11::string_view, size_t)::<lambda(uint32_t, fmt::v11::string_view)>]' at third_party/spdlog/include/spdlog/fmt/bundled/format.h:622:13,
    inlined from 'size_t fmt::v11::detail::code_point_index(fmt::v11::string_view, size_t)' at third_party/spdlog/include/spdlog/fmt/bundled/format.h:681:21,
    inlined from 'constexpr OutputIt fmt::v11::detail::write(OutputIt, fmt::v11::basic_string_view<Char>, const fmt::v11::format_specs&) [with Char = char; OutputIt = fmt::v11::basic_appender<char>]' at third_party/spdlog/include/spdlog/fmt/bundled/format.h:2119:28:
third_party/spdlog/include/spdlog/fmt/bundled/base.h:2061:31: warning: writing 8 bytes into a region of size 7 [-Wstringop-overflow=]
 2061 |   while (begin != end) *out++ = static_cast<T>(*begin++);
      |                        ~~~~~~~^~~~~~~~~~~~~~~~~~~~~~~~~~
In file included from third_party/spdlog/include/spdlog/fmt/fmt.h:23,[0m
[0m[38;5;2;1m[ 95%]:[0m cache compiling.release src/infinicore/ops/add_rms_norm/iluvatar/add_rms_norm_vendor_iluvatar.cc[0m
[0m[38;5;2;1m[ 95%]:[0m cache compiling.release src/infinicore/ops/concat_and_cache_mla/iluvatar/concat_and_cache_mla_iluvatar.cc[0m
[0m[38;5;2;1m[ 95%]:[0m cache compiling.release src/infinicore/ops/concat_and_cache_mla_int8/iluvatar/concat_and_cache_mla_int8_iluvatar.cc[0m
[0m[38;5;2;1m[ 95%]:[0m cache compiling.release src/infinicore/ops/concat_mla_q/iluvatar/concat_mla_q_iluvatar.cc[0m
[0m[38;5;2;1m[ 95%]:[0m cache compiling.release src/infinicore/ops/dequant/per_tensor_dequant_int8/per_tensor_quant_int8.cc[0m
[0m[38;5;3;1mIn file included from third_party/spdlog/include/spdlog/fmt/bundled/format.h:41,
                 from third_party/spdlog/include/spdlog/fmt/fmt.h:23,
                 from third_party/spdlog/include/spdlog/common.h:50,
                 from third_party/spdlog/include/spdlog/cfg/helpers.h:6,
                 from third_party/spdlog/include/spdlog/cfg/env.h:5,
                 from src/infinicore/ops/log_softmax/../../utils.hpp:5,
                 from src/infinicore/ops/log_softmax/log_softmax_infiniop.cc:1:
In function 'constexpr OutputIt fmt::v11::detail::copy(InputIt, InputIt, OutputIt) [with T = char; InputIt = const char*; OutputIt = char*; typename std::enable_if<(! fmt::v11::detail::is_back_insert_iterator<OutputIt>::value), int>::type <anonymous> = 0]',
    inlined from 'constexpr void fmt::v11::detail::for_each_codepoint(fmt::v11::string_view, F) [with F = fmt::v11::detail::code_point_index(fmt::v11::string_view, size_t)::<lambda(uint32_t, fmt::v11::string_view)>]' at third_party/spdlog/include/spdlog/fmt/bundled/format.h:622:13,
    inlined from 'size_t fmt::v11::detail::code_point_index(fmt::v11::string_view, size_t)' at third_party/spdlog/include/spdlog/fmt/bundled/format.h:681:21,
    inlined from 'constexpr OutputIt fmt::v11::detail::write(OutputIt, fmt::v11::basic_string_view<Char>, const fmt::v11::format_specs&) [with Char = char; OutputIt = fmt::v11::basic_appender<char>]' at third_party/spdlog/include/spdlog/fmt/bundled/format.h:2119:28:
third_party/spdlog/include/spdlog/fmt/bundled/base.h:2061:31: warning: writing 8 bytes into a region of size 7 [-Wstringop-overflow=]
 2061 |   while (begin != end) *out++ = static_cast<T>(*begin++);
      |                        ~~~~~~~^~~~~~~~~~~~~~~~~~~~~~~~~~
In file included from third_party/spdlog/include/spdlog/fmt/fmt.h:23,
                 from third_party/spdlog/include/spdlog/common.h:50,[0m
[0m[38;5;2;1m[ 95%]:[0m cache compiling.release src/infinicore/ops/dequant/per_tensor_dequant_int8/per_tensor_quant_int8_infiniop.cc[0m
[0m[38;5;3;1mIn file included from third_party/spdlog/include/spdlog/fmt/bundled/format.h:41,
                 from third_party/spdlog/include/spdlog/fmt/fmt.h:23,
                 from third_party/spdlog/include/spdlog/common.h:50,
                 from third_party/spdlog/include/spdlog/cfg/helpers.h:6,
                 from third_party/spdlog/include/spdlog/cfg/env.h:5,
                 from src/infinicore/ops/logaddexp2/../../utils.hpp:5,
                 from src/infinicore/ops/logaddexp2/logaddxep2_infiniop.cc:1:
In function 'constexpr OutputIt fmt::v11::detail::copy(InputIt, InputIt, OutputIt) [with T = char; InputIt = const char*; OutputIt = char*; typename std::enable_if<(! fmt::v11::detail::is_back_insert_iterator<OutputIt>::value), int>::type <anonymous> = 0]',
    inlined from 'constexpr void fmt::v11::detail::for_each_codepoint(fmt::v11::string_view, F) [with F = fmt::v11::detail::code_point_index(fmt::v11::string_view, size_t)::<lambda(uint32_t, fmt::v11::string_view)>]' at third_party/spdlog/include/spdlog/fmt/bundled/format.h:622:13,
    inlined from 'size_t fmt::v11::detail::code_point_index(fmt::v11::string_view, size_t)' at third_party/spdlog/include/spdlog/fmt/bundled/format.h:681:21,
    inlined from 'constexpr OutputIt fmt::v11::detail::write(OutputIt, fmt::v11::basic_string_view<Char>, const fmt::v11::format_specs&) [with Char = char; OutputIt = fmt::v11::basic_appender<char>]' at third_party/spdlog/include/spdlog/fmt/bundled/format.h:2119:28:
third_party/spdlog/include/spdlog/fmt/bundled/base.h:2061:31: warning: writing 8 bytes into a region of size 7 [-Wstringop-overflow=]
 2061 |   while (begin != end) *out++ = static_cast<T>(*begin++);
      |                        ~~~~~~~^~~~~~~~~~~~~~~~~~~~~~~~~~
In file included from third_party/spdlog/include/spdlog/fmt/fmt.h:23,
                 from third_party/spdlog/include/spdlog/common.h:50,[0m
[0m[38;5;2;1m[ 95%]:[0m cache compiling.release src/infinicore/ops/dsa/iluvatar/dsa_iluvatar.cc[0m
[0m[38;5;2;1m[ 95%]:[0m cache compiling.release src/infinicore/ops/fused_rotary_embedding/iluvatar/fused_rotary_embedding_iluvatar.cc[0m
[0m[38;5;2;1m[ 95%]:[0m cache compiling.release src/infinicore/ops/grouped_topk_vendor/iluvatar/grouped_topk_vendor_iluvatar.cc[0m
[0m[38;5;2;1m[ 95%]:[0m cache compiling.release src/infinicore/ops/mha_kvcache/ali/mha_kvcache_flashattn_ali.cc[0m
[0m[38;5;2;1m[ 96%]:[0m cache compiling.release src/infinicore/ops/mha_kvcache/ascend/mha_kvcache_flashattn_ascend.cc[0m
[0m[38;5;2;1m[ 96%]:[0m cache compiling.release src/infinicore/ops/mha_kvcache/cambricon/mha_kvcache_flashattn_cambricon.cc[0m
[0m[38;5;2;1m[ 96%]:[0m cache compiling.release src/infinicore/ops/mha_kvcache/iluvatar/mha_kvcache_flashattn_iluvatar.cc[0m
[0m[38;5;2;1m[ 96%]:[0m cache compiling.release src/infinicore/ops/mha_kvcache/moore/mha_kvcache_flashattn_moore.cc[0m
[0m[38;5;2;1m[ 96%]:[0m cache compiling.release src/infinicore/ops/moe_argsort_bincount/iluvatar/moe_argsort_bincount_iluvatar.cc[0m
[0m[38;5;2;1m[ 96%]:[0m cache compiling.release src/infinicore/ops/moe_expand_input/iluvatar/moe_expand_input_iluvatar.cc[0m
[0m[38;5;2;1m[ 96%]:[0m cache compiling.release src/infinicore/ops/moe_silu_and_mul_quant/iluvatar/moe_silu_and_mul_quant_iluvatar.cc[0m
[0m[38;5;2;1m[ 96%]:[0m cache compiling.release src/infinicore/ops/moe_sum_vendor/iluvatar/moe_sum_vendor_iluvatar.cc[0m
[0m[38;5;2;1m[ 96%]:[0m cache compiling.release src/infinicore/ops/moe_topk_vendor/iluvatar/moe_topk_vendor_iluvatar.cc[0m
[0m[38;5;2;1m[ 96%]:[0m cache compiling.release src/infinicore/ops/multi_head_attention/ali/mha_flashattn_ali.cc[0m
[0m[38;5;2;1m[ 97%]:[0m cache compiling.release src/infinicore/ops/multi_head_attention/ascend/mha_flashattn_ascend.cc[0m
[0m[38;5;2;1m[ 97%]:[0m cache compiling.release src/infinicore/ops/multi_head_attention/cambricon/mha_flashattn_cambricon.cc[0m
[0m[38;5;2;1m[ 97%]:[0m cache compiling.release src/infinicore/ops/multi_head_attention/iluvatar/mha_flashattn_iluvatar.cc[0m
[0m[38;5;2;1m[ 97%]:[0m cache compiling.release src/infinicore/ops/multi_head_attention/moore/mha_flashattn_moore.cc[0m
[0m[38;5;2;1m[ 97%]:[0m cache compiling.release src/infinicore/ops/multi_head_attention_varlen/ali/mha_varlen_flashattn_ali.cc[0m
[0m[38;5;2;1m[ 97%]:[0m cache compiling.release src/infinicore/ops/multi_head_attention_varlen/ascend/mha_varlen_flashattn_ascend.cc[0m
[0m[38;5;2;1m[ 97%]:[0m cache compiling.release src/infinicore/ops/multi_head_attention_varlen/cambricon/mha_varlen_flashattn_cambricon.cc[0m
[0m[38;5;2;1m[ 97%]:[0m cache compiling.release src/infinicore/ops/multi_head_attention_varlen/iluvatar/mha_varlen_flashattn_iluvatar.cc[0m
[0m[38;5;2;1m[ 97%]:[0m cache compiling.release src/infinicore/ops/multi_head_attention_varlen/moore/mha_varlen_flashattn_moore.cc[0m
[0m[38;5;2;1m[ 98%]:[0m cache compiling.release src/infinicore/ops/paged_attention_mla/iluvatar/paged_attention_mla_iluvatar.cc[0m
[0m[38;5;2;1m[ 98%]:[0m cache compiling.release src/infinicore/ops/quant/dynamic_scaled_int8_quant/dynamic_scaled_int8_quant.cc[0m
[0m[38;5;2;1m[ 98%]:[0m cache compiling.release src/infinicore/ops/quant/per_tensor_quant_int8/per_tensor_quant_int8.cc[0m
[0m[38;5;2;1m[ 98%]:[0m cache compiling.release src/infinicore/ops/quant/per_tensor_quant_int8/per_tensor_quant_int8_infiniop.cc[0m
[0m[38;5;3;1mIn file included from third_party/spdlog/include/spdlog/fmt/bundled/format.h:41,
                 from third_party/spdlog/include/spdlog/fmt/fmt.h:23,
                 from third_party/spdlog/include/spdlog/common.h:50,
                 from third_party/spdlog/include/spdlog/cfg/helpers.h:6,
                 from third_party/spdlog/include/spdlog/cfg/env.h:5,
                 from src/infinicore/ops/masked_select/../../utils.hpp:5,
                 from src/infinicore/ops/masked_select/masked_select_infiniop.cc:1:
In function 'constexpr OutputIt fmt::v11::detail::copy(InputIt, InputIt, OutputIt) [with T = char; InputIt = const char*; OutputIt = char*; typename std::enable_if<(! fmt::v11::detail::is_back_insert_iterator<OutputIt>::value), int>::type <anonymous> = 0]',
    inlined from 'constexpr void fmt::v11::detail::for_each_codepoint(fmt::v11::string_view, F) [with F = fmt::v11::detail::code_point_index(fmt::v11::string_view, size_t)::<lambda(uint32_t, fmt::v11::string_view)>]' at third_party/spdlog/include/spdlog/fmt/bundled/format.h:622:13,
    inlined from 'size_t fmt::v11::detail::code_point_index(fmt::v11::string_view, size_t)' at third_party/spdlog/include/spdlog/fmt/bundled/format.h:681:21,
    inlined from 'constexpr OutputIt fmt::v11::detail::write(OutputIt, fmt::v11::basic_string_view<Char>, const fmt::v11::format_specs&) [with Char = char; OutputIt = fmt::v11::basic_appender<char>]' at third_party/spdlog/include/spdlog/fmt/bundled/format.h:2119:28:
third_party/spdlog/include/spdlog/fmt/bundled/base.h:2061:31: warning: writing 8 bytes into a region of size 7 [-Wstringop-overflow=]
 2061 |   while (begin != end) *out++ = static_cast<T>(*begin++);
      |                        ~~~~~~~^~~~~~~~~~~~~~~~~~~~~~~~~~
In file included from third_party/spdlog/include/spdlog/fmt/fmt.h:23,
                 from third_party/spdlog/include/spdlog/common.h:50,[0m
[0m[38;5;2;1m[ 98%]:[0m cache compiling.release src/infinicore/ops/scaled_mm_w4a8/iluvatar/scaled_mm_w4a8_iluvatar.cc[0m
[0m[38;5;2;1m[ 98%]:[0m cache compiling.release src/infinicore/ops/scaled_mm_w8a8/iluvatar/scaled_mm_w8a8_iluvatar.cc[0m
[0m[38;5;2;1m[ 98%]:[0m cache compiling.release src/infinicore/ops/w16a16_group_gemm/iluvatar/w16a16_group_gemm_iluvatar.cc[0m
[0m[38;5;2;1m[ 98%]:[0m cache compiling.release src/infinicore/ops/w4a8_group_gemm/iluvatar/w4a8_group_gemm_iluvatar.cc[0m
[0m[38;5;2;1m[ 98%]:[0m cache compiling.release src/infinicore/ops/w8a8_group_gemm/iluvatar/w8a8_group_gemm_iluvatar.cc[0m
[0m[38;5;2;1m[ 98%]:[0m cache compiling.release src/infinicore/ops/quant/dynamic_scaled_int8_quant/iluvatar/dynamic_scaled_int8_quant_iluvatar.cc[0m
[0m[38;5;2;1m[ 99%]:[0m cache compiling.release src/utils/custom_types.cc[0m
[0m[38;5;2;1m[ 99%]:[0m cache compiling.release src/utils/rearrange.cc[0m
[0m[38;5;3;1mIn file included from third_party/spdlog/include/spdlog/fmt/bundled/format.h:41,
                 from third_party/spdlog/include/spdlog/fmt/fmt.h:23,
                 from third_party/spdlog/include/spdlog/common.h:50,
                 from third_party/spdlog/include/spdlog/cfg/helpers.h:6,
                 from third_party/spdlog/include/spdlog/cfg/env.h:5,
                 from src/infinicore/ops/logcumsumexp/../../utils.hpp:5,
                 from src/infinicore/ops/logcumsumexp/logcumsumexp_infiniop.cc:1:
In function 'constexpr OutputIt fmt::v11::detail::copy(InputIt, InputIt, OutputIt) [with T = char; InputIt = const char*; OutputIt = char*; typename std::enable_if<(! fmt::v11::detail::is_back_insert_iterator<OutputIt>::value), int>::type <anonymous> = 0]',
    inlined from 'constexpr void fmt::v11::detail::for_each_codepoint(fmt::v11::string_view, F) [with F = fmt::v11::detail::code_point_index(fmt::v11::string_view, size_t)::<lambda(uint32_t, fmt::v11::string_view)>]' at third_party/spdlog/include/spdlog/fmt/bundled/format.h:622:13,
    inlined from 'size_t fmt::v11::detail::code_point_index(fmt::v11::string_view, size_t)' at third_party/spdlog/include/spdlog/fmt/bundled/format.h:681:21,
    inlined from 'constexpr OutputIt fmt::v11::detail::write(OutputIt, fmt::v11::basic_string_view<Char>, const fmt::v11::format_specs&) [with Char = char; OutputIt = fmt::v11::basic_appender<char>]' at third_party/spdlog/include/spdlog/fmt/bundled/format.h:2119:28:
third_party/spdlog/include/spdlog/fmt/bundled/base.h:2061:31: warning: writing 8 bytes into a region of size 7 [-Wstringop-overflow=]
 2061 |   while (begin != end) *out++ = static_cast<T>(*begin++);
      |                        ~~~~~~~^~~~~~~~~~~~~~~~~~~~~~~~~~
In file included from third_party/spdlog/include/spdlog/fmt/fmt.h:23,
                 from third_party/spdlog/include/spdlog/common.h:50,[0m
[0m[38;5;3;1mIn file included from third_party/spdlog/include/spdlog/fmt/bundled/format.h:41,
                 from third_party/spdlog/include/spdlog/fmt/fmt.h:23,
                 from third_party/spdlog/include/spdlog/common.h:50,
                 from third_party/spdlog/include/spdlog/cfg/helpers.h:6,
                 from third_party/spdlog/include/spdlog/cfg/env.h:5,
                 from src/infinicore/ops/mamba_selective_scan/../../utils.hpp:5,
                 from src/infinicore/ops/mamba_selective_scan/../infiniop_impl.hpp:3,
                 from src/infinicore/ops/mamba_selective_scan/mamba_selective_scan_infiniop.cc:1:
In function 'constexpr OutputIt fmt::v11::detail::copy(InputIt, InputIt, OutputIt) [with T = char; InputIt = const char*; OutputIt = char*; typename std::enable_if<(! fmt::v11::detail::is_back_insert_iterator<OutputIt>::value), int>::type <anonymous> = 0]',
    inlined from 'constexpr void fmt::v11::detail::for_each_codepoint(fmt::v11::string_view, F) [with F = fmt::v11::detail::code_point_index(fmt::v11::string_view, size_t)::<lambda(uint32_t, fmt::v11::string_view)>]' at third_party/spdlog/include/spdlog/fmt/bundled/format.h:622:13,
    inlined from 'size_t fmt::v11::detail::code_point_index(fmt::v11::string_view, size_t)' at third_party/spdlog/include/spdlog/fmt/bundled/format.h:681:21,
    inlined from 'constexpr OutputIt fmt::v11::detail::write(OutputIt, fmt::v11::basic_string_view<Char>, const fmt::v11::format_specs&) [with Char = char; OutputIt = fmt::v11::basic_appender<char>]' at third_party/spdlog/include/spdlog/fmt/bundled/format.h:2119:28:
third_party/spdlog/include/spdlog/fmt/bundled/base.h:2061:31: warning: writing 8 bytes into a region of size 7 [-Wstringop-overflow=]
 2061 |   while (begin != end) *out++ = static_cast<T>(*begin++);
      |                        ~~~~~~~^~~~~~~~~~~~~~~~~~~~~~~~~~
In file included from third_party/spdlog/include/spdlog/fmt/fmt.h:23,[0m
[0m[38;5;3;1mIn file included from third_party/spdlog/include/spdlog/fmt/bundled/format.h:41,
                 from third_party/spdlog/include/spdlog/fmt/fmt.h:23,
                 from third_party/spdlog/include/spdlog/common.h:50,
                 from third_party/spdlog/include/spdlog/cfg/helpers.h:6,
                 from third_party/spdlog/include/spdlog/cfg/env.h:5,
                 from src/infinicore/ops/ones/../../utils.hpp:5,
                 from src/infinicore/ops/ones/ones.cc:3:
In function 'constexpr OutputIt fmt::v11::detail::copy(InputIt, InputIt, OutputIt) [with T = char; InputIt = const char*; OutputIt = char*; typename std::enable_if<(! fmt::v11::detail::is_back_insert_iterator<OutputIt>::value), int>::type <anonymous> = 0]',
    inlined from 'constexpr void fmt::v11::detail::for_each_codepoint(fmt::v11::string_view, F) [with F = fmt::v11::detail::code_point_index(fmt::v11::string_view, size_t)::<lambda(uint32_t, fmt::v11::string_view)>]' at third_party/spdlog/include/spdlog/fmt/bundled/format.h:622:13,
    inlined from 'size_t fmt::v11::detail::code_point_index(fmt::v11::string_view, size_t)' at third_party/spdlog/include/spdlog/fmt/bundled/format.h:681:21,
    inlined from 'constexpr OutputIt fmt::v11::detail::write(OutputIt, fmt::v11::basic_string_view<Char>, const fmt::v11::format_specs&) [with Char = char; OutputIt = fmt::v11::basic_appender<char>]' at third_party/spdlog/include/spdlog/fmt/bundled/format.h:2119:28:
third_party/spdlog/include/spdlog/fmt/bundled/base.h:2061:31: warning: writing 8 bytes into a region of size 7 [-Wstringop-overflow=]
 2061 |   while (begin != end) *out++ = static_cast<T>(*begin++);
      |                        ~~~~~~~^~~~~~~~~~~~~~~~~~~~~~~~~~
In file included from third_party/spdlog/include/spdlog/fmt/fmt.h:23,
                 from third_party/spdlog/include/spdlog/common.h:50,[0m
[0m[38;5;3;1mIn file included from third_party/spdlog/include/spdlog/fmt/bundled/format.h:41,
                 from third_party/spdlog/include/spdlog/fmt/fmt.h:23,
                 from third_party/spdlog/include/spdlog/common.h:50,
                 from third_party/spdlog/include/spdlog/cfg/helpers.h:6,
                 from third_party/spdlog/include/spdlog/cfg/env.h:5,
                 from src/infinicore/ops/moe_fused_dense/../../utils.hpp:5,
                 from src/infinicore/ops/moe_fused_dense/../infiniop_impl.hpp:3,
                 from src/infinicore/ops/moe_fused_dense/moe_fused_dense_infiniop.cc:3:
In function 'constexpr OutputIt fmt::v11::detail::copy(InputIt, InputIt, OutputIt) [with T = char; InputIt = const char*; OutputIt = char*; typename std::enable_if<(! fmt::v11::detail::is_back_insert_iterator<OutputIt>::value), int>::type <anonymous> = 0]',
    inlined from 'constexpr void fmt::v11::detail::for_each_codepoint(fmt::v11::string_view, F) [with F = fmt::v11::detail::code_point_index(fmt::v11::string_view, size_t)::<lambda(uint32_t, fmt::v11::string_view)>]' at third_party/spdlog/include/spdlog/fmt/bundled/format.h:622:13,
    inlined from 'size_t fmt::v11::detail::code_point_index(fmt::v11::string_view, size_t)' at third_party/spdlog/include/spdlog/fmt/bundled/format.h:681:21,
    inlined from 'constexpr OutputIt fmt::v11::detail::write(OutputIt, fmt::v11::basic_string_view<Char>, const fmt::v11::format_specs&) [with Char = char; OutputIt = fmt::v11::basic_appender<char>]' at third_party/spdlog/include/spdlog/fmt/bundled/format.h:2119:28:
third_party/spdlog/include/spdlog/fmt/bundled/base.h:2061:31: warning: writing 8 bytes into a region of size 7 [-Wstringop-overflow=]
 2061 |   while (begin != end) *out++ = static_cast<T>(*begin++);
      |                        ~~~~~~~^~~~~~~~~~~~~~~~~~~~~~~~~~
In file included from third_party/spdlog/include/spdlog/fmt/fmt.h:23,[0m
[0m[38;5;3;1mIn file included from third_party/spdlog/include/spdlog/fmt/bundled/format.h:41,
                 from third_party/spdlog/include/spdlog/fmt/fmt.h:23,
                 from third_party/spdlog/include/spdlog/common.h:50,
                 from third_party/spdlog/include/spdlog/cfg/helpers.h:6,
                 from third_party/spdlog/include/spdlog/cfg/env.h:5,
                 from src/infinicore/ops/interpolate/../../utils.hpp:5,
                 from src/infinicore/ops/interpolate/../infiniop_impl.hpp:3,
                 from src/infinicore/ops/interpolate/interpolate_infiniop.cc:5:
In function 'constexpr OutputIt fmt::v11::detail::copy(InputIt, InputIt, OutputIt) [with T = char; InputIt = const char*; OutputIt = char*; typename std::enable_if<(! fmt::v11::detail::is_back_insert_iterator<OutputIt>::value), int>::type <anonymous> = 0]',
    inlined from 'constexpr void fmt::v11::detail::for_each_codepoint(fmt::v11::string_view, F) [with F = fmt::v11::detail::code_point_index(fmt::v11::string_view, size_t)::<lambda(uint32_t, fmt::v11::string_view)>]' at third_party/spdlog/include/spdlog/fmt/bundled/format.h:622:13,
    inlined from 'size_t fmt::v11::detail::code_point_index(fmt::v11::string_view, size_t)' at third_party/spdlog/include/spdlog/fmt/bundled/format.h:681:21,
    inlined from 'constexpr OutputIt fmt::v11::detail::write(OutputIt, fmt::v11::basic_string_view<Char>, const fmt::v11::format_specs&) [with Char = char; OutputIt = fmt::v11::basic_appender<char>]' at third_party/spdlog/include/spdlog/fmt/bundled/format.h:2119:28:
third_party/spdlog/include/spdlog/fmt/bundled/base.h:2061:31: warning: writing 8 bytes into a region of size 7 [-Wstringop-overflow=]
 2061 |   while (begin != end) *out++ = static_cast<T>(*begin++);
      |                        ~~~~~~~^~~~~~~~~~~~~~~~~~~~~~~~~~
In file included from third_party/spdlog/include/spdlog/fmt/fmt.h:23,[0m
[0m[38;5;3;1mIn file included from third_party/spdlog/include/spdlog/fmt/bundled/format.h:41,
                 from third_party/spdlog/include/spdlog/fmt/fmt.h:23,
                 from third_party/spdlog/include/spdlog/common.h:50,
                 from third_party/spdlog/include/spdlog/cfg/helpers.h:6,
                 from third_party/spdlog/include/spdlog/cfg/env.h:5,
                 from src/infinicore/ops/moe_align/../../utils.hpp:5,
                 from src/infinicore/ops/moe_align/../infiniop_impl.hpp:3,
                 from src/infinicore/ops/moe_align/moe_align_infiniop.cc:5:
In function 'constexpr OutputIt fmt::v11::detail::copy(InputIt, InputIt, OutputIt) [with T = char; InputIt = const char*; OutputIt = char*; typename std::enable_if<(! fmt::v11::detail::is_back_insert_iterator<OutputIt>::value), int>::type <anonymous> = 0]',
    inlined from 'constexpr void fmt::v11::detail::for_each_codepoint(fmt::v11::string_view, F) [with F = fmt::v11::detail::code_point_index(fmt::v11::string_view, size_t)::<lambda(uint32_t, fmt::v11::string_view)>]' at third_party/spdlog/include/spdlog/fmt/bundled/format.h:622:13,
    inlined from 'size_t fmt::v11::detail::code_point_index(fmt::v11::string_view, size_t)' at third_party/spdlog/include/spdlog/fmt/bundled/format.h:681:21,
    inlined from 'constexpr OutputIt fmt::v11::detail::write(OutputIt, fmt::v11::basic_string_view<Char>, const fmt::v11::format_specs&) [with Char = char; OutputIt = fmt::v11::basic_appender<char>]' at third_party/spdlog/include/spdlog/fmt/bundled/format.h:2119:28:
third_party/spdlog/include/spdlog/fmt/bundled/base.h:2061:31: warning: writing 8 bytes into a region of size 7 [-Wstringop-overflow=]
 2061 |   while (begin != end) *out++ = static_cast<T>(*begin++);
      |                        ~~~~~~~^~~~~~~~~~~~~~~~~~~~~~~~~~
In file included from third_party/spdlog/include/spdlog/fmt/fmt.h:23,[0m
[0m[38;5;3;1mIn file included from third_party/spdlog/include/spdlog/fmt/bundled/format.h:41,
                 from third_party/spdlog/include/spdlog/fmt/fmt.h:23,
                 from third_party/spdlog/include/spdlog/common.h:50,
                 from third_party/spdlog/include/spdlog/cfg/helpers.h:6,
                 from third_party/spdlog/include/spdlog/cfg/env.h:5,
                 from src/infinicore/ops/kimi_delta_attention/../../utils.hpp:5,
                 from src/infinicore/ops/kimi_delta_attention/../infiniop_impl.hpp:3,
                 from src/infinicore/ops/kimi_delta_attention/kimi_delta_attention_infiniop.cc:3:
In function 'constexpr OutputIt fmt::v11::detail::copy(InputIt, InputIt, OutputIt) [with T = char; InputIt = const char*; OutputIt = char*; typename std::enable_if<(! fmt::v11::detail::is_back_insert_iterator<OutputIt>::value), int>::type <anonymous> = 0]',
    inlined from 'constexpr void fmt::v11::detail::for_each_codepoint(fmt::v11::string_view, F) [with F = fmt::v11::detail::code_point_index(fmt::v11::string_view, size_t)::<lambda(uint32_t, fmt::v11::string_view)>]' at third_party/spdlog/include/spdlog/fmt/bundled/format.h:622:13,
    inlined from 'size_t fmt::v11::detail::code_point_index(fmt::v11::string_view, size_t)' at third_party/spdlog/include/spdlog/fmt/bundled/format.h:681:21,
    inlined from 'constexpr OutputIt fmt::v11::detail::write(OutputIt, fmt::v11::basic_string_view<Char>, const fmt::v11::format_specs&) [with Char = char; OutputIt = fmt::v11::basic_appender<char>]' at third_party/spdlog/include/spdlog/fmt/bundled/format.h:2119:28:
third_party/spdlog/include/spdlog/fmt/bundled/base.h:2061:31: warning: writing 8 bytes into a region of size 7 [-Wstringop-overflow=]
 2061 |   while (begin != end) *out++ = static_cast<T>(*begin++);
      |                        ~~~~~~~^~~~~~~~~~~~~~~~~~~~~~~~~~
In file included from third_party/spdlog/include/spdlog/fmt/fmt.h:23,[0m
[0m[38;5;3;1mIn file included from third_party/spdlog/include/spdlog/fmt/bundled/format.h:41,
                 from third_party/spdlog/include/spdlog/fmt/fmt.h:23,
                 from third_party/spdlog/include/spdlog/common.h:50,
                 from third_party/spdlog/include/spdlog/cfg/helpers.h:6,
                 from third_party/spdlog/include/spdlog/cfg/env.h:5,
                 from src/infinicore/ops/logdet/../../utils.hpp:5,
                 from src/infinicore/ops/logdet/../infiniop_impl.hpp:3,
                 from src/infinicore/ops/logdet/logdet_infiniop.cc:3:
In function 'constexpr OutputIt fmt::v11::detail::copy(InputIt, InputIt, OutputIt) [with T = char; InputIt = const char*; OutputIt = char*; typename std::enable_if<(! fmt::v11::detail::is_back_insert_iterator<OutputIt>::value), int>::type <anonymous> = 0]',
    inlined from 'constexpr void fmt::v11::detail::for_each_codepoint(fmt::v11::string_view, F) [with F = fmt::v11::detail::code_point_index(fmt::v11::string_view, size_t)::<lambda(uint32_t, fmt::v11::string_view)>]' at third_party/spdlog/include/spdlog/fmt/bundled/format.h:622:13,
    inlined from 'size_t fmt::v11::detail::code_point_index(fmt::v11::string_view, size_t)' at third_party/spdlog/include/spdlog/fmt/bundled/format.h:681:21,
    inlined from 'constexpr OutputIt fmt::v11::detail::write(OutputIt, fmt::v11::basic_string_view<Char>, const fmt::v11::format_specs&) [with Char = char; OutputIt = fmt::v11::basic_appender<char>]' at third_party/spdlog/include/spdlog/fmt/bundled/format.h:2119:28:
third_party/spdlog/include/spdlog/fmt/bundled/base.h:2061:31: warning: writing 8 bytes into a region of size 7 [-Wstringop-overflow=]
 2061 |   while (begin != end) *out++ = static_cast<T>(*begin++);
      |                        ~~~~~~~^~~~~~~~~~~~~~~~~~~~~~~~~~
In file included from third_party/spdlog/include/spdlog/fmt/fmt.h:23,[0m
[0m[38;5;3;1mIn file included from third_party/spdlog/include/spdlog/fmt/bundled/format.h:41,
                 from third_party/spdlog/include/spdlog/fmt/fmt.h:23,
                 from third_party/spdlog/include/spdlog/common.h:50,
                 from third_party/spdlog/include/spdlog/cfg/helpers.h:6,
                 from third_party/spdlog/include/spdlog/cfg/env.h:5,
                 from src/infinicore/ops/rearrange/../../utils.hpp:5,
                 from src/infinicore/ops/rearrange/../infiniop_impl.hpp:3,
                 from src/infinicore/ops/rearrange/rearrange_infiniop.cc:3:
In function 'constexpr OutputIt fmt::v11::detail::copy(InputIt, InputIt, OutputIt) [with T = char; InputIt = const char*; OutputIt = char*; typename std::enable_if<(! fmt::v11::detail::is_back_insert_iterator<OutputIt>::value), int>::type <anonymous> = 0]',
    inlined from 'constexpr void fmt::v11::detail::for_each_codepoint(fmt::v11::string_view, F) [with F = fmt::v11::detail::code_point_index(fmt::v11::string_view, size_t)::<lambda(uint32_t, fmt::v11::string_view)>]' at third_party/spdlog/include/spdlog/fmt/bundled/format.h:622:13,
    inlined from 'size_t fmt::v11::detail::code_point_index(fmt::v11::string_view, size_t)' at third_party/spdlog/include/spdlog/fmt/bundled/format.h:681:21,
    inlined from 'constexpr OutputIt fmt::v11::detail::write(OutputIt, fmt::v11::basic_string_view<Char>, const fmt::v11::format_specs&) [with Char = char; OutputIt = fmt::v11::basic_appender<char>]' at third_party/spdlog/include/spdlog/fmt/bundled/format.h:2119:28:
third_party/spdlog/include/spdlog/fmt/bundled/base.h:2061:31: warning: writing 8 bytes into a region of size 7 [-Wstringop-overflow=]
 2061 |   while (begin != end) *out++ = static_cast<T>(*begin++);
      |                        ~~~~~~~^~~~~~~~~~~~~~~~~~~~~~~~~~
In file included from third_party/spdlog/include/spdlog/fmt/fmt.h:23,[0m
[0m[38;5;3;1mIn file included from third_party/spdlog/include/spdlog/fmt/bundled/format.h:41,
                 from third_party/spdlog/include/spdlog/fmt/fmt.h:23,
                 from third_party/spdlog/include/spdlog/common.h:50,
                 from third_party/spdlog/include/spdlog/cfg/helpers.h:6,
                 from third_party/spdlog/include/spdlog/cfg/env.h:5,
                 from src/infinicore/ops/ones/../../utils.hpp:5,
                 from src/infinicore/ops/ones/../infiniop_impl.hpp:3,
                 from src/infinicore/ops/ones/ones_infiniop.cc:3:
In function 'constexpr OutputIt fmt::v11::detail::copy(InputIt, InputIt, OutputIt) [with T = char; InputIt = const char*; OutputIt = char*; typename std::enable_if<(! fmt::v11::detail::is_back_insert_iterator<OutputIt>::value), int>::type <anonymous> = 0]',
    inlined from 'constexpr void fmt::v11::detail::for_each_codepoint(fmt::v11::string_view, F) [with F = fmt::v11::detail::code_point_index(fmt::v11::string_view, size_t)::<lambda(uint32_t, fmt::v11::string_view)>]' at third_party/spdlog/include/spdlog/fmt/bundled/format.h:622:13,
    inlined from 'size_t fmt::v11::detail::code_point_index(fmt::v11::string_view, size_t)' at third_party/spdlog/include/spdlog/fmt/bundled/format.h:681:21,
    inlined from 'constexpr OutputIt fmt::v11::detail::write(OutputIt, fmt::v11::basic_string_view<Char>, const fmt::v11::format_specs&) [with Char = char; OutputIt = fmt::v11::basic_appender<char>]' at third_party/spdlog/include/spdlog/fmt/bundled/format.h:2119:28:
third_party/spdlog/include/spdlog/fmt/bundled/base.h:2061:31: warning: writing 8 bytes into a region of size 7 [-Wstringop-overflow=]
 2061 |   while (begin != end) *out++ = static_cast<T>(*begin++);
      |                        ~~~~~~~^~~~~~~~~~~~~~~~~~~~~~~~~~
In file included from third_party/spdlog/include/spdlog/fmt/fmt.h:23,[0m
[0m[38;5;3;1mIn file included from third_party/spdlog/include/spdlog/fmt/bundled/format.h:41,
                 from third_party/spdlog/include/spdlog/fmt/fmt.h:23,
                 from third_party/spdlog/include/spdlog/common.h:50,
                 from third_party/spdlog/include/spdlog/cfg/helpers.h:6,
                 from third_party/spdlog/include/spdlog/cfg/env.h:5,
                 from src/infinicore/ops/logaddexp/../../utils.hpp:5,
                 from src/infinicore/ops/logaddexp/logaddexp_infiniop.cc:1:
In function 'constexpr OutputIt fmt::v11::detail::copy(InputIt, InputIt, OutputIt) [with T = char; InputIt = const char*; OutputIt = char*; typename std::enable_if<(! fmt::v11::detail::is_back_insert_iterator<OutputIt>::value), int>::type <anonymous> = 0]',
    inlined from 'constexpr void fmt::v11::detail::for_each_codepoint(fmt::v11::string_view, F) [with F = fmt::v11::detail::code_point_index(fmt::v11::string_view, size_t)::<lambda(uint32_t, fmt::v11::string_view)>]' at third_party/spdlog/include/spdlog/fmt/bundled/format.h:622:13,
    inlined from 'size_t fmt::v11::detail::code_point_index(fmt::v11::string_view, size_t)' at third_party/spdlog/include/spdlog/fmt/bundled/format.h:681:21,
    inlined from 'constexpr OutputIt fmt::v11::detail::write(OutputIt, fmt::v11::basic_string_view<Char>, const fmt::v11::format_specs&) [with Char = char; OutputIt = fmt::v11::basic_appender<char>]' at third_party/spdlog/include/spdlog/fmt/bundled/format.h:2119:28:
third_party/spdlog/include/spdlog/fmt/bundled/base.h:2061:31: warning: writing 8 bytes into a region of size 7 [-Wstringop-overflow=]
 2061 |   while (begin != end) *out++ = static_cast<T>(*begin++);
      |                        ~~~~~~~^~~~~~~~~~~~~~~~~~~~~~~~~~
In file included from third_party/spdlog/include/spdlog/fmt/fmt.h:23,
                 from third_party/spdlog/include/spdlog/common.h:50,[0m
[0m[38;5;3;1mIn file included from third_party/spdlog/include/spdlog/fmt/bundled/format.h:41,
                 from third_party/spdlog/include/spdlog/fmt/fmt.h:23,
                 from third_party/spdlog/include/spdlog/common.h:50,
                 from third_party/spdlog/include/spdlog/cfg/helpers.h:6,
                 from third_party/spdlog/include/spdlog/cfg/env.h:5,
                 from src/infinicore/ops/paged_caching/../../utils.hpp:5,
                 from src/infinicore/ops/paged_caching/../infiniop_impl.hpp:3,
                 from src/infinicore/ops/paged_caching/paged_caching_infiniop.cc:3:
In function 'constexpr OutputIt fmt::v11::detail::copy(InputIt, InputIt, OutputIt) [with T = char; InputIt = const char*; OutputIt = char*; typename std::enable_if<(! fmt::v11::detail::is_back_insert_iterator<OutputIt>::value), int>::type <anonymous> = 0]',
    inlined from 'constexpr void fmt::v11::detail::for_each_codepoint(fmt::v11::string_view, F) [with F = fmt::v11::detail::code_point_index(fmt::v11::string_view, size_t)::<lambda(uint32_t, fmt::v11::string_view)>]' at third_party/spdlog/include/spdlog/fmt/bundled/format.h:622:13,
    inlined from 'size_t fmt::v11::detail::code_point_index(fmt::v11::string_view, size_t)' at third_party/spdlog/include/spdlog/fmt/bundled/format.h:681:21,
    inlined from 'constexpr OutputIt fmt::v11::detail::write(OutputIt, fmt::v11::basic_string_view<Char>, const fmt::v11::format_specs&) [with Char = char; OutputIt = fmt::v11::basic_appender<char>]' at third_party/spdlog/include/spdlog/fmt/bundled/format.h:2119:28:
third_party/spdlog/include/spdlog/fmt/bundled/base.h:2061:31: warning: writing 8 bytes into a region of size 7 [-Wstringop-overflow=]
 2061 |   while (begin != end) *out++ = static_cast<T>(*begin++);
      |                        ~~~~~~~^~~~~~~~~~~~~~~~~~~~~~~~~~
In file included from third_party/spdlog/include/spdlog/fmt/fmt.h:23,[0m
[0m[38;5;3;1mIn file included from third_party/spdlog/include/spdlog/fmt/bundled/format.h:41,
                 from third_party/spdlog/include/spdlog/fmt/fmt.h:23,
                 from third_party/spdlog/include/spdlog/common.h:50,
                 from third_party/spdlog/include/spdlog/cfg/helpers.h:6,
                 from third_party/spdlog/include/spdlog/cfg/env.h:5,
                 from src/infinicore/ops/nrm2/../../utils.hpp:5,
                 from src/infinicore/ops/nrm2/../infiniop_impl.hpp:3,
                 from src/infinicore/ops/nrm2/nrm2_infiniop.cc:3:
In function 'constexpr OutputIt fmt::v11::detail::copy(InputIt, InputIt, OutputIt) [with T = char; InputIt = const char*; OutputIt = char*; typename std::enable_if<(! fmt::v11::detail::is_back_insert_iterator<OutputIt>::value), int>::type <anonymous> = 0]',
    inlined from 'constexpr void fmt::v11::detail::for_each_codepoint(fmt::v11::string_view, F) [with F = fmt::v11::detail::code_point_index(fmt::v11::string_view, size_t)::<lambda(uint32_t, fmt::v11::string_view)>]' at third_party/spdlog/include/spdlog/fmt/bundled/format.h:622:13,
    inlined from 'size_t fmt::v11::detail::code_point_index(fmt::v11::string_view, size_t)' at third_party/spdlog/include/spdlog/fmt/bundled/format.h:681:21,
    inlined from 'constexpr OutputIt fmt::v11::detail::write(OutputIt, fmt::v11::basic_string_view<Char>, const fmt::v11::format_specs&) [with Char = char; OutputIt = fmt::v11::basic_appender<char>]' at third_party/spdlog/include/spdlog/fmt/bundled/format.h:2119:28:
third_party/spdlog/include/spdlog/fmt/bundled/base.h:2061:31: warning: writing 8 bytes into a region of size 7 [-Wstringop-overflow=]
 2061 |   while (begin != end) *out++ = static_cast<T>(*begin++);
      |                        ~~~~~~~^~~~~~~~~~~~~~~~~~~~~~~~~~
In file included from third_party/spdlog/include/spdlog/fmt/fmt.h:23,[0m
[0m[38;5;3;1mIn file included from third_party/spdlog/include/spdlog/fmt/bundled/format.h:41,
                 from third_party/spdlog/include/spdlog/fmt/fmt.h:23,
                 from third_party/spdlog/include/spdlog/common.h:50,
                 from third_party/spdlog/include/spdlog/cfg/helpers.h:6,
                 from third_party/spdlog/include/spdlog/cfg/env.h:5,
                 from src/infinicore/ops/moe_fused_gate/../../utils.hpp:5,
                 from src/infinicore/ops/moe_fused_gate/../infiniop_impl.hpp:3,
                 from src/infinicore/ops/moe_fused_gate/moe_fused_gate_infiniop.cc:3:
In function 'constexpr OutputIt fmt::v11::detail::copy(InputIt, InputIt, OutputIt) [with T = char; InputIt = const char*; OutputIt = char*; typename std::enable_if<(! fmt::v11::detail::is_back_insert_iterator<OutputIt>::value), int>::type <anonymous> = 0]',
    inlined from 'constexpr void fmt::v11::detail::for_each_codepoint(fmt::v11::string_view, F) [with F = fmt::v11::detail::code_point_index(fmt::v11::string_view, size_t)::<lambda(uint32_t, fmt::v11::string_view)>]' at third_party/spdlog/include/spdlog/fmt/bundled/format.h:622:13,
    inlined from 'size_t fmt::v11::detail::code_point_index(fmt::v11::string_view, size_t)' at third_party/spdlog/include/spdlog/fmt/bundled/format.h:681:21,
    inlined from 'constexpr OutputIt fmt::v11::detail::write(OutputIt, fmt::v11::basic_string_view<Char>, const fmt::v11::format_specs&) [with Char = char; OutputIt = fmt::v11::basic_appender<char>]' at third_party/spdlog/include/spdlog/fmt/bundled/format.h:2119:28:
third_party/spdlog/include/spdlog/fmt/bundled/base.h:2061:31: warning: writing 8 bytes into a region of size 7 [-Wstringop-overflow=]
 2061 |   while (begin != end) *out++ = static_cast<T>(*begin++);
      |                        ~~~~~~~^~~~~~~~~~~~~~~~~~~~~~~~~~
In file included from third_party/spdlog/include/spdlog/fmt/fmt.h:23,[0m
[0m[38;5;3;1mIn file included from third_party/spdlog/include/spdlog/fmt/bundled/format.h:41,
                 from third_party/spdlog/include/spdlog/fmt/fmt.h:23,
                 from third_party/spdlog/include/spdlog/common.h:50,
                 from third_party/spdlog/include/spdlog/cfg/helpers.h:6,
                 from third_party/spdlog/include/spdlog/cfg/env.h:5,
                 from src/infinicore/ops/mul/../../utils.hpp:5,
                 from src/infinicore/ops/mul/../infiniop_impl.hpp:3,
                 from src/infinicore/ops/mul/mul_infiniop.cc:3:
In function 'constexpr OutputIt fmt::v11::detail::copy(InputIt, InputIt, OutputIt) [with T = char; InputIt = const char*; OutputIt = char*; typename std::enable_if<(! fmt::v11::detail::is_back_insert_iterator<OutputIt>::value), int>::type <anonymous> = 0]',
    inlined from 'constexpr void fmt::v11::detail::for_each_codepoint(fmt::v11::string_view, F) [with F = fmt::v11::detail::code_point_index(fmt::v11::string_view, size_t)::<lambda(uint32_t, fmt::v11::string_view)>]' at third_party/spdlog/include/spdlog/fmt/bundled/format.h:622:13,
    inlined from 'size_t fmt::v11::detail::code_point_index(fmt::v11::string_view, size_t)' at third_party/spdlog/include/spdlog/fmt/bundled/format.h:681:21,
    inlined from 'constexpr OutputIt fmt::v11::detail::write(OutputIt, fmt::v11::basic_string_view<Char>, const fmt::v11::format_specs&) [with Char = char; OutputIt = fmt::v11::basic_appender<char>]' at third_party/spdlog/include/spdlog/fmt/bundled/format.h:2119:28:
third_party/spdlog/include/spdlog/fmt/bundled/base.h:2061:31: warning: writing 8 bytes into a region of size 7 [-Wstringop-overflow=]
 2061 |   while (begin != end) *out++ = static_cast<T>(*begin++);
      |                        ~~~~~~~^~~~~~~~~~~~~~~~~~~~~~~~~~
In file included from third_party/spdlog/include/spdlog/fmt/fmt.h:23,[0m
[0m[38;5;3;1mIn file included from third_party/spdlog/include/spdlog/fmt/bundled/format.h:41,
                 from third_party/spdlog/include/spdlog/fmt/fmt.h:23,
                 from third_party/spdlog/include/spdlog/common.h:50,
                 from third_party/spdlog/include/spdlog/cfg/helpers.h:6,
                 from third_party/spdlog/include/spdlog/cfg/env.h:5,
                 from src/infinicore/ops/pad/../../utils.hpp:5,
                 from src/infinicore/ops/pad/../infiniop_impl.hpp:3,
                 from src/infinicore/ops/pad/pad_infiniop.cc:3:
In function 'constexpr OutputIt fmt::v11::detail::copy(InputIt, InputIt, OutputIt) [with T = char; InputIt = const char*; OutputIt = char*; typename std::enable_if<(! fmt::v11::detail::is_back_insert_iterator<OutputIt>::value), int>::type <anonymous> = 0]',
    inlined from 'constexpr void fmt::v11::detail::for_each_codepoint(fmt::v11::string_view, F) [with F = fmt::v11::detail::code_point_index(fmt::v11::string_view, size_t)::<lambda(uint32_t, fmt::v11::string_view)>]' at third_party/spdlog/include/spdlog/fmt/bundled/format.h:622:13,
    inlined from 'size_t fmt::v11::detail::code_point_index(fmt::v11::string_view, size_t)' at third_party/spdlog/include/spdlog/fmt/bundled/format.h:681:21,
    inlined from 'constexpr OutputIt fmt::v11::detail::write(OutputIt, fmt::v11::basic_string_view<Char>, const fmt::v11::format_specs&) [with Char = char; OutputIt = fmt::v11::basic_appender<char>]' at third_party/spdlog/include/spdlog/fmt/bundled/format.h:2119:28:
third_party/spdlog/include/spdlog/fmt/bundled/base.h:2061:31: warning: writing 8 bytes into a region of size 7 [-Wstringop-overflow=]
 2061 |   while (begin != end) *out++ = static_cast<T>(*begin++);
      |                        ~~~~~~~^~~~~~~~~~~~~~~~~~~~~~~~~~
In file included from third_party/spdlog/include/spdlog/fmt/fmt.h:23,[0m
[0m[38;5;3;1mIn file included from third_party/spdlog/include/spdlog/fmt/bundled/format.h:41,
                 from third_party/spdlog/include/spdlog/fmt/fmt.h:23,
                 from third_party/spdlog/include/spdlog/common.h:50,
                 from third_party/spdlog/include/spdlog/cfg/helpers.h:6,
                 from third_party/spdlog/include/spdlog/cfg/env.h:5,
                 from src/infinicore/ops/random_sample/../../utils.hpp:5,
                 from src/infinicore/ops/random_sample/random_sample_infiniop.cc:1:
In function 'constexpr OutputIt fmt::v11::detail::copy(InputIt, InputIt, OutputIt) [with T = char; InputIt = const char*; OutputIt = char*; typename std::enable_if<(! fmt::v11::detail::is_back_insert_iterator<OutputIt>::value), int>::type <anonymous> = 0]',
    inlined from 'constexpr void fmt::v11::detail::for_each_codepoint(fmt::v11::string_view, F) [with F = fmt::v11::detail::code_point_index(fmt::v11::string_view, size_t)::<lambda(uint32_t, fmt::v11::string_view)>]' at third_party/spdlog/include/spdlog/fmt/bundled/format.h:622:13,
    inlined from 'size_t fmt::v11::detail::code_point_index(fmt::v11::string_view, size_t)' at third_party/spdlog/include/spdlog/fmt/bundled/format.h:681:21,
    inlined from 'constexpr OutputIt fmt::v11::detail::write(OutputIt, fmt::v11::basic_string_view<Char>, const fmt::v11::format_specs&) [with Char = char; OutputIt = fmt::v11::basic_appender<char>]' at third_party/spdlog/include/spdlog/fmt/bundled/format.h:2119:28:
third_party/spdlog/include/spdlog/fmt/bundled/base.h:2061:31: warning: writing 8 bytes into a region of size 7 [-Wstringop-overflow=]
 2061 |   while (begin != end) *out++ = static_cast<T>(*begin++);
      |                        ~~~~~~~^~~~~~~~~~~~~~~~~~~~~~~~~~
In file included from third_party/spdlog/include/spdlog/fmt/fmt.h:23,
                 from third_party/spdlog/include/spdlog/common.h:50,[0m
[0m[38;5;3;1mIn file included from third_party/spdlog/include/spdlog/fmt/bundled/format.h:41,
                 from third_party/spdlog/include/spdlog/fmt/fmt.h:23,
                 from third_party/spdlog/include/spdlog/common.h:50,
                 from third_party/spdlog/include/spdlog/cfg/helpers.h:6,
                 from third_party/spdlog/include/spdlog/cfg/env.h:5,
                 from src/infinicore/ops/per_channel_quant_i8/../../utils.hpp:5,
                 from src/infinicore/ops/per_channel_quant_i8/per_channel_quant_i8_infiniop.cc:1:
In function 'constexpr OutputIt fmt::v11::detail::copy(InputIt, InputIt, OutputIt) [with T = char; InputIt = const char*; OutputIt = char*; typename std::enable_if<(! fmt::v11::detail::is_back_insert_iterator<OutputIt>::value), int>::type <anonymous> = 0]',
    inlined from 'constexpr void fmt::v11::detail::for_each_codepoint(fmt::v11::string_view, F) [with F = fmt::v11::detail::code_point_index(fmt::v11::string_view, size_t)::<lambda(uint32_t, fmt::v11::string_view)>]' at third_party/spdlog/include/spdlog/fmt/bundled/format.h:622:13,
    inlined from 'size_t fmt::v11::detail::code_point_index(fmt::v11::string_view, size_t)' at third_party/spdlog/include/spdlog/fmt/bundled/format.h:681:21,
    inlined from 'constexpr OutputIt fmt::v11::detail::write(OutputIt, fmt::v11::basic_string_view<Char>, const fmt::v11::format_specs&) [with Char = char; OutputIt = fmt::v11::basic_appender<char>]' at third_party/spdlog/include/spdlog/fmt/bundled/format.h:2119:28:
third_party/spdlog/include/spdlog/fmt/bundled/base.h:2061:31: warning: writing 8 bytes into a region of size 7 [-Wstringop-overflow=]
 2061 |   while (begin != end) *out++ = static_cast<T>(*begin++);
      |                        ~~~~~~~^~~~~~~~~~~~~~~~~~~~~~~~~~
In file included from third_party/spdlog/include/spdlog/fmt/fmt.h:23,
                 from third_party/spdlog/include/spdlog/common.h:50,[0m
[0m[38;5;3;1mIn file included from third_party/spdlog/include/spdlog/fmt/bundled/format.h:41,
                 from third_party/spdlog/include/spdlog/fmt/fmt.h:23,
                 from third_party/spdlog/include/spdlog/common.h:50,
                 from third_party/spdlog/include/spdlog/cfg/helpers.h:6,
                 from third_party/spdlog/include/spdlog/cfg/env.h:5,
                 from src/infinicore/ops/moe_sum/../../utils.hpp:5,
                 from src/infinicore/ops/moe_sum/../infiniop_impl.hpp:3,
                 from src/infinicore/ops/moe_sum/moe_sum_infiniop.cc:3:
In function 'constexpr OutputIt fmt::v11::detail::copy(InputIt, InputIt, OutputIt) [with T = char; InputIt = const char*; OutputIt = char*; typename std::enable_if<(! fmt::v11::detail::is_back_insert_iterator<OutputIt>::value), int>::type <anonymous> = 0]',
    inlined from 'constexpr void fmt::v11::detail::for_each_codepoint(fmt::v11::string_view, F) [with F = fmt::v11::detail::code_point_index(fmt::v11::string_view, size_t)::<lambda(uint32_t, fmt::v11::string_view)>]' at third_party/spdlog/include/spdlog/fmt/bundled/format.h:622:13,
    inlined from 'size_t fmt::v11::detail::code_point_index(fmt::v11::string_view, size_t)' at third_party/spdlog/include/spdlog/fmt/bundled/format.h:681:21,
    inlined from 'constexpr OutputIt fmt::v11::detail::write(OutputIt, fmt::v11::basic_string_view<Char>, const fmt::v11::format_specs&) [with Char = char; OutputIt = fmt::v11::basic_appender<char>]' at third_party/spdlog/include/spdlog/fmt/bundled/format.h:2119:28:
third_party/spdlog/include/spdlog/fmt/bundled/base.h:2061:31: warning: writing 8 bytes into a region of size 7 [-Wstringop-overflow=]
 2061 |   while (begin != end) *out++ = static_cast<T>(*begin++);
      |                        ~~~~~~~^~~~~~~~~~~~~~~~~~~~~~~~~~
In file included from third_party/spdlog/include/spdlog/fmt/fmt.h:23,[0m
[0m[38;5;3;1mIn file included from third_party/spdlog/include/spdlog/fmt/bundled/format.h:41,
                 from third_party/spdlog/include/spdlog/fmt/fmt.h:23,
                 from third_party/spdlog/include/spdlog/common.h:50,
                 from third_party/spdlog/include/spdlog/cfg/helpers.h:6,
                 from third_party/spdlog/include/spdlog/cfg/env.h:5,
                 from src/infinicore/ops/mxfp4_dequantize/../../utils.hpp:5,
                 from src/infinicore/ops/mxfp4_dequantize/mxfp4_dequantize_infiniop.cc:1:
In function 'constexpr OutputIt fmt::v11::detail::copy(InputIt, InputIt, OutputIt) [with T = char; InputIt = const char*; OutputIt = char*; typename std::enable_if<(! fmt::v11::detail::is_back_insert_iterator<OutputIt>::value), int>::type <anonymous> = 0]',
    inlined from 'constexpr void fmt::v11::detail::for_each_codepoint(fmt::v11::string_view, F) [with F = fmt::v11::detail::code_point_index(fmt::v11::string_view, size_t)::<lambda(uint32_t, fmt::v11::string_view)>]' at third_party/spdlog/include/spdlog/fmt/bundled/format.h:622:13,
    inlined from 'size_t fmt::v11::detail::code_point_index(fmt::v11::string_view, size_t)' at third_party/spdlog/include/spdlog/fmt/bundled/format.h:681:21,
    inlined from 'constexpr OutputIt fmt::v11::detail::write(OutputIt, fmt::v11::basic_string_view<Char>, const fmt::v11::format_specs&) [with Char = char; OutputIt = fmt::v11::basic_appender<char>]' at third_party/spdlog/include/spdlog/fmt/bundled/format.h:2119:28:
third_party/spdlog/include/spdlog/fmt/bundled/base.h:2061:31: warning: writing 8 bytes into a region of size 7 [-Wstringop-overflow=]
 2061 |   while (begin != end) *out++ = static_cast<T>(*begin++);
      |                        ~~~~~~~^~~~~~~~~~~~~~~~~~~~~~~~~~
In file included from third_party/spdlog/include/spdlog/fmt/fmt.h:23,
                 from third_party/spdlog/include/spdlog/common.h:50,[0m
[0m[38;5;3;1mIn file included from third_party/spdlog/include/spdlog/fmt/bundled/format.h:41,
                 from third_party/spdlog/include/spdlog/fmt/fmt.h:23,
                 from third_party/spdlog/include/spdlog/common.h:50,
                 from third_party/spdlog/include/spdlog/cfg/helpers.h:6,
                 from third_party/spdlog/include/spdlog/cfg/env.h:5,
                 from src/infinicore/ops/nsa_paged_attention/../../utils.hpp:5,
                 from src/infinicore/ops/nsa_paged_attention/../infiniop_impl.hpp:3,
                 from src/infinicore/ops/nsa_paged_attention/nsa_paged_attention_infiniop.cc:3:
In function 'constexpr OutputIt fmt::v11::detail::copy(InputIt, InputIt, OutputIt) [with T = char; InputIt = const char*; OutputIt = char*; typename std::enable_if<(! fmt::v11::detail::is_back_insert_iterator<OutputIt>::value), int>::type <anonymous> = 0]',
    inlined from 'constexpr void fmt::v11::detail::for_each_codepoint(fmt::v11::string_view, F) [with F = fmt::v11::detail::code_point_index(fmt::v11::string_view, size_t)::<lambda(uint32_t, fmt::v11::string_view)>]' at third_party/spdlog/include/spdlog/fmt/bundled/format.h:622:13,
    inlined from 'size_t fmt::v11::detail::code_point_index(fmt::v11::string_view, size_t)' at third_party/spdlog/include/spdlog/fmt/bundled/format.h:681:21,
    inlined from 'constexpr OutputIt fmt::v11::detail::write(OutputIt, fmt::v11::basic_string_view<Char>, const fmt::v11::format_specs&) [with Char = char; OutputIt = fmt::v11::basic_appender<char>]' at third_party/spdlog/include/spdlog/fmt/bundled/format.h:2119:28:
third_party/spdlog/include/spdlog/fmt/bundled/base.h:2061:31: warning: writing 8 bytes into a region of size 7 [-Wstringop-overflow=]
 2061 |   while (begin != end) *out++ = static_cast<T>(*begin++);
      |                        ~~~~~~~^~~~~~~~~~~~~~~~~~~~~~~~~~
In file included from third_party/spdlog/include/spdlog/fmt/fmt.h:23,[0m
[0m[38;5;3;1mIn file included from third_party/spdlog/include/spdlog/fmt/bundled/format.h:41,
                 from third_party/spdlog/include/spdlog/fmt/fmt.h:23,
                 from third_party/spdlog/include/spdlog/common.h:50,
                 from third_party/spdlog/include/spdlog/cfg/helpers.h:6,
                 from third_party/spdlog/include/spdlog/cfg/env.h:5,
                 from src/infinicore/ops/rms_norm/../../utils.hpp:5,
                 from src/infinicore/ops/rms_norm/../infiniop_impl.hpp:3,
                 from src/infinicore/ops/rms_norm/rms_norm_infiniop.cc:3:
In function 'constexpr OutputIt fmt::v11::detail::copy(InputIt, InputIt, OutputIt) [with T = char; InputIt = const char*; OutputIt = char*; typename std::enable_if<(! fmt::v11::detail::is_back_insert_iterator<OutputIt>::value), int>::type <anonymous> = 0]',
    inlined from 'constexpr void fmt::v11::detail::for_each_codepoint(fmt::v11::string_view, F) [with F = fmt::v11::detail::code_point_index(fmt::v11::string_view, size_t)::<lambda(uint32_t, fmt::v11::string_view)>]' at third_party/spdlog/include/spdlog/fmt/bundled/format.h:622:13,
    inlined from 'size_t fmt::v11::detail::code_point_index(fmt::v11::string_view, size_t)' at third_party/spdlog/include/spdlog/fmt/bundled/format.h:681:21,
    inlined from 'constexpr OutputIt fmt::v11::detail::write(OutputIt, fmt::v11::basic_string_view<Char>, const fmt::v11::format_specs&) [with Char = char; OutputIt = fmt::v11::basic_appender<char>]' at third_party/spdlog/include/spdlog/fmt/bundled/format.h:2119:28:
third_party/spdlog/include/spdlog/fmt/bundled/base.h:2061:31: warning: writing 8 bytes into a region of size 7 [-Wstringop-overflow=]
 2061 |   while (begin != end) *out++ = static_cast<T>(*begin++);
      |                        ~~~~~~~^~~~~~~~~~~~~~~~~~~~~~~~~~
In file included from third_party/spdlog/include/spdlog/fmt/fmt.h:23,[0m
[0m[38;5;3;1mIn file included from third_party/spdlog/include/spdlog/fmt/bundled/format.h:41,
                 from third_party/spdlog/include/spdlog/fmt/fmt.h:23,
                 from third_party/spdlog/include/spdlog/common.h:50,
                 from third_party/spdlog/include/spdlog/cfg/helpers.h:6,
                 from third_party/spdlog/include/spdlog/cfg/env.h:5,
                 from src/infinicore/ops/moe_topk_softmax/../../utils.hpp:5,
                 from src/infinicore/ops/moe_topk_softmax/../infiniop_impl.hpp:3,
                 from src/infinicore/ops/moe_topk_softmax/moe_topk_softmax_infiniop.cc:3:
In function 'constexpr OutputIt fmt::v11::detail::copy(InputIt, InputIt, OutputIt) [with T = char; InputIt = const char*; OutputIt = char*; typename std::enable_if<(! fmt::v11::detail::is_back_insert_iterator<OutputIt>::value), int>::type <anonymous> = 0]',
    inlined from 'constexpr void fmt::v11::detail::for_each_codepoint(fmt::v11::string_view, F) [with F = fmt::v11::detail::code_point_index(fmt::v11::string_view, size_t)::<lambda(uint32_t, fmt::v11::string_view)>]' at third_party/spdlog/include/spdlog/fmt/bundled/format.h:622:13,
    inlined from 'size_t fmt::v11::detail::code_point_index(fmt::v11::string_view, size_t)' at third_party/spdlog/include/spdlog/fmt/bundled/format.h:681:21,
    inlined from 'constexpr OutputIt fmt::v11::detail::write(OutputIt, fmt::v11::basic_string_view<Char>, const fmt::v11::format_specs&) [with Char = char; OutputIt = fmt::v11::basic_appender<char>]' at third_party/spdlog/include/spdlog/fmt/bundled/format.h:2119:28:
third_party/spdlog/include/spdlog/fmt/bundled/base.h:2061:31: warning: writing 8 bytes into a region of size 7 [-Wstringop-overflow=]
 2061 |   while (begin != end) *out++ = static_cast<T>(*begin++);
      |                        ~~~~~~~^~~~~~~~~~~~~~~~~~~~~~~~~~
In file included from third_party/spdlog/include/spdlog/fmt/fmt.h:23,[0m
[0m[38;5;3;1mIn file included from third_party/spdlog/include/spdlog/fmt/bundled/format.h:41,
                 from third_party/spdlog/include/spdlog/fmt/fmt.h:23,
                 from third_party/spdlog/include/spdlog/common.h:50,
                 from third_party/spdlog/include/spdlog/cfg/helpers.h:6,
                 from third_party/spdlog/include/spdlog/cfg/env.h:5,
                 from src/infinicore/ops/nsa_compress_paged_cache/../../utils.hpp:5,
                 from src/infinicore/ops/nsa_compress_paged_cache/../infiniop_impl.hpp:3,
                 from src/infinicore/ops/nsa_compress_paged_cache/nsa_compress_paged_cache_infiniop.cc:3:
In function 'constexpr OutputIt fmt::v11::detail::copy(InputIt, InputIt, OutputIt) [with T = char; InputIt = const char*; OutputIt = char*; typename std::enable_if<(! fmt::v11::detail::is_back_insert_iterator<OutputIt>::value), int>::type <anonymous> = 0]',
    inlined from 'constexpr void fmt::v11::detail::for_each_codepoint(fmt::v11::string_view, F) [with F = fmt::v11::detail::code_point_index(fmt::v11::string_view, size_t)::<lambda(uint32_t, fmt::v11::string_view)>]' at third_party/spdlog/include/spdlog/fmt/bundled/format.h:622:13,
    inlined from 'size_t fmt::v11::detail::code_point_index(fmt::v11::string_view, size_t)' at third_party/spdlog/include/spdlog/fmt/bundled/format.h:681:21,
    inlined from 'constexpr OutputIt fmt::v11::detail::write(OutputIt, fmt::v11::basic_string_view<Char>, const fmt::v11::format_specs&) [with Char = char; OutputIt = fmt::v11::basic_appender<char>]' at third_party/spdlog/include/spdlog/fmt/bundled/format.h:2119:28:
third_party/spdlog/include/spdlog/fmt/bundled/base.h:2061:31: warning: writing 8 bytes into a region of size 7 [-Wstringop-overflow=]
 2061 |   while (begin != end) *out++ = static_cast<T>(*begin++);
      |                        ~~~~~~~^~~~~~~~~~~~~~~~~~~~~~~~~~
In file included from third_party/spdlog/include/spdlog/fmt/fmt.h:23,[0m
[0m[38;5;3;1mIn file included from third_party/spdlog/include/spdlog/fmt/bundled/format.h:41,
                 from third_party/spdlog/include/spdlog/fmt/fmt.h:23,
                 from third_party/spdlog/include/spdlog/common.h:50,
                 from third_party/spdlog/include/spdlog/cfg/helpers.h:6,
                 from third_party/spdlog/include/spdlog/cfg/env.h:5,
                 from src/infinicore/ops/rotm/../../utils.hpp:5,
                 from src/infinicore/ops/rotm/rotm_infiniop.cc:1:
In function 'constexpr OutputIt fmt::v11::detail::copy(InputIt, InputIt, OutputIt) [with T = char; InputIt = const char*; OutputIt = char*; typename std::enable_if<(! fmt::v11::detail::is_back_insert_iterator<OutputIt>::value), int>::type <anonymous> = 0]',
    inlined from 'constexpr void fmt::v11::detail::for_each_codepoint(fmt::v11::string_view, F) [with F = fmt::v11::detail::code_point_index(fmt::v11::string_view, size_t)::<lambda(uint32_t, fmt::v11::string_view)>]' at third_party/spdlog/include/spdlog/fmt/bundled/format.h:622:13,
    inlined from 'size_t fmt::v11::detail::code_point_index(fmt::v11::string_view, size_t)' at third_party/spdlog/include/spdlog/fmt/bundled/format.h:681:21,
    inlined from 'constexpr OutputIt fmt::v11::detail::write(OutputIt, fmt::v11::basic_string_view<Char>, const fmt::v11::format_specs&) [with Char = char; OutputIt = fmt::v11::basic_appender<char>]' at third_party/spdlog/include/spdlog/fmt/bundled/format.h:2119:28:
third_party/spdlog/include/spdlog/fmt/bundled/base.h:2061:31: warning: writing 8 bytes into a region of size 7 [-Wstringop-overflow=]
 2061 |   while (begin != end) *out++ = static_cast<T>(*begin++);
      |                        ~~~~~~~^~~~~~~~~~~~~~~~~~~~~~~~~~
In file included from third_party/spdlog/include/spdlog/fmt/fmt.h:23,
                 from third_party/spdlog/include/spdlog/common.h:50,[0m
[0m[38;5;3;1mIn file included from third_party/spdlog/include/spdlog/fmt/bundled/format.h:41,
                 from third_party/spdlog/include/spdlog/fmt/fmt.h:23,
                 from third_party/spdlog/include/spdlog/common.h:50,
                 from third_party/spdlog/include/spdlog/cfg/helpers.h:6,
                 from third_party/spdlog/include/spdlog/cfg/env.h:5,
                 from src/infinicore/ops/rotmg/../../utils.hpp:5,
                 from src/infinicore/ops/rotmg/rotmg_infiniop.cc:1:
In function 'constexpr OutputIt fmt::v11::detail::copy(InputIt, InputIt, OutputIt) [with T = char; InputIt = const char*; OutputIt = char*; typename std::enable_if<(! fmt::v11::detail::is_back_insert_iterator<OutputIt>::value), int>::type <anonymous> = 0]',
    inlined from 'constexpr void fmt::v11::detail::for_each_codepoint(fmt::v11::string_view, F) [with F = fmt::v11::detail::code_point_index(fmt::v11::string_view, size_t)::<lambda(uint32_t, fmt::v11::string_view)>]' at third_party/spdlog/include/spdlog/fmt/bundled/format.h:622:13,
    inlined from 'size_t fmt::v11::detail::code_point_index(fmt::v11::string_view, size_t)' at third_party/spdlog/include/spdlog/fmt/bundled/format.h:681:21,
    inlined from 'constexpr OutputIt fmt::v11::detail::write(OutputIt, fmt::v11::basic_string_view<Char>, const fmt::v11::format_specs&) [with Char = char; OutputIt = fmt::v11::basic_appender<char>]' at third_party/spdlog/include/spdlog/fmt/bundled/format.h:2119:28:
third_party/spdlog/include/spdlog/fmt/bundled/base.h:2061:31: warning: writing 8 bytes into a region of size 7 [-Wstringop-overflow=]
 2061 |   while (begin != end) *out++ = static_cast<T>(*begin++);
      |                        ~~~~~~~^~~~~~~~~~~~~~~~~~~~~~~~~~
In file included from third_party/spdlog/include/spdlog/fmt/fmt.h:23,
                 from third_party/spdlog/include/spdlog/common.h:50,[0m
[0m[38;5;3;1mIn file included from third_party/spdlog/include/spdlog/fmt/bundled/format.h:41,
                 from third_party/spdlog/include/spdlog/fmt/fmt.h:23,
                 from third_party/spdlog/include/spdlog/common.h:50,
                 from third_party/spdlog/include/spdlog/cfg/helpers.h:6,
                 from third_party/spdlog/include/spdlog/cfg/env.h:5,
                 from src/infinicore/ops/sigmoid/../../utils.hpp:5,
                 from src/infinicore/ops/sigmoid/../infiniop_impl.hpp:3,
                 from src/infinicore/ops/sigmoid/sigmoid_infiniop.cc:3:
In function 'constexpr OutputIt fmt::v11::detail::copy(InputIt, InputIt, OutputIt) [with T = char; InputIt = const char*; OutputIt = char*; typename std::enable_if<(! fmt::v11::detail::is_back_insert_iterator<OutputIt>::value), int>::type <anonymous> = 0]',
    inlined from 'constexpr void fmt::v11::detail::for_each_codepoint(fmt::v11::string_view, F) [with F = fmt::v11::detail::code_point_index(fmt::v11::string_view, size_t)::<lambda(uint32_t, fmt::v11::string_view)>]' at third_party/spdlog/include/spdlog/fmt/bundled/format.h:622:13,
    inlined from 'size_t fmt::v11::detail::code_point_index(fmt::v11::string_view, size_t)' at third_party/spdlog/include/spdlog/fmt/bundled/format.h:681:21,
    inlined from 'constexpr OutputIt fmt::v11::detail::write(OutputIt, fmt::v11::basic_string_view<Char>, const fmt::v11::format_specs&) [with Char = char; OutputIt = fmt::v11::basic_appender<char>]' at third_party/spdlog/include/spdlog/fmt/bundled/format.h:2119:28:
third_party/spdlog/include/spdlog/fmt/bundled/base.h:2061:31: warning: writing 8 bytes into a region of size 7 [-Wstringop-overflow=]
 2061 |   while (begin != end) *out++ = static_cast<T>(*begin++);
      |                        ~~~~~~~^~~~~~~~~~~~~~~~~~~~~~~~~~
In file included from third_party/spdlog/include/spdlog/fmt/fmt.h:23,[0m
[0m[38;5;3;1mIn file included from third_party/spdlog/include/spdlog/fmt/bundled/format.h:41,
                 from third_party/spdlog/include/spdlog/fmt/fmt.h:23,
                 from third_party/spdlog/include/spdlog/common.h:50,
                 from third_party/spdlog/include/spdlog/cfg/helpers.h:6,
                 from third_party/spdlog/include/spdlog/cfg/env.h:5,
                 from src/infinicore/ops/mrope/../../utils.hpp:5,
                 from src/infinicore/ops/mrope/../infiniop_impl.hpp:3,
                 from src/infinicore/ops/mrope/mrope_infiniop.cc:3:
In function 'constexpr OutputIt fmt::v11::detail::copy(InputIt, InputIt, OutputIt) [with T = char; InputIt = const char*; OutputIt = char*; typename std::enable_if<(! fmt::v11::detail::is_back_insert_iterator<OutputIt>::value), int>::type <anonymous> = 0]',
    inlined from 'constexpr void fmt::v11::detail::for_each_codepoint(fmt::v11::string_view, F) [with F = fmt::v11::detail::code_point_index(fmt::v11::string_view, size_t)::<lambda(uint32_t, fmt::v11::string_view)>]' at third_party/spdlog/include/spdlog/fmt/bundled/format.h:622:13,
    inlined from 'size_t fmt::v11::detail::code_point_index(fmt::v11::string_view, size_t)' at third_party/spdlog/include/spdlog/fmt/bundled/format.h:681:21,
    inlined from 'constexpr OutputIt fmt::v11::detail::write(OutputIt, fmt::v11::basic_string_view<Char>, const fmt::v11::format_specs&) [with Char = char; OutputIt = fmt::v11::basic_appender<char>]' at third_party/spdlog/include/spdlog/fmt/bundled/format.h:2119:28:
third_party/spdlog/include/spdlog/fmt/bundled/base.h:2061:31: warning: writing 8 bytes into a region of size 7 [-Wstringop-overflow=]
 2061 |   while (begin != end) *out++ = static_cast<T>(*begin++);
      |                        ~~~~~~~^~~~~~~~~~~~~~~~~~~~~~~~~~
In file included from third_party/spdlog/include/spdlog/fmt/fmt.h:23,[0m
[0m[38;5;3;1mIn file included from third_party/spdlog/include/spdlog/fmt/bundled/format.h:41,
                 from third_party/spdlog/include/spdlog/fmt/fmt.h:23,
                 from third_party/spdlog/include/spdlog/common.h:50,
                 from third_party/spdlog/include/spdlog/cfg/helpers.h:6,
                 from third_party/spdlog/include/spdlog/cfg/env.h:5,
                 from src/infinicore/ops/relu/../../utils.hpp:5,
                 from src/infinicore/ops/relu/relu_infiniop.cc:1:
In function 'constexpr OutputIt fmt::v11::detail::copy(InputIt, InputIt, OutputIt) [with T = char; InputIt = const char*; OutputIt = char*; typename std::enable_if<(! fmt::v11::detail::is_back_insert_iterator<OutputIt>::value), int>::type <anonymous> = 0]',
    inlined from 'constexpr void fmt::v11::detail::for_each_codepoint(fmt::v11::string_view, F) [with F = fmt::v11::detail::code_point_index(fmt::v11::string_view, size_t)::<lambda(uint32_t, fmt::v11::string_view)>]' at third_party/spdlog/include/spdlog/fmt/bundled/format.h:622:13,
    inlined from 'size_t fmt::v11::detail::code_point_index(fmt::v11::string_view, size_t)' at third_party/spdlog/include/spdlog/fmt/bundled/format.h:681:21,
    inlined from 'constexpr OutputIt fmt::v11::detail::write(OutputIt, fmt::v11::basic_string_view<Char>, const fmt::v11::format_specs&) [with Char = char; OutputIt = fmt::v11::basic_appender<char>]' at third_party/spdlog/include/spdlog/fmt/bundled/format.h:2119:28:
third_party/spdlog/include/spdlog/fmt/bundled/base.h:2061:31: warning: writing 8 bytes into a region of size 7 [-Wstringop-overflow=]
 2061 |   while (begin != end) *out++ = static_cast<T>(*begin++);
      |                        ~~~~~~~^~~~~~~~~~~~~~~~~~~~~~~~~~
In file included from third_party/spdlog/include/spdlog/fmt/fmt.h:23,
                 from third_party/spdlog/include/spdlog/common.h:50,[0m
[0m[38;5;3;1mIn file included from third_party/spdlog/include/spdlog/fmt/bundled/format.h:41,
                 from third_party/spdlog/include/spdlog/fmt/fmt.h:23,
                 from third_party/spdlog/include/spdlog/common.h:50,
                 from third_party/spdlog/include/spdlog/cfg/helpers.h:6,
                 from third_party/spdlog/include/spdlog/cfg/env.h:5,
                 from src/infinicore/ops/relu6/../../utils.hpp:5,
                 from src/infinicore/ops/relu6/../infiniop_impl.hpp:3,
                 from src/infinicore/ops/relu6/relu6_infiniop.cc:5:
In function 'constexpr OutputIt fmt::v11::detail::copy(InputIt, InputIt, OutputIt) [with T = char; InputIt = const char*; OutputIt = char*; typename std::enable_if<(! fmt::v11::detail::is_back_insert_iterator<OutputIt>::value), int>::type <anonymous> = 0]',
    inlined from 'constexpr void fmt::v11::detail::for_each_codepoint(fmt::v11::string_view, F) [with F = fmt::v11::detail::code_point_index(fmt::v11::string_view, size_t)::<lambda(uint32_t, fmt::v11::string_view)>]' at third_party/spdlog/include/spdlog/fmt/bundled/format.h:622:13,
    inlined from 'size_t fmt::v11::detail::code_point_index(fmt::v11::string_view, size_t)' at third_party/spdlog/include/spdlog/fmt/bundled/format.h:681:21,
    inlined from 'constexpr OutputIt fmt::v11::detail::write(OutputIt, fmt::v11::basic_string_view<Char>, const fmt::v11::format_specs&) [with Char = char; OutputIt = fmt::v11::basic_appender<char>]' at third_party/spdlog/include/spdlog/fmt/bundled/format.h:2119:28:
third_party/spdlog/include/spdlog/fmt/bundled/base.h:2061:31: warning: writing 8 bytes into a region of size 7 [-Wstringop-overflow=]
 2061 |   while (begin != end) *out++ = static_cast<T>(*begin++);
      |                        ~~~~~~~^~~~~~~~~~~~~~~~~~~~~~~~~~
In file included from third_party/spdlog/include/spdlog/fmt/fmt.h:23,[0m
[0m[38;5;3;1mIn file included from third_party/spdlog/include/spdlog/fmt/bundled/format.h:41,
                 from third_party/spdlog/include/spdlog/fmt/fmt.h:23,
                 from third_party/spdlog/include/spdlog/common.h:50,
                 from third_party/spdlog/include/spdlog/cfg/helpers.h:6,
                 from third_party/spdlog/include/spdlog/cfg/env.h:5,
                 from src/infinicore/ops/paged_attention/../../utils.hpp:5,
                 from src/infinicore/ops/paged_attention/../infiniop_impl.hpp:3,
                 from src/infinicore/ops/paged_attention/paged_attention_infiniop.cc:3:
In function 'constexpr OutputIt fmt::v11::detail::copy(InputIt, InputIt, OutputIt) [with T = char; InputIt = const char*; OutputIt = char*; typename std::enable_if<(! fmt::v11::detail::is_back_insert_iterator<OutputIt>::value), int>::type <anonymous> = 0]',
    inlined from 'constexpr void fmt::v11::detail::for_each_codepoint(fmt::v11::string_view, F) [with F = fmt::v11::detail::code_point_index(fmt::v11::string_view, size_t)::<lambda(uint32_t, fmt::v11::string_view)>]' at third_party/spdlog/include/spdlog/fmt/bundled/format.h:622:13,
    inlined from 'size_t fmt::v11::detail::code_point_index(fmt::v11::string_view, size_t)' at third_party/spdlog/include/spdlog/fmt/bundled/format.h:681:21,
    inlined from 'constexpr OutputIt fmt::v11::detail::write(OutputIt, fmt::v11::basic_string_view<Char>, const fmt::v11::format_specs&) [with Char = char; OutputIt = fmt::v11::basic_appender<char>]' at third_party/spdlog/include/spdlog/fmt/bundled/format.h:2119:28:
third_party/spdlog/include/spdlog/fmt/bundled/base.h:2061:31: warning: writing 8 bytes into a region of size 7 [-Wstringop-overflow=]
 2061 |   while (begin != end) *out++ = static_cast<T>(*begin++);
      |                        ~~~~~~~^~~~~~~~~~~~~~~~~~~~~~~~~~
In file included from third_party/spdlog/include/spdlog/fmt/fmt.h:23,[0m
[0m[38;5;3;1mIn file included from third_party/spdlog/include/spdlog/fmt/bundled/format.h:41,
                 from third_party/spdlog/include/spdlog/fmt/fmt.h:23,
                 from third_party/spdlog/include/spdlog/common.h:50,
                 from third_party/spdlog/include/spdlog/cfg/helpers.h:6,
                 from third_party/spdlog/include/spdlog/cfg/env.h:5,
                 from src/infinicore/ops/quickgelu/../../utils.hpp:5,
                 from src/infinicore/ops/quickgelu/quickgelu_infiniop.cc:1:
In function 'constexpr OutputIt fmt::v11::detail::copy(InputIt, InputIt, OutputIt) [with T = char; InputIt = const char*; OutputIt = char*; typename std::enable_if<(! fmt::v11::detail::is_back_insert_iterator<OutputIt>::value), int>::type <anonymous> = 0]',
    inlined from 'constexpr void fmt::v11::detail::for_each_codepoint(fmt::v11::string_view, F) [with F = fmt::v11::detail::code_point_index(fmt::v11::string_view, size_t)::<lambda(uint32_t, fmt::v11::string_view)>]' at third_party/spdlog/include/spdlog/fmt/bundled/format.h:622:13,
    inlined from 'size_t fmt::v11::detail::code_point_index(fmt::v11::string_view, size_t)' at third_party/spdlog/include/spdlog/fmt/bundled/format.h:681:21,
    inlined from 'constexpr OutputIt fmt::v11::detail::write(OutputIt, fmt::v11::basic_string_view<Char>, const fmt::v11::format_specs&) [with Char = char; OutputIt = fmt::v11::basic_appender<char>]' at third_party/spdlog/include/spdlog/fmt/bundled/format.h:2119:28:
third_party/spdlog/include/spdlog/fmt/bundled/base.h:2061:31: warning: writing 8 bytes into a region of size 7 [-Wstringop-overflow=]
 2061 |   while (begin != end) *out++ = static_cast<T>(*begin++);
      |                        ~~~~~~~^~~~~~~~~~~~~~~~~~~~~~~~~~
In file included from third_party/spdlog/include/spdlog/fmt/fmt.h:23,
                 from third_party/spdlog/include/spdlog/common.h:50,[0m
[0m[38;5;3;1mIn file included from third_party/spdlog/include/spdlog/fmt/bundled/format.h:41,
                 from third_party/spdlog/include/spdlog/fmt/fmt.h:23,
                 from third_party/spdlog/include/spdlog/common.h:50,
                 from third_party/spdlog/include/spdlog/cfg/helpers.h:6,
                 from third_party/spdlog/include/spdlog/cfg/env.h:5,
                 from src/infinicore/ops/mul_scalar/../../utils.hpp:5,
                 from src/infinicore/ops/mul_scalar/../infiniop_impl.hpp:3,
                 from src/infinicore/ops/mul_scalar/mul_scalar_infiniop.cc:3:
In function 'constexpr OutputIt fmt::v11::detail::copy(InputIt, InputIt, OutputIt) [with T = char; InputIt = const char*; OutputIt = char*; typename std::enable_if<(! fmt::v11::detail::is_back_insert_iterator<OutputIt>::value), int>::type <anonymous> = 0]',
    inlined from 'constexpr void fmt::v11::detail::for_each_codepoint(fmt::v11::string_view, F) [with F = fmt::v11::detail::code_point_index(fmt::v11::string_view, size_t)::<lambda(uint32_t, fmt::v11::string_view)>]' at third_party/spdlog/include/spdlog/fmt/bundled/format.h:622:13,
    inlined from 'size_t fmt::v11::detail::code_point_index(fmt::v11::string_view, size_t)' at third_party/spdlog/include/spdlog/fmt/bundled/format.h:681:21,
    inlined from 'constexpr OutputIt fmt::v11::detail::write(OutputIt, fmt::v11::basic_string_view<Char>, const fmt::v11::format_specs&) [with Char = char; OutputIt = fmt::v11::basic_appender<char>]' at third_party/spdlog/include/spdlog/fmt/bundled/format.h:2119:28:
third_party/spdlog/include/spdlog/fmt/bundled/base.h:2061:31: warning: writing 8 bytes into a region of size 7 [-Wstringop-overflow=]
 2061 |   while (begin != end) *out++ = static_cast<T>(*begin++);
      |                        ~~~~~~~^~~~~~~~~~~~~~~~~~~~~~~~~~
In file included from third_party/spdlog/include/spdlog/fmt/fmt.h:23,[0m
[0m[38;5;3;1mIn file included from third_party/spdlog/include/spdlog/fmt/bundled/format.h:41,
                 from third_party/spdlog/include/spdlog/fmt/fmt.h:23,
                 from third_party/spdlog/include/spdlog/common.h:50,
                 from third_party/spdlog/include/spdlog/cfg/helpers.h:6,
                 from third_party/spdlog/include/spdlog/cfg/env.h:5,
                 from src/infinicore/ops/rwkv5_wkv/../../utils.hpp:5,
                 from src/infinicore/ops/rwkv5_wkv/../infiniop_impl.hpp:3,
                 from src/infinicore/ops/rwkv5_wkv/rwkv5_wkv_infiniop.cc:3:
In function 'constexpr OutputIt fmt::v11::detail::copy(InputIt, InputIt, OutputIt) [with T = char; InputIt = const char*; OutputIt = char*; typename std::enable_if<(! fmt::v11::detail::is_back_insert_iterator<OutputIt>::value), int>::type <anonymous> = 0]',
    inlined from 'constexpr void fmt::v11::detail::for_each_codepoint(fmt::v11::string_view, F) [with F = fmt::v11::detail::code_point_index(fmt::v11::string_view, size_t)::<lambda(uint32_t, fmt::v11::string_view)>]' at third_party/spdlog/include/spdlog/fmt/bundled/format.h:622:13,
    inlined from 'size_t fmt::v11::detail::code_point_index(fmt::v11::string_view, size_t)' at third_party/spdlog/include/spdlog/fmt/bundled/format.h:681:21,
    inlined from 'constexpr OutputIt fmt::v11::detail::write(OutputIt, fmt::v11::basic_string_view<Char>, const fmt::v11::format_specs&) [with Char = char; OutputIt = fmt::v11::basic_appender<char>]' at third_party/spdlog/include/spdlog/fmt/bundled/format.h:2119:28:
third_party/spdlog/include/spdlog/fmt/bundled/base.h:2061:31: warning: writing 8 bytes into a region of size 7 [-Wstringop-overflow=]
 2061 |   while (begin != end) *out++ = static_cast<T>(*begin++);
      |                        ~~~~~~~^~~~~~~~~~~~~~~~~~~~~~~~~~
In file included from third_party/spdlog/include/spdlog/fmt/fmt.h:23,[0m
[0m[38;5;3;1mIn file included from third_party/spdlog/include/spdlog/fmt/bundled/format.h:41,
                 from third_party/spdlog/include/spdlog/fmt/fmt.h:23,
                 from third_party/spdlog/include/spdlog/common.h:50,
                 from third_party/spdlog/include/spdlog/cfg/helpers.h:6,
                 from third_party/spdlog/include/spdlog/cfg/env.h:5,
                 from src/infinicore/ops/prepare_moe_input/../../utils.hpp:5,
                 from src/infinicore/ops/prepare_moe_input/../infiniop_impl.hpp:3,
                 from src/infinicore/ops/prepare_moe_input/prepare_moe_input_infiniop.cc:3:
In function 'constexpr OutputIt fmt::v11::detail::copy(InputIt, InputIt, OutputIt) [with T = char; InputIt = const char*; OutputIt = char*; typename std::enable_if<(! fmt::v11::detail::is_back_insert_iterator<OutputIt>::value), int>::type <anonymous> = 0]',
    inlined from 'constexpr void fmt::v11::detail::for_each_codepoint(fmt::v11::string_view, F) [with F = fmt::v11::detail::code_point_index(fmt::v11::string_view, size_t)::<lambda(uint32_t, fmt::v11::string_view)>]' at third_party/spdlog/include/spdlog/fmt/bundled/format.h:622:13,
    inlined from 'size_t fmt::v11::detail::code_point_index(fmt::v11::string_view, size_t)' at third_party/spdlog/include/spdlog/fmt/bundled/format.h:681:21,
    inlined from 'constexpr OutputIt fmt::v11::detail::write(OutputIt, fmt::v11::basic_string_view<Char>, const fmt::v11::format_specs&) [with Char = char; OutputIt = fmt::v11::basic_appender<char>]' at third_party/spdlog/include/spdlog/fmt/bundled/format.h:2119:28:
third_party/spdlog/include/spdlog/fmt/bundled/base.h:2061:31: warning: writing 8 bytes into a region of size 7 [-Wstringop-overflow=]
 2061 |   while (begin != end) *out++ = static_cast<T>(*begin++);
      |                        ~~~~~~~^~~~~~~~~~~~~~~~~~~~~~~~~~
In file included from third_party/spdlog/include/spdlog/fmt/fmt.h:23,[0m
[0m[38;5;3;1mIn file included from third_party/spdlog/include/spdlog/fmt/bundled/format.h:41,
                 from third_party/spdlog/include/spdlog/fmt/fmt.h:23,
                 from third_party/spdlog/include/spdlog/common.h:50,
                 from third_party/spdlog/include/spdlog/cfg/helpers.h:6,
                 from third_party/spdlog/include/spdlog/cfg/env.h:5,
                 from src/infinicore/ops/scaled_mm_w4a16_gptq_qy/../../utils.hpp:5,
                 from src/infinicore/ops/scaled_mm_w4a16_gptq_qy/scaled_mm_w4a16_gptq_qy_infiniop.cc:1:
In function 'constexpr OutputIt fmt::v11::detail::copy(InputIt, InputIt, OutputIt) [with T = char; InputIt = const char*; OutputIt = char*; typename std::enable_if<(! fmt::v11::detail::is_back_insert_iterator<OutputIt>::value), int>::type <anonymous> = 0]',
    inlined from 'constexpr void fmt::v11::detail::for_each_codepoint(fmt::v11::string_view, F) [with F = fmt::v11::detail::code_point_index(fmt::v11::string_view, size_t)::<lambda(uint32_t, fmt::v11::string_view)>]' at third_party/spdlog/include/spdlog/fmt/bundled/format.h:622:13,
    inlined from 'size_t fmt::v11::detail::code_point_index(fmt::v11::string_view, size_t)' at third_party/spdlog/include/spdlog/fmt/bundled/format.h:681:21,
    inlined from 'constexpr OutputIt fmt::v11::detail::write(OutputIt, fmt::v11::basic_string_view<Char>, const fmt::v11::format_specs&) [with Char = char; OutputIt = fmt::v11::basic_appender<char>]' at third_party/spdlog/include/spdlog/fmt/bundled/format.h:2119:28:
third_party/spdlog/include/spdlog/fmt/bundled/base.h:2061:31: warning: writing 8 bytes into a region of size 7 [-Wstringop-overflow=]
 2061 |   while (begin != end) *out++ = static_cast<T>(*begin++);
      |                        ~~~~~~~^~~~~~~~~~~~~~~~~~~~~~~~~~
In file included from third_party/spdlog/include/spdlog/fmt/fmt.h:23,
                 from third_party/spdlog/include/spdlog/common.h:50,[0m
[0m[38;5;3;1mIn file included from third_party/spdlog/include/spdlog/fmt/bundled/format.h:41,
                 from third_party/spdlog/include/spdlog/fmt/fmt.h:23,
                 from third_party/spdlog/include/spdlog/common.h:50,
                 from third_party/spdlog/include/spdlog/cfg/helpers.h:6,
                 from third_party/spdlog/include/spdlog/cfg/env.h:5,
                 from src/infinicore/ops/situ_and_mul/../../utils.hpp:5,
                 from src/infinicore/ops/situ_and_mul/../infiniop_impl.hpp:3,
                 from src/infinicore/ops/situ_and_mul/situ_and_mul_infiniop.cc:3:
In function 'constexpr OutputIt fmt::v11::detail::copy(InputIt, InputIt, OutputIt) [with T = char; InputIt = const char*; OutputIt = char*; typename std::enable_if<(! fmt::v11::detail::is_back_insert_iterator<OutputIt>::value), int>::type <anonymous> = 0]',
    inlined from 'constexpr void fmt::v11::detail::for_each_codepoint(fmt::v11::string_view, F) [with F = fmt::v11::detail::code_point_index(fmt::v11::string_view, size_t)::<lambda(uint32_t, fmt::v11::string_view)>]' at third_party/spdlog/include/spdlog/fmt/bundled/format.h:622:13,
    inlined from 'size_t fmt::v11::detail::code_point_index(fmt::v11::string_view, size_t)' at third_party/spdlog/include/spdlog/fmt/bundled/format.h:681:21,
    inlined from 'constexpr OutputIt fmt::v11::detail::write(OutputIt, fmt::v11::basic_string_view<Char>, const fmt::v11::format_specs&) [with Char = char; OutputIt = fmt::v11::basic_appender<char>]' at third_party/spdlog/include/spdlog/fmt/bundled/format.h:2119:28:
third_party/spdlog/include/spdlog/fmt/bundled/base.h:2061:31: warning: writing 8 bytes into a region of size 7 [-Wstringop-overflow=]
 2061 |   while (begin != end) *out++ = static_cast<T>(*begin++);
      |                        ~~~~~~~^~~~~~~~~~~~~~~~~~~~~~~~~~
In file included from third_party/spdlog/include/spdlog/fmt/fmt.h:23,[0m
[0m[38;5;3;1mIn file included from third_party/spdlog/include/spdlog/fmt/bundled/format.h:41,
                 from third_party/spdlog/include/spdlog/fmt/fmt.h:23,
                 from third_party/spdlog/include/spdlog/common.h:50,
                 from third_party/spdlog/include/spdlog/cfg/helpers.h:6,
                 from third_party/spdlog/include/spdlog/cfg/env.h:5,
                 from src/infinicore/ops/rotg/../../utils.hpp:5,
                 from src/infinicore/ops/rotg/rotg_infiniop.cc:1:
In function 'constexpr OutputIt fmt::v11::detail::copy(InputIt, InputIt, OutputIt) [with T = char; InputIt = const char*; OutputIt = char*; typename std::enable_if<(! fmt::v11::detail::is_back_insert_iterator<OutputIt>::value), int>::type <anonymous> = 0]',
    inlined from 'constexpr void fmt::v11::detail::for_each_codepoint(fmt::v11::string_view, F) [with F = fmt::v11::detail::code_point_index(fmt::v11::string_view, size_t)::<lambda(uint32_t, fmt::v11::string_view)>]' at third_party/spdlog/include/spdlog/fmt/bundled/format.h:622:13,
    inlined from 'size_t fmt::v11::detail::code_point_index(fmt::v11::string_view, size_t)' at third_party/spdlog/include/spdlog/fmt/bundled/format.h:681:21,
    inlined from 'constexpr OutputIt fmt::v11::detail::write(OutputIt, fmt::v11::basic_string_view<Char>, const fmt::v11::format_specs&) [with Char = char; OutputIt = fmt::v11::basic_appender<char>]' at third_party/spdlog/include/spdlog/fmt/bundled/format.h:2119:28:
third_party/spdlog/include/spdlog/fmt/bundled/base.h:2061:31: warning: writing 8 bytes into a region of size 7 [-Wstringop-overflow=]
 2061 |   while (begin != end) *out++ = static_cast<T>(*begin++);
      |                        ~~~~~~~^~~~~~~~~~~~~~~~~~~~~~~~~~
In file included from third_party/spdlog/include/spdlog/fmt/fmt.h:23,
                 from third_party/spdlog/include/spdlog/common.h:50,[0m
[0m[38;5;3;1mIn file included from third_party/spdlog/include/spdlog/fmt/bundled/format.h:41,
                 from third_party/spdlog/include/spdlog/fmt/fmt.h:23,
                 from third_party/spdlog/include/spdlog/common.h:50,
                 from third_party/spdlog/include/spdlog/cfg/helpers.h:6,
                 from third_party/spdlog/include/spdlog/cfg/env.h:5,
                 from src/infinicore/ops/select_last_token_hidden/../../utils.hpp:5,
                 from src/infinicore/ops/select_last_token_hidden/../infiniop_impl.hpp:3,
                 from src/infinicore/ops/select_last_token_hidden/select_last_token_hidden_infiniop.cc:1:
In function 'constexpr OutputIt fmt::v11::detail::copy(InputIt, InputIt, OutputIt) [with T = char; InputIt = const char*; OutputIt = char*; typename std::enable_if<(! fmt::v11::detail::is_back_insert_iterator<OutputIt>::value), int>::type <anonymous> = 0]',
    inlined from 'constexpr void fmt::v11::detail::for_each_codepoint(fmt::v11::string_view, F) [with F = fmt::v11::detail::code_point_index(fmt::v11::string_view, size_t)::<lambda(uint32_t, fmt::v11::string_view)>]' at third_party/spdlog/include/spdlog/fmt/bundled/format.h:622:13,
    inlined from 'size_t fmt::v11::detail::code_point_index(fmt::v11::string_view, size_t)' at third_party/spdlog/include/spdlog/fmt/bundled/format.h:681:21,
    inlined from 'constexpr OutputIt fmt::v11::detail::write(OutputIt, fmt::v11::basic_string_view<Char>, const fmt::v11::format_specs&) [with Char = char; OutputIt = fmt::v11::basic_appender<char>]' at third_party/spdlog/include/spdlog/fmt/bundled/format.h:2119:28:
third_party/spdlog/include/spdlog/fmt/bundled/base.h:2061:31: warning: writing 8 bytes into a region of size 7 [-Wstringop-overflow=]
 2061 |   while (begin != end) *out++ = static_cast<T>(*begin++);
      |                        ~~~~~~~^~~~~~~~~~~~~~~~~~~~~~~~~~
In file included from third_party/spdlog/include/spdlog/fmt/fmt.h:23,[0m
[0m[38;5;3;1mIn file included from third_party/spdlog/include/spdlog/fmt/bundled/format.h:41,
                 from third_party/spdlog/include/spdlog/fmt/fmt.h:23,
                 from third_party/spdlog/include/spdlog/common.h:50,
                 from third_party/spdlog/include/spdlog/cfg/helpers.h:6,
                 from third_party/spdlog/include/spdlog/cfg/env.h:5,
                 from src/infinicore/ops/scaled_mm_i8/../../utils.hpp:5,
                 from src/infinicore/ops/scaled_mm_i8/scaled_mm_i8_infiniop.cc:1:
In function 'constexpr OutputIt fmt::v11::detail::copy(InputIt, InputIt, OutputIt) [with T = char; InputIt = const char*; OutputIt = char*; typename std::enable_if<(! fmt::v11::detail::is_back_insert_iterator<OutputIt>::value), int>::type <anonymous> = 0]',
    inlined from 'constexpr void fmt::v11::detail::for_each_codepoint(fmt::v11::string_view, F) [with F = fmt::v11::detail::code_point_index(fmt::v11::string_view, size_t)::<lambda(uint32_t, fmt::v11::string_view)>]' at third_party/spdlog/include/spdlog/fmt/bundled/format.h:622:13,
    inlined from 'size_t fmt::v11::detail::code_point_index(fmt::v11::string_view, size_t)' at third_party/spdlog/include/spdlog/fmt/bundled/format.h:681:21,
    inlined from 'constexpr OutputIt fmt::v11::detail::write(OutputIt, fmt::v11::basic_string_view<Char>, const fmt::v11::format_specs&) [with Char = char; OutputIt = fmt::v11::basic_appender<char>]' at third_party/spdlog/include/spdlog/fmt/bundled/format.h:2119:28:
third_party/spdlog/include/spdlog/fmt/bundled/base.h:2061:31: warning: writing 8 bytes into a region of size 7 [-Wstringop-overflow=]
 2061 |   while (begin != end) *out++ = static_cast<T>(*begin++);
      |                        ~~~~~~~^~~~~~~~~~~~~~~~~~~~~~~~~~
In file included from third_party/spdlog/include/spdlog/fmt/fmt.h:23,
                 from third_party/spdlog/include/spdlog/common.h:50,[0m
[0m[38;5;3;1mIn file included from third_party/spdlog/include/spdlog/fmt/bundled/format.h:41,
                 from third_party/spdlog/include/spdlog/fmt/fmt.h:23,
                 from third_party/spdlog/include/spdlog/common.h:50,
                 from third_party/spdlog/include/spdlog/spdlog.h:12,
                 from include/infinicore/ops/../nn/module.hpp:6,
                 from include/infinicore/ops/../nn/rope.hpp:5,
                 from include/infinicore/ops/rope.hpp:5,
                 from src/infinicore/ops/rope/rope_infiniop.cc:1:
In function 'constexpr OutputIt fmt::v11::detail::copy(InputIt, InputIt, OutputIt) [with T = char; InputIt = const char*; OutputIt = char*; typename std::enable_if<(! fmt::v11::detail::is_back_insert_iterator<OutputIt>::value), int>::type <anonymous> = 0]',
    inlined from 'constexpr void fmt::v11::detail::for_each_codepoint(fmt::v11::string_view, F) [with F = fmt::v11::detail::code_point_index(fmt::v11::string_view, size_t)::<lambda(uint32_t, fmt::v11::string_view)>]' at third_party/spdlog/include/spdlog/fmt/bundled/format.h:622:13,
    inlined from 'size_t fmt::v11::detail::code_point_index(fmt::v11::string_view, size_t)' at third_party/spdlog/include/spdlog/fmt/bundled/format.h:681:21,
    inlined from 'constexpr OutputIt fmt::v11::detail::write(OutputIt, fmt::v11::basic_string_view<Char>, const fmt::v11::format_specs&) [with Char = char; OutputIt = fmt::v11::basic_appender<char>]' at third_party/spdlog/include/spdlog/fmt/bundled/format.h:2119:28:
third_party/spdlog/include/spdlog/fmt/bundled/base.h:2061:31: warning: writing 8 bytes into a region of size 7 [-Wstringop-overflow=]
 2061 |   while (begin != end) *out++ = static_cast<T>(*begin++);
      |                        ~~~~~~~^~~~~~~~~~~~~~~~~~~~~~~~~~
In file included from third_party/spdlog/include/spdlog/fmt/fmt.h:23,[0m
[0m[38;5;3;1mIn file included from third_party/spdlog/include/spdlog/fmt/bundled/format.h:41,
                 from third_party/spdlog/include/spdlog/fmt/fmt.h:23,
                 from third_party/spdlog/include/spdlog/common.h:50,
                 from third_party/spdlog/include/spdlog/cfg/helpers.h:6,
                 from third_party/spdlog/include/spdlog/cfg/env.h:5,
                 from src/infinicore/ops/scatter/../../utils.hpp:5,
                 from src/infinicore/ops/scatter/scatter_infiniop.cc:1:
In function 'constexpr OutputIt fmt::v11::detail::copy(InputIt, InputIt, OutputIt) [with T = char; InputIt = const char*; OutputIt = char*; typename std::enable_if<(! fmt::v11::detail::is_back_insert_iterator<OutputIt>::value), int>::type <anonymous> = 0]',
    inlined from 'constexpr void fmt::v11::detail::for_each_codepoint(fmt::v11::string_view, F) [with F = fmt::v11::detail::code_point_index(fmt::v11::string_view, size_t)::<lambda(uint32_t, fmt::v11::string_view)>]' at third_party/spdlog/include/spdlog/fmt/bundled/format.h:622:13,
    inlined from 'size_t fmt::v11::detail::code_point_index(fmt::v11::string_view, size_t)' at third_party/spdlog/include/spdlog/fmt/bundled/format.h:681:21,
    inlined from 'constexpr OutputIt fmt::v11::detail::write(OutputIt, fmt::v11::basic_string_view<Char>, const fmt::v11::format_specs&) [with Char = char; OutputIt = fmt::v11::basic_appender<char>]' at third_party/spdlog/include/spdlog/fmt/bundled/format.h:2119:28:
third_party/spdlog/include/spdlog/fmt/bundled/base.h:2061:31: warning: writing 8 bytes into a region of size 7 [-Wstringop-overflow=]
 2061 |   while (begin != end) *out++ = static_cast<T>(*begin++);
      |                        ~~~~~~~^~~~~~~~~~~~~~~~~~~~~~~~~~
In file included from third_party/spdlog/include/spdlog/fmt/fmt.h:23,
                 from third_party/spdlog/include/spdlog/common.h:50,[0m
[0m[38;5;3;1mIn file included from third_party/spdlog/include/spdlog/fmt/bundled/format.h:41,
                 from third_party/spdlog/include/spdlog/fmt/fmt.h:23,
                 from third_party/spdlog/include/spdlog/common.h:50,
                 from third_party/spdlog/include/spdlog/cfg/helpers.h:6,
                 from third_party/spdlog/include/spdlog/cfg/env.h:5,
                 from src/infinicore/ops/silu_and_mul/../../utils.hpp:5,
                 from src/infinicore/ops/silu_and_mul/../infiniop_impl.hpp:3,
                 from src/infinicore/ops/silu_and_mul/silu_and_mul_infiniop.cc:1:
In function 'constexpr OutputIt fmt::v11::detail::copy(InputIt, InputIt, OutputIt) [with T = char; InputIt = const char*; OutputIt = char*; typename std::enable_if<(! fmt::v11::detail::is_back_insert_iterator<OutputIt>::value), int>::type <anonymous> = 0]',
    inlined from 'constexpr void fmt::v11::detail::for_each_codepoint(fmt::v11::string_view, F) [with F = fmt::v11::detail::code_point_index(fmt::v11::string_view, size_t)::<lambda(uint32_t, fmt::v11::string_view)>]' at third_party/spdlog/include/spdlog/fmt/bundled/format.h:622:13,
    inlined from 'size_t fmt::v11::detail::code_point_index(fmt::v11::string_view, size_t)' at third_party/spdlog/include/spdlog/fmt/bundled/format.h:681:21,
    inlined from 'constexpr OutputIt fmt::v11::detail::write(OutputIt, fmt::v11::basic_string_view<Char>, const fmt::v11::format_specs&) [with Char = char; OutputIt = fmt::v11::basic_appender<char>]' at third_party/spdlog/include/spdlog/fmt/bundled/format.h:2119:28:
third_party/spdlog/include/spdlog/fmt/bundled/base.h:2061:31: warning: writing 8 bytes into a region of size 7 [-Wstringop-overflow=]
 2061 |   while (begin != end) *out++ = static_cast<T>(*begin++);
      |                        ~~~~~~~^~~~~~~~~~~~~~~~~~~~~~~~~~
In file included from third_party/spdlog/include/spdlog/fmt/fmt.h:23,[0m
[0m[38;5;3;1mIn file included from third_party/spdlog/include/spdlog/fmt/bundled/format.h:41,
                 from third_party/spdlog/include/spdlog/fmt/fmt.h:23,
                 from third_party/spdlog/include/spdlog/common.h:50,
                 from third_party/spdlog/include/spdlog/cfg/helpers.h:6,
                 from third_party/spdlog/include/spdlog/cfg/env.h:5,
                 from src/infinicore/ops/scal/../../utils.hpp:5,
                 from src/infinicore/ops/scal/../infiniop_impl.hpp:3,
                 from src/infinicore/ops/scal/scal_infiniop.cc:3:
In function 'constexpr OutputIt fmt::v11::detail::copy(InputIt, InputIt, OutputIt) [with T = char; InputIt = const char*; OutputIt = char*; typename std::enable_if<(! fmt::v11::detail::is_back_insert_iterator<OutputIt>::value), int>::type <anonymous> = 0]',
    inlined from 'constexpr void fmt::v11::detail::for_each_codepoint(fmt::v11::string_view, F) [with F = fmt::v11::detail::code_point_index(fmt::v11::string_view, size_t)::<lambda(uint32_t, fmt::v11::string_view)>]' at third_party/spdlog/include/spdlog/fmt/bundled/format.h:622:13,
    inlined from 'size_t fmt::v11::detail::code_point_index(fmt::v11::string_view, size_t)' at third_party/spdlog/include/spdlog/fmt/bundled/format.h:681:21,
    inlined from 'constexpr OutputIt fmt::v11::detail::write(OutputIt, fmt::v11::basic_string_view<Char>, const fmt::v11::format_specs&) [with Char = char; OutputIt = fmt::v11::basic_appender<char>]' at third_party/spdlog/include/spdlog/fmt/bundled/format.h:2119:28:
third_party/spdlog/include/spdlog/fmt/bundled/base.h:2061:31: warning: writing 8 bytes into a region of size 7 [-Wstringop-overflow=]
 2061 |   while (begin != end) *out++ = static_cast<T>(*begin++);
      |                        ~~~~~~~^~~~~~~~~~~~~~~~~~~~~~~~~~
In file included from third_party/spdlog/include/spdlog/fmt/fmt.h:23,[0m
[0m[38;5;3;1mIn file included from third_party/spdlog/include/spdlog/fmt/bundled/format.h:41,
                 from third_party/spdlog/include/spdlog/fmt/fmt.h:23,
                 from third_party/spdlog/include/spdlog/common.h:50,
                 from third_party/spdlog/include/spdlog/cfg/helpers.h:6,
                 from third_party/spdlog/include/spdlog/cfg/env.h:5,
                 from src/infinicore/ops/recurrent_gated_delta_rule/../../utils.hpp:5,
                 from src/infinicore/ops/recurrent_gated_delta_rule/../infiniop_impl.hpp:3,
                 from src/infinicore/ops/recurrent_gated_delta_rule/recurrent_gated_delta_rule_infiniop.cc:3:
In function 'constexpr OutputIt fmt::v11::detail::copy(InputIt, InputIt, OutputIt) [with T = char; InputIt = const char*; OutputIt = char*; typename std::enable_if<(! fmt::v11::detail::is_back_insert_iterator<OutputIt>::value), int>::type <anonymous> = 0]',
    inlined from 'constexpr void fmt::v11::detail::for_each_codepoint(fmt::v11::string_view, F) [with F = fmt::v11::detail::code_point_index(fmt::v11::string_view, size_t)::<lambda(uint32_t, fmt::v11::string_view)>]' at third_party/spdlog/include/spdlog/fmt/bundled/format.h:622:13,
    inlined from 'size_t fmt::v11::detail::code_point_index(fmt::v11::string_view, size_t)' at third_party/spdlog/include/spdlog/fmt/bundled/format.h:681:21,
    inlined from 'constexpr OutputIt fmt::v11::detail::write(OutputIt, fmt::v11::basic_string_view<Char>, const fmt::v11::format_specs&) [with Char = char; OutputIt = fmt::v11::basic_appender<char>]' at third_party/spdlog/include/spdlog/fmt/bundled/format.h:2119:28:
third_party/spdlog/include/spdlog/fmt/bundled/base.h:2061:31: warning: writing 8 bytes into a region of size 7 [-Wstringop-overflow=]
 2061 |   while (begin != end) *out++ = static_cast<T>(*begin++);
      |                        ~~~~~~~^~~~~~~~~~~~~~~~~~~~~~~~~~
In file included from third_party/spdlog/include/spdlog/fmt/fmt.h:23,[0m
[0m[38;5;3;1mIn file included from third_party/spdlog/include/spdlog/fmt/bundled/format.h:41,
                 from third_party/spdlog/include/spdlog/fmt/fmt.h:23,
                 from third_party/spdlog/include/spdlog/common.h:50,
                 from third_party/spdlog/include/spdlog/cfg/helpers.h:6,
                 from third_party/spdlog/include/spdlog/cfg/env.h:5,
                 from src/infinicore/ops/selu/../../utils.hpp:5,
                 from src/infinicore/ops/selu/selu_infiniop.cc:1:
In function 'constexpr OutputIt fmt::v11::detail::copy(InputIt, InputIt, OutputIt) [with T = char; InputIt = const char*; OutputIt = char*; typename std::enable_if<(! fmt::v11::detail::is_back_insert_iterator<OutputIt>::value), int>::type <anonymous> = 0]',
    inlined from 'constexpr void fmt::v11::detail::for_each_codepoint(fmt::v11::string_view, F) [with F = fmt::v11::detail::code_point_index(fmt::v11::string_view, size_t)::<lambda(uint32_t, fmt::v11::string_view)>]' at third_party/spdlog/include/spdlog/fmt/bundled/format.h:622:13,
    inlined from 'size_t fmt::v11::detail::code_point_index(fmt::v11::string_view, size_t)' at third_party/spdlog/include/spdlog/fmt/bundled/format.h:681:21,
    inlined from 'constexpr OutputIt fmt::v11::detail::write(OutputIt, fmt::v11::basic_string_view<Char>, const fmt::v11::format_specs&) [with Char = char; OutputIt = fmt::v11::basic_appender<char>]' at third_party/spdlog/include/spdlog/fmt/bundled/format.h:2119:28:
third_party/spdlog/include/spdlog/fmt/bundled/base.h:2061:31: warning: writing 8 bytes into a region of size 7 [-Wstringop-overflow=]
 2061 |   while (begin != end) *out++ = static_cast<T>(*begin++);
      |                        ~~~~~~~^~~~~~~~~~~~~~~~~~~~~~~~~~
In file included from third_party/spdlog/include/spdlog/fmt/fmt.h:23,
                 from third_party/spdlog/include/spdlog/common.h:50,[0m
[0m[38;5;3;1mIn file included from third_party/spdlog/include/spdlog/fmt/bundled/format.h:41,
                 from third_party/spdlog/include/spdlog/fmt/fmt.h:23,
                 from third_party/spdlog/include/spdlog/common.h:50,
                 from third_party/spdlog/include/spdlog/cfg/helpers.h:6,
                 from third_party/spdlog/include/spdlog/cfg/env.h:5,
                 from src/infinicore/ops/rot/../../utils.hpp:5,
                 from src/infinicore/ops/rot/../infiniop_impl.hpp:3,
                 from src/infinicore/ops/rot/rot_infiniop.cc:3:
In function 'constexpr OutputIt fmt::v11::detail::copy(InputIt, InputIt, OutputIt) [with T = char; InputIt = const char*; OutputIt = char*; typename std::enable_if<(! fmt::v11::detail::is_back_insert_iterator<OutputIt>::value), int>::type <anonymous> = 0]',
    inlined from 'constexpr void fmt::v11::detail::for_each_codepoint(fmt::v11::string_view, F) [with F = fmt::v11::detail::code_point_index(fmt::v11::string_view, size_t)::<lambda(uint32_t, fmt::v11::string_view)>]' at third_party/spdlog/include/spdlog/fmt/bundled/format.h:622:13,
    inlined from 'size_t fmt::v11::detail::code_point_index(fmt::v11::string_view, size_t)' at third_party/spdlog/include/spdlog/fmt/bundled/format.h:681:21,
    inlined from 'constexpr OutputIt fmt::v11::detail::write(OutputIt, fmt::v11::basic_string_view<Char>, const fmt::v11::format_specs&) [with Char = char; OutputIt = fmt::v11::basic_appender<char>]' at third_party/spdlog/include/spdlog/fmt/bundled/format.h:2119:28:
third_party/spdlog/include/spdlog/fmt/bundled/base.h:2061:31: warning: writing 8 bytes into a region of size 7 [-Wstringop-overflow=]
 2061 |   while (begin != end) *out++ = static_cast<T>(*begin++);
      |                        ~~~~~~~^~~~~~~~~~~~~~~~~~~~~~~~~~
In file included from third_party/spdlog/include/spdlog/fmt/fmt.h:23,[0m
[0m[38;5;3;1mIn file included from third_party/spdlog/include/spdlog/fmt/bundled/format.h:41,
                 from third_party/spdlog/include/spdlog/fmt/fmt.h:23,
                 from third_party/spdlog/include/spdlog/common.h:50,
                 from third_party/spdlog/include/spdlog/cfg/helpers.h:6,
                 from third_party/spdlog/include/spdlog/cfg/env.h:5,
                 from src/infinicore/ops/sinh/../../utils.hpp:5,
                 from src/infinicore/ops/sinh/sinh_infiniop.cc:1:
In function 'constexpr OutputIt fmt::v11::detail::copy(InputIt, InputIt, OutputIt) [with T = char; InputIt = const char*; OutputIt = char*; typename std::enable_if<(! fmt::v11::detail::is_back_insert_iterator<OutputIt>::value), int>::type <anonymous> = 0]',
    inlined from 'constexpr void fmt::v11::detail::for_each_codepoint(fmt::v11::string_view, F) [with F = fmt::v11::detail::code_point_index(fmt::v11::string_view, size_t)::<lambda(uint32_t, fmt::v11::string_view)>]' at third_party/spdlog/include/spdlog/fmt/bundled/format.h:622:13,
    inlined from 'size_t fmt::v11::detail::code_point_index(fmt::v11::string_view, size_t)' at third_party/spdlog/include/spdlog/fmt/bundled/format.h:681:21,
    inlined from 'constexpr OutputIt fmt::v11::detail::write(OutputIt, fmt::v11::basic_string_view<Char>, const fmt::v11::format_specs&) [with Char = char; OutputIt = fmt::v11::basic_appender<char>]' at third_party/spdlog/include/spdlog/fmt/bundled/format.h:2119:28:
third_party/spdlog/include/spdlog/fmt/bundled/base.h:2061:31: warning: writing 8 bytes into a region of size 7 [-Wstringop-overflow=]
 2061 |   while (begin != end) *out++ = static_cast<T>(*begin++);
      |                        ~~~~~~~^~~~~~~~~~~~~~~~~~~~~~~~~~
In file included from third_party/spdlog/include/spdlog/fmt/fmt.h:23,
                 from third_party/spdlog/include/spdlog/common.h:50,[0m
[0m[38;5;3;1mIn file included from third_party/spdlog/include/spdlog/fmt/bundled/format.h:41,
                 from third_party/spdlog/include/spdlog/fmt/fmt.h:23,
                 from third_party/spdlog/include/spdlog/common.h:50,
                 from third_party/spdlog/include/spdlog/cfg/helpers.h:6,
                 from third_party/spdlog/include/spdlog/cfg/env.h:5,
                 from src/infinicore/ops/moe_topk_sigmoid/../../utils.hpp:5,
                 from src/infinicore/ops/moe_topk_sigmoid/../infiniop_impl.hpp:3,
                 from src/infinicore/ops/moe_topk_sigmoid/moe_topk_sigmoid_infiniop.cc:3:
In function 'constexpr OutputIt fmt::v11::detail::copy(InputIt, InputIt, OutputIt) [with T = char; InputIt = const char*; OutputIt = char*; typename std::enable_if<(! fmt::v11::detail::is_back_insert_iterator<OutputIt>::value), int>::type <anonymous> = 0]',
    inlined from 'constexpr void fmt::v11::detail::for_each_codepoint(fmt::v11::string_view, F) [with F = fmt::v11::detail::code_point_index(fmt::v11::string_view, size_t)::<lambda(uint32_t, fmt::v11::string_view)>]' at third_party/spdlog/include/spdlog/fmt/bundled/format.h:622:13,
    inlined from 'size_t fmt::v11::detail::code_point_index(fmt::v11::string_view, size_t)' at third_party/spdlog/include/spdlog/fmt/bundled/format.h:681:21,
    inlined from 'constexpr OutputIt fmt::v11::detail::write(OutputIt, fmt::v11::basic_string_view<Char>, const fmt::v11::format_specs&) [with Char = char; OutputIt = fmt::v11::basic_appender<char>]' at third_party/spdlog/include/spdlog/fmt/bundled/format.h:2119:28:
third_party/spdlog/include/spdlog/fmt/bundled/base.h:2061:31: warning: writing 8 bytes into a region of size 7 [-Wstringop-overflow=]
 2061 |   while (begin != end) *out++ = static_cast<T>(*begin++);
      |                        ~~~~~~~^~~~~~~~~~~~~~~~~~~~~~~~~~
In file included from third_party/spdlog/include/spdlog/fmt/fmt.h:23,[0m
[0m[38;5;3;1mIn file included from third_party/spdlog/include/spdlog/fmt/bundled/format.h:41,
                 from third_party/spdlog/include/spdlog/fmt/fmt.h:23,
                 from third_party/spdlog/include/spdlog/common.h:50,
                 from third_party/spdlog/include/spdlog/cfg/helpers.h:6,
                 from third_party/spdlog/include/spdlog/cfg/env.h:5,
                 from src/infinicore/ops/swap/../../utils.hpp:5,
                 from src/infinicore/ops/swap/../infiniop_impl.hpp:3,
                 from src/infinicore/ops/swap/swap_infiniop.cc:3:
In function 'constexpr OutputIt fmt::v11::detail::copy(InputIt, InputIt, OutputIt) [with T = char; InputIt = const char*; OutputIt = char*; typename std::enable_if<(! fmt::v11::detail::is_back_insert_iterator<OutputIt>::value), int>::type <anonymous> = 0]',
    inlined from 'constexpr void fmt::v11::detail::for_each_codepoint(fmt::v11::string_view, F) [with F = fmt::v11::detail::code_point_index(fmt::v11::string_view, size_t)::<lambda(uint32_t, fmt::v11::string_view)>]' at third_party/spdlog/include/spdlog/fmt/bundled/format.h:622:13,
    inlined from 'size_t fmt::v11::detail::code_point_index(fmt::v11::string_view, size_t)' at third_party/spdlog/include/spdlog/fmt/bundled/format.h:681:21,
    inlined from 'constexpr OutputIt fmt::v11::detail::write(OutputIt, fmt::v11::basic_string_view<Char>, const fmt::v11::format_specs&) [with Char = char; OutputIt = fmt::v11::basic_appender<char>]' at third_party/spdlog/include/spdlog/fmt/bundled/format.h:2119:28:
third_party/spdlog/include/spdlog/fmt/bundled/base.h:2061:31: warning: writing 8 bytes into a region of size 7 [-Wstringop-overflow=]
 2061 |   while (begin != end) *out++ = static_cast<T>(*begin++);
      |                        ~~~~~~~^~~~~~~~~~~~~~~~~~~~~~~~~~
In file included from third_party/spdlog/include/spdlog/fmt/fmt.h:23,[0m
[0m[38;5;3;1mIn file included from third_party/spdlog/include/spdlog/fmt/bundled/format.h:41,
                 from third_party/spdlog/include/spdlog/fmt/fmt.h:23,
                 from third_party/spdlog/include/spdlog/common.h:50,
                 from third_party/spdlog/include/spdlog/cfg/helpers.h:6,
                 from third_party/spdlog/include/spdlog/cfg/env.h:5,
                 from src/infinicore/ops/silu/../../utils.hpp:5,
                 from src/infinicore/ops/silu/../infiniop_impl.hpp:3,
                 from src/infinicore/ops/silu/silu_infiniop.cc:3:
In function 'constexpr OutputIt fmt::v11::detail::copy(InputIt, InputIt, OutputIt) [with T = char; InputIt = const char*; OutputIt = char*; typename std::enable_if<(! fmt::v11::detail::is_back_insert_iterator<OutputIt>::value), int>::type <anonymous> = 0]',
    inlined from 'constexpr void fmt::v11::detail::for_each_codepoint(fmt::v11::string_view, F) [with F = fmt::v11::detail::code_point_index(fmt::v11::string_view, size_t)::<lambda(uint32_t, fmt::v11::string_view)>]' at third_party/spdlog/include/spdlog/fmt/bundled/format.h:622:13,
    inlined from 'size_t fmt::v11::detail::code_point_index(fmt::v11::string_view, size_t)' at third_party/spdlog/include/spdlog/fmt/bundled/format.h:681:21,
    inlined from 'constexpr OutputIt fmt::v11::detail::write(OutputIt, fmt::v11::basic_string_view<Char>, const fmt::v11::format_specs&) [with Char = char; OutputIt = fmt::v11::basic_appender<char>]' at third_party/spdlog/include/spdlog/fmt/bundled/format.h:2119:28:
third_party/spdlog/include/spdlog/fmt/bundled/base.h:2061:31: warning: writing 8 bytes into a region of size 7 [-Wstringop-overflow=]
 2061 |   while (begin != end) *out++ = static_cast<T>(*begin++);
      |                        ~~~~~~~^~~~~~~~~~~~~~~~~~~~~~~~~~
In file included from third_party/spdlog/include/spdlog/fmt/fmt.h:23,[0m
[0m[38;5;3;1mIn file included from third_party/spdlog/include/spdlog/fmt/bundled/format.h:41,
                 from third_party/spdlog/include/spdlog/fmt/fmt.h:23,
                 from third_party/spdlog/include/spdlog/common.h:50,
                 from third_party/spdlog/include/spdlog/cfg/helpers.h:6,
                 from third_party/spdlog/include/spdlog/cfg/env.h:5,
                 from src/infinicore/ops/softsign/../../utils.hpp:5,
                 from src/infinicore/ops/softsign/softsign_infiniop.cc:1:
In function 'constexpr OutputIt fmt::v11::detail::copy(InputIt, InputIt, OutputIt) [with T = char; InputIt = const char*; OutputIt = char*; typename std::enable_if<(! fmt::v11::detail::is_back_insert_iterator<OutputIt>::value), int>::type <anonymous> = 0]',
    inlined from 'constexpr void fmt::v11::detail::for_each_codepoint(fmt::v11::string_view, F) [with F = fmt::v11::detail::code_point_index(fmt::v11::string_view, size_t)::<lambda(uint32_t, fmt::v11::string_view)>]' at third_party/spdlog/include/spdlog/fmt/bundled/format.h:622:13,
    inlined from 'size_t fmt::v11::detail::code_point_index(fmt::v11::string_view, size_t)' at third_party/spdlog/include/spdlog/fmt/bundled/format.h:681:21,
    inlined from 'constexpr OutputIt fmt::v11::detail::write(OutputIt, fmt::v11::basic_string_view<Char>, const fmt::v11::format_specs&) [with Char = char; OutputIt = fmt::v11::basic_appender<char>]' at third_party/spdlog/include/spdlog/fmt/bundled/format.h:2119:28:
third_party/spdlog/include/spdlog/fmt/bundled/base.h:2061:31: warning: writing 8 bytes into a region of size 7 [-Wstringop-overflow=]
 2061 |   while (begin != end) *out++ = static_cast<T>(*begin++);
      |                        ~~~~~~~^~~~~~~~~~~~~~~~~~~~~~~~~~
In file included from third_party/spdlog/include/spdlog/fmt/fmt.h:23,
                 from third_party/spdlog/include/spdlog/common.h:50,[0m
[0m[38;5;3;1mIn file included from third_party/spdlog/include/spdlog/fmt/bundled/format.h:41,
                 from third_party/spdlog/include/spdlog/fmt/fmt.h:23,
                 from third_party/spdlog/include/spdlog/common.h:50,
                 from third_party/spdlog/include/spdlog/cfg/helpers.h:6,
                 from third_party/spdlog/include/spdlog/cfg/env.h:5,
                 from src/infinicore/ops/softmax/../../utils.hpp:5,
                 from src/infinicore/ops/softmax/softmax_infiniop.cc:1:
In function 'constexpr OutputIt fmt::v11::detail::copy(InputIt, InputIt, OutputIt) [with T = char; InputIt = const char*; OutputIt = char*; typename std::enable_if<(! fmt::v11::detail::is_back_insert_iterator<OutputIt>::value), int>::type <anonymous> = 0]',
    inlined from 'constexpr void fmt::v11::detail::for_each_codepoint(fmt::v11::string_view, F) [with F = fmt::v11::detail::code_point_index(fmt::v11::string_view, size_t)::<lambda(uint32_t, fmt::v11::string_view)>]' at third_party/spdlog/include/spdlog/fmt/bundled/format.h:622:13,
    inlined from 'size_t fmt::v11::detail::code_point_index(fmt::v11::string_view, size_t)' at third_party/spdlog/include/spdlog/fmt/bundled/format.h:681:21,
    inlined from 'constexpr OutputIt fmt::v11::detail::write(OutputIt, fmt::v11::basic_string_view<Char>, const fmt::v11::format_specs&) [with Char = char; OutputIt = fmt::v11::basic_appender<char>]' at third_party/spdlog/include/spdlog/fmt/bundled/format.h:2119:28:
third_party/spdlog/include/spdlog/fmt/bundled/base.h:2061:31: warning: writing 8 bytes into a region of size 7 [-Wstringop-overflow=]
 2061 |   while (begin != end) *out++ = static_cast<T>(*begin++);
      |                        ~~~~~~~^~~~~~~~~~~~~~~~~~~~~~~~~~
In file included from third_party/spdlog/include/spdlog/fmt/fmt.h:23,
                 from third_party/spdlog/include/spdlog/common.h:50,[0m
[0m[38;5;3;1mIn file included from third_party/spdlog/include/spdlog/fmt/bundled/format.h:41,
                 from third_party/spdlog/include/spdlog/fmt/fmt.h:23,
                 from third_party/spdlog/include/spdlog/common.h:50,
                 from third_party/spdlog/include/spdlog/cfg/helpers.h:6,
                 from third_party/spdlog/include/spdlog/cfg/env.h:5,
                 from src/infinicore/ops/smooth_l1_loss/../../utils.hpp:5,
                 from src/infinicore/ops/smooth_l1_loss/smooth_l1_loss_infiniop.cc:1:
In function 'constexpr OutputIt fmt::v11::detail::copy(InputIt, InputIt, OutputIt) [with T = char; InputIt = const char*; OutputIt = char*; typename std::enable_if<(! fmt::v11::detail::is_back_insert_iterator<OutputIt>::value), int>::type <anonymous> = 0]',
    inlined from 'constexpr void fmt::v11::detail::for_each_codepoint(fmt::v11::string_view, F) [with F = fmt::v11::detail::code_point_index(fmt::v11::string_view, size_t)::<lambda(uint32_t, fmt::v11::string_view)>]' at third_party/spdlog/include/spdlog/fmt/bundled/format.h:622:13,
    inlined from 'size_t fmt::v11::detail::code_point_index(fmt::v11::string_view, size_t)' at third_party/spdlog/include/spdlog/fmt/bundled/format.h:681:21,
    inlined from 'constexpr OutputIt fmt::v11::detail::write(OutputIt, fmt::v11::basic_string_view<Char>, const fmt::v11::format_specs&) [with Char = char; OutputIt = fmt::v11::basic_appender<char>]' at third_party/spdlog/include/spdlog/fmt/bundled/format.h:2119:28:
third_party/spdlog/include/spdlog/fmt/bundled/base.h:2061:31: warning: writing 8 bytes into a region of size 7 [-Wstringop-overflow=]
 2061 |   while (begin != end) *out++ = static_cast<T>(*begin++);
      |                        ~~~~~~~^~~~~~~~~~~~~~~~~~~~~~~~~~
In file included from third_party/spdlog/include/spdlog/fmt/fmt.h:23,
                 from third_party/spdlog/include/spdlog/common.h:50,[0m
[0m[38;5;3;1mIn file included from third_party/spdlog/include/spdlog/fmt/bundled/format.h:41,
                 from third_party/spdlog/include/spdlog/fmt/fmt.h:23,
                 from third_party/spdlog/include/spdlog/common.h:50,
                 from third_party/spdlog/include/spdlog/cfg/helpers.h:6,
                 from third_party/spdlog/include/spdlog/cfg/env.h:5,
                 from src/infinicore/ops/softplus/../../utils.hpp:5,
                 from src/infinicore/ops/softplus/softplus_infiniop.cc:1:
In function 'constexpr OutputIt fmt::v11::detail::copy(InputIt, InputIt, OutputIt) [with T = char; InputIt = const char*; OutputIt = char*; typename std::enable_if<(! fmt::v11::detail::is_back_insert_iterator<OutputIt>::value), int>::type <anonymous> = 0]',
    inlined from 'constexpr void fmt::v11::detail::for_each_codepoint(fmt::v11::string_view, F) [with F = fmt::v11::detail::code_point_index(fmt::v11::string_view, size_t)::<lambda(uint32_t, fmt::v11::string_view)>]' at third_party/spdlog/include/spdlog/fmt/bundled/format.h:622:13,
    inlined from 'size_t fmt::v11::detail::code_point_index(fmt::v11::string_view, size_t)' at third_party/spdlog/include/spdlog/fmt/bundled/format.h:681:21,
    inlined from 'constexpr OutputIt fmt::v11::detail::write(OutputIt, fmt::v11::basic_string_view<Char>, const fmt::v11::format_specs&) [with Char = char; OutputIt = fmt::v11::basic_appender<char>]' at third_party/spdlog/include/spdlog/fmt/bundled/format.h:2119:28:
third_party/spdlog/include/spdlog/fmt/bundled/base.h:2061:31: warning: writing 8 bytes into a region of size 7 [-Wstringop-overflow=]
 2061 |   while (begin != end) *out++ = static_cast<T>(*begin++);
      |                        ~~~~~~~^~~~~~~~~~~~~~~~~~~~~~~~~~
In file included from third_party/spdlog/include/spdlog/fmt/fmt.h:23,
                 from third_party/spdlog/include/spdlog/common.h:50,[0m
[0m[38;5;3;1mIn file included from third_party/spdlog/include/spdlog/fmt/bundled/format.h:41,
                 from third_party/spdlog/include/spdlog/fmt/fmt.h:23,
                 from third_party/spdlog/include/spdlog/common.h:50,
                 from third_party/spdlog/include/spdlog/cfg/helpers.h:6,
                 from third_party/spdlog/include/spdlog/cfg/env.h:5,
                 from src/infinicore/ops/take/../../utils.hpp:5,
                 from src/infinicore/ops/take/take_infiniop.cc:1:
In function 'constexpr OutputIt fmt::v11::detail::copy(InputIt, InputIt, OutputIt) [with T = char; InputIt = const char*; OutputIt = char*; typename std::enable_if<(! fmt::v11::detail::is_back_insert_iterator<OutputIt>::value), int>::type <anonymous> = 0]',
    inlined from 'constexpr void fmt::v11::detail::for_each_codepoint(fmt::v11::string_view, F) [with F = fmt::v11::detail::code_point_index(fmt::v11::string_view, size_t)::<lambda(uint32_t, fmt::v11::string_view)>]' at third_party/spdlog/include/spdlog/fmt/bundled/format.h:622:13,
    inlined from 'size_t fmt::v11::detail::code_point_index(fmt::v11::string_view, size_t)' at third_party/spdlog/include/spdlog/fmt/bundled/format.h:681:21,
    inlined from 'constexpr OutputIt fmt::v11::detail::write(OutputIt, fmt::v11::basic_string_view<Char>, const fmt::v11::format_specs&) [with Char = char; OutputIt = fmt::v11::basic_appender<char>]' at third_party/spdlog/include/spdlog/fmt/bundled/format.h:2119:28:
third_party/spdlog/include/spdlog/fmt/bundled/base.h:2061:31: warning: writing 8 bytes into a region of size 7 [-Wstringop-overflow=]
 2061 |   while (begin != end) *out++ = static_cast<T>(*begin++);
      |                        ~~~~~~~^~~~~~~~~~~~~~~~~~~~~~~~~~
In file included from third_party/spdlog/include/spdlog/fmt/fmt.h:23,
                 from third_party/spdlog/include/spdlog/common.h:50,[0m
[0m[38;5;3;1mIn file included from third_party/spdlog/include/spdlog/fmt/bundled/format.h:41,
                 from third_party/spdlog/include/spdlog/fmt/fmt.h:23,
                 from third_party/spdlog/include/spdlog/common.h:50,
                 from third_party/spdlog/include/spdlog/cfg/helpers.h:6,
                 from third_party/spdlog/include/spdlog/cfg/env.h:5,
                 from src/infinicore/ops/swiglu/../../utils.hpp:5,
                 from src/infinicore/ops/swiglu/../infiniop_impl.hpp:3,
                 from src/infinicore/ops/swiglu/swiglu_infiniop.cc:4:
In function 'constexpr OutputIt fmt::v11::detail::copy(InputIt, InputIt, OutputIt) [with T = char; InputIt = const char*; OutputIt = char*; typename std::enable_if<(! fmt::v11::detail::is_back_insert_iterator<OutputIt>::value), int>::type <anonymous> = 0]',
    inlined from 'constexpr void fmt::v11::detail::for_each_codepoint(fmt::v11::string_view, F) [with F = fmt::v11::detail::code_point_index(fmt::v11::string_view, size_t)::<lambda(uint32_t, fmt::v11::string_view)>]' at third_party/spdlog/include/spdlog/fmt/bundled/format.h:622:13,
    inlined from 'size_t fmt::v11::detail::code_point_index(fmt::v11::string_view, size_t)' at third_party/spdlog/include/spdlog/fmt/bundled/format.h:681:21,
    inlined from 'constexpr OutputIt fmt::v11::detail::write(OutputIt, fmt::v11::basic_string_view<Char>, const fmt::v11::format_specs&) [with Char = char; OutputIt = fmt::v11::basic_appender<char>]' at third_party/spdlog/include/spdlog/fmt/bundled/format.h:2119:28:
third_party/spdlog/include/spdlog/fmt/bundled/base.h:2061:31: warning: writing 8 bytes into a region of size 7 [-Wstringop-overflow=]
 2061 |   while (begin != end) *out++ = static_cast<T>(*begin++);
      |                        ~~~~~~~^~~~~~~~~~~~~~~~~~~~~~~~~~
In file included from third_party/spdlog/include/spdlog/fmt/fmt.h:23,[0m
[0m[38;5;3;1mIn file included from third_party/spdlog/include/spdlog/fmt/bundled/format.h:41,
                 from third_party/spdlog/include/spdlog/fmt/fmt.h:23,
                 from third_party/spdlog/include/spdlog/common.h:50,
                 from third_party/spdlog/include/spdlog/cfg/helpers.h:6,
                 from third_party/spdlog/include/spdlog/cfg/env.h:5,
                 from src/infinicore/ops/sum/../../utils.hpp:5,
                 from src/infinicore/ops/sum/sum_infiniop.cc:1:
In function 'constexpr OutputIt fmt::v11::detail::copy(InputIt, InputIt, OutputIt) [with T = char; InputIt = const char*; OutputIt = char*; typename std::enable_if<(! fmt::v11::detail::is_back_insert_iterator<OutputIt>::value), int>::type <anonymous> = 0]',
    inlined from 'constexpr void fmt::v11::detail::for_each_codepoint(fmt::v11::string_view, F) [with F = fmt::v11::detail::code_point_index(fmt::v11::string_view, size_t)::<lambda(uint32_t, fmt::v11::string_view)>]' at third_party/spdlog/include/spdlog/fmt/bundled/format.h:622:13,
    inlined from 'size_t fmt::v11::detail::code_point_index(fmt::v11::string_view, size_t)' at third_party/spdlog/include/spdlog/fmt/bundled/format.h:681:21,
    inlined from 'constexpr OutputIt fmt::v11::detail::write(OutputIt, fmt::v11::basic_string_view<Char>, const fmt::v11::format_specs&) [with Char = char; OutputIt = fmt::v11::basic_appender<char>]' at third_party/spdlog/include/spdlog/fmt/bundled/format.h:2119:28:
third_party/spdlog/include/spdlog/fmt/bundled/base.h:2061:31: warning: writing 8 bytes into a region of size 7 [-Wstringop-overflow=]
 2061 |   while (begin != end) *out++ = static_cast<T>(*begin++);
      |                        ~~~~~~~^~~~~~~~~~~~~~~~~~~~~~~~~~
In file included from third_party/spdlog/include/spdlog/fmt/fmt.h:23,
                 from third_party/spdlog/include/spdlog/common.h:50,[0m
[0m[38;5;3;1mIn file included from third_party/spdlog/include/spdlog/fmt/bundled/format.h:41,
                 from third_party/spdlog/include/spdlog/fmt/fmt.h:23,
                 from third_party/spdlog/include/spdlog/common.h:50,
                 from third_party/spdlog/include/spdlog/cfg/helpers.h:6,
                 from third_party/spdlog/include/spdlog/cfg/env.h:5,
                 from src/infinicore/ops/tan/../../utils.hpp:5,
                 from src/infinicore/ops/tan/tan_infiniop.cc:1:
In function 'constexpr OutputIt fmt::v11::detail::copy(InputIt, InputIt, OutputIt) [with T = char; InputIt = const char*; OutputIt = char*; typename std::enable_if<(! fmt::v11::detail::is_back_insert_iterator<OutputIt>::value), int>::type <anonymous> = 0]',
    inlined from 'constexpr void fmt::v11::detail::for_each_codepoint(fmt::v11::string_view, F) [with F = fmt::v11::detail::code_point_index(fmt::v11::string_view, size_t)::<lambda(uint32_t, fmt::v11::string_view)>]' at third_party/spdlog/include/spdlog/fmt/bundled/format.h:622:13,
    inlined from 'size_t fmt::v11::detail::code_point_index(fmt::v11::string_view, size_t)' at third_party/spdlog/include/spdlog/fmt/bundled/format.h:681:21,
    inlined from 'constexpr OutputIt fmt::v11::detail::write(OutputIt, fmt::v11::basic_string_view<Char>, const fmt::v11::format_specs&) [with Char = char; OutputIt = fmt::v11::basic_appender<char>]' at third_party/spdlog/include/spdlog/fmt/bundled/format.h:2119:28:
third_party/spdlog/include/spdlog/fmt/bundled/base.h:2061:31: warning: writing 8 bytes into a region of size 7 [-Wstringop-overflow=]
 2061 |   while (begin != end) *out++ = static_cast<T>(*begin++);
      |                        ~~~~~~~^~~~~~~~~~~~~~~~~~~~~~~~~~
In file included from third_party/spdlog/include/spdlog/fmt/fmt.h:23,
                 from third_party/spdlog/include/spdlog/common.h:50,[0m
[0m[38;5;3;1mIn file included from third_party/spdlog/include/spdlog/fmt/bundled/format.h:41,
                 from third_party/spdlog/include/spdlog/fmt/fmt.h:23,
                 from third_party/spdlog/include/spdlog/common.h:50,
                 from third_party/spdlog/include/spdlog/cfg/helpers.h:6,
                 from third_party/spdlog/include/spdlog/cfg/env.h:5,
                 from src/infinicore/ops/tanh/../../utils.hpp:5,
                 from src/infinicore/ops/tanh/../infiniop_impl.hpp:3,
                 from src/infinicore/ops/tanh/tanh_infiniop.cc:3:
In function 'constexpr OutputIt fmt::v11::detail::copy(InputIt, InputIt, OutputIt) [with T = char; InputIt = const char*; OutputIt = char*; typename std::enable_if<(! fmt::v11::detail::is_back_insert_iterator<OutputIt>::value), int>::type <anonymous> = 0]',
    inlined from 'constexpr void fmt::v11::detail::for_each_codepoint(fmt::v11::string_view, F) [with F = fmt::v11::detail::code_point_index(fmt::v11::string_view, size_t)::<lambda(uint32_t, fmt::v11::string_view)>]' at third_party/spdlog/include/spdlog/fmt/bundled/format.h:622:13,
    inlined from 'size_t fmt::v11::detail::code_point_index(fmt::v11::string_view, size_t)' at third_party/spdlog/include/spdlog/fmt/bundled/format.h:681:21,
    inlined from 'constexpr OutputIt fmt::v11::detail::write(OutputIt, fmt::v11::basic_string_view<Char>, const fmt::v11::format_specs&) [with Char = char; OutputIt = fmt::v11::basic_appender<char>]' at third_party/spdlog/include/spdlog/fmt/bundled/format.h:2119:28:
third_party/spdlog/include/spdlog/fmt/bundled/base.h:2061:31: warning: writing 8 bytes into a region of size 7 [-Wstringop-overflow=]
 2061 |   while (begin != end) *out++ = static_cast<T>(*begin++);
      |                        ~~~~~~~^~~~~~~~~~~~~~~~~~~~~~~~~~
In file included from third_party/spdlog/include/spdlog/fmt/fmt.h:23,[0m
[0m[38;5;3;1mIn file included from third_party/spdlog/include/spdlog/fmt/bundled/format.h:41,
                 from third_party/spdlog/include/spdlog/fmt/fmt.h:23,
                 from third_party/spdlog/include/spdlog/common.h:50,
                 from third_party/spdlog/include/spdlog/cfg/helpers.h:6,
                 from third_party/spdlog/include/spdlog/cfg/env.h:5,
                 from src/infinicore/ops/tanhshrink/../../utils.hpp:5,
                 from src/infinicore/ops/tanhshrink/tanhshrink_infiniop.cc:1:
In function 'constexpr OutputIt fmt::v11::detail::copy(InputIt, InputIt, OutputIt) [with T = char; InputIt = const char*; OutputIt = char*; typename std::enable_if<(! fmt::v11::detail::is_back_insert_iterator<OutputIt>::value), int>::type <anonymous> = 0]',
    inlined from 'constexpr void fmt::v11::detail::for_each_codepoint(fmt::v11::string_view, F) [with F = fmt::v11::detail::code_point_index(fmt::v11::string_view, size_t)::<lambda(uint32_t, fmt::v11::string_view)>]' at third_party/spdlog/include/spdlog/fmt/bundled/format.h:622:13,
    inlined from 'size_t fmt::v11::detail::code_point_index(fmt::v11::string_view, size_t)' at third_party/spdlog/include/spdlog/fmt/bundled/format.h:681:21,
    inlined from 'constexpr OutputIt fmt::v11::detail::write(OutputIt, fmt::v11::basic_string_view<Char>, const fmt::v11::format_specs&) [with Char = char; OutputIt = fmt::v11::basic_appender<char>]' at third_party/spdlog/include/spdlog/fmt/bundled/format.h:2119:28:
third_party/spdlog/include/spdlog/fmt/bundled/base.h:2061:31: warning: writing 8 bytes into a region of size 7 [-Wstringop-overflow=]
 2061 |   while (begin != end) *out++ = static_cast<T>(*begin++);
      |                        ~~~~~~~^~~~~~~~~~~~~~~~~~~~~~~~~~
In file included from third_party/spdlog/include/spdlog/fmt/fmt.h:23,
                 from third_party/spdlog/include/spdlog/common.h:50,[0m
[0m[38;5;3;1mIn file included from third_party/spdlog/include/spdlog/fmt/bundled/format.h:41,
                 from third_party/spdlog/include/spdlog/fmt/fmt.h:23,
                 from third_party/spdlog/include/spdlog/common.h:50,
                 from third_party/spdlog/include/spdlog/cfg/helpers.h:6,
                 from third_party/spdlog/include/spdlog/cfg/env.h:5,
                 from src/infinicore/ops/topk/../../utils.hpp:5,
                 from src/infinicore/ops/topk/topk_infiniop.cc:1:
In function 'constexpr OutputIt fmt::v11::detail::copy(InputIt, InputIt, OutputIt) [with T = char; InputIt = const char*; OutputIt = char*; typename std::enable_if<(! fmt::v11::detail::is_back_insert_iterator<OutputIt>::value), int>::type <anonymous> = 0]',
    inlined from 'constexpr void fmt::v11::detail::for_each_codepoint(fmt::v11::string_view, F) [with F = fmt::v11::detail::code_point_index(fmt::v11::string_view, size_t)::<lambda(uint32_t, fmt::v11::string_view)>]' at third_party/spdlog/include/spdlog/fmt/bundled/format.h:622:13,
    inlined from 'size_t fmt::v11::detail::code_point_index(fmt::v11::string_view, size_t)' at third_party/spdlog/include/spdlog/fmt/bundled/format.h:681:21,
    inlined from 'constexpr OutputIt fmt::v11::detail::write(OutputIt, fmt::v11::basic_string_view<Char>, const fmt::v11::format_specs&) [with Char = char; OutputIt = fmt::v11::basic_appender<char>]' at third_party/spdlog/include/spdlog/fmt/bundled/format.h:2119:28:
third_party/spdlog/include/spdlog/fmt/bundled/base.h:2061:31: warning: writing 8 bytes into a region of size 7 [-Wstringop-overflow=]
 2061 |   while (begin != end) *out++ = static_cast<T>(*begin++);
      |                        ~~~~~~~^~~~~~~~~~~~~~~~~~~~~~~~~~
In file included from third_party/spdlog/include/spdlog/fmt/fmt.h:23,
                 from third_party/spdlog/include/spdlog/common.h:50,[0m
[0m[38;5;3;1mIn file included from third_party/spdlog/include/spdlog/fmt/bundled/format.h:41,
                 from third_party/spdlog/include/spdlog/fmt/fmt.h:23,
                 from third_party/spdlog/include/spdlog/common.h:50,
                 from third_party/spdlog/include/spdlog/cfg/helpers.h:6,
                 from third_party/spdlog/include/spdlog/cfg/env.h:5,
                 from src/infinicore/ops/prelu/../../utils.hpp:5,
                 from src/infinicore/ops/prelu/../infiniop_impl.hpp:3,
                 from src/infinicore/ops/prelu/prelu_infiniop.cc:5:
In function 'constexpr OutputIt fmt::v11::detail::copy(InputIt, InputIt, OutputIt) [with T = char; InputIt = const char*; OutputIt = char*; typename std::enable_if<(! fmt::v11::detail::is_back_insert_iterator<OutputIt>::value), int>::type <anonymous> = 0]',
    inlined from 'constexpr void fmt::v11::detail::for_each_codepoint(fmt::v11::string_view, F) [with F = fmt::v11::detail::code_point_index(fmt::v11::string_view, size_t)::<lambda(uint32_t, fmt::v11::string_view)>]' at third_party/spdlog/include/spdlog/fmt/bundled/format.h:622:13,
    inlined from 'size_t fmt::v11::detail::code_point_index(fmt::v11::string_view, size_t)' at third_party/spdlog/include/spdlog/fmt/bundled/format.h:681:21,
    inlined from 'constexpr OutputIt fmt::v11::detail::write(OutputIt, fmt::v11::basic_string_view<Char>, const fmt::v11::format_specs&) [with Char = char; OutputIt = fmt::v11::basic_appender<char>]' at third_party/spdlog/include/spdlog/fmt/bundled/format.h:2119:28:
third_party/spdlog/include/spdlog/fmt/bundled/base.h:2061:31: warning: writing 8 bytes into a region of size 7 [-Wstringop-overflow=]
 2061 |   while (begin != end) *out++ = static_cast<T>(*begin++);
      |                        ~~~~~~~^~~~~~~~~~~~~~~~~~~~~~~~~~
In file included from third_party/spdlog/include/spdlog/fmt/fmt.h:23,[0m
[0m[38;5;3;1mIn file included from third_party/spdlog/include/spdlog/fmt/bundled/format.h:41,
                 from third_party/spdlog/include/spdlog/fmt/fmt.h:23,
                 from third_party/spdlog/include/spdlog/common.h:50,
                 from third_party/spdlog/include/spdlog/cfg/helpers.h:6,
                 from third_party/spdlog/include/spdlog/cfg/env.h:5,
                 from src/infinicore/ops/triplet_margin_with_distance_loss/../../utils.hpp:5,
                 from src/infinicore/ops/triplet_margin_with_distance_loss/triplet_margin_with_distance_loss_infiniop.cc:1:
In function 'constexpr OutputIt fmt::v11::detail::copy(InputIt, InputIt, OutputIt) [with T = char; InputIt = const char*; OutputIt = char*; typename std::enable_if<(! fmt::v11::detail::is_back_insert_iterator<OutputIt>::value), int>::type <anonymous> = 0]',
    inlined from 'constexpr void fmt::v11::detail::for_each_codepoint(fmt::v11::string_view, F) [with F = fmt::v11::detail::code_point_index(fmt::v11::string_view, size_t)::<lambda(uint32_t, fmt::v11::string_view)>]' at third_party/spdlog/include/spdlog/fmt/bundled/format.h:622:13,
    inlined from 'size_t fmt::v11::detail::code_point_index(fmt::v11::string_view, size_t)' at third_party/spdlog/include/spdlog/fmt/bundled/format.h:681:21,
    inlined from 'constexpr OutputIt fmt::v11::detail::write(OutputIt, fmt::v11::basic_string_view<Char>, const fmt::v11::format_specs&) [with Char = char; OutputIt = fmt::v11::basic_appender<char>]' at third_party/spdlog/include/spdlog/fmt/bundled/format.h:2119:28:
third_party/spdlog/include/spdlog/fmt/bundled/base.h:2061:31: warning: writing 8 bytes into a region of size 7 [-Wstringop-overflow=]
 2061 |   while (begin != end) *out++ = static_cast<T>(*begin++);
      |                        ~~~~~~~^~~~~~~~~~~~~~~~~~~~~~~~~~
In file included from third_party/spdlog/include/spdlog/fmt/fmt.h:23,
                 from third_party/spdlog/include/spdlog/common.h:50,[0m
[0m[38;5;3;1mIn file included from third_party/spdlog/include/spdlog/fmt/bundled/format.h:41,
                 from third_party/spdlog/include/spdlog/fmt/fmt.h:23,
                 from third_party/spdlog/include/spdlog/common.h:50,
                 from third_party/spdlog/include/spdlog/cfg/helpers.h:6,
                 from third_party/spdlog/include/spdlog/cfg/env.h:5,
                 from src/infinicore/ops/triplet_margin_loss/../../utils.hpp:5,
                 from src/infinicore/ops/triplet_margin_loss/triplet_margin_loss_infiniop.cc:1:
In function 'constexpr OutputIt fmt::v11::detail::copy(InputIt, InputIt, OutputIt) [with T = char; InputIt = const char*; OutputIt = char*; typename std::enable_if<(! fmt::v11::detail::is_back_insert_iterator<OutputIt>::value), int>::type <anonymous> = 0]',
    inlined from 'constexpr void fmt::v11::detail::for_each_codepoint(fmt::v11::string_view, F) [with F = fmt::v11::detail::code_point_index(fmt::v11::string_view, size_t)::<lambda(uint32_t, fmt::v11::string_view)>]' at third_party/spdlog/include/spdlog/fmt/bundled/format.h:622:13,
    inlined from 'size_t fmt::v11::detail::code_point_index(fmt::v11::string_view, size_t)' at third_party/spdlog/include/spdlog/fmt/bundled/format.h:681:21,
    inlined from 'constexpr OutputIt fmt::v11::detail::write(OutputIt, fmt::v11::basic_string_view<Char>, const fmt::v11::format_specs&) [with Char = char; OutputIt = fmt::v11::basic_appender<char>]' at third_party/spdlog/include/spdlog/fmt/bundled/format.h:2119:28:
third_party/spdlog/include/spdlog/fmt/bundled/base.h:2061:31: warning: writing 8 bytes into a region of size 7 [-Wstringop-overflow=]
 2061 |   while (begin != end) *out++ = static_cast<T>(*begin++);
      |                        ~~~~~~~^~~~~~~~~~~~~~~~~~~~~~~~~~
In file included from third_party/spdlog/include/spdlog/fmt/fmt.h:23,
                 from third_party/spdlog/include/spdlog/common.h:50,[0m
[0m[38;5;3;1mIn file included from third_party/spdlog/include/spdlog/fmt/bundled/format.h:41,
                 from third_party/spdlog/include/spdlog/fmt/fmt.h:23,
                 from third_party/spdlog/include/spdlog/common.h:50,
                 from third_party/spdlog/include/spdlog/cfg/helpers.h:6,
                 from third_party/spdlog/include/spdlog/cfg/env.h:5,
                 from src/infinicore/ops/zeros/../../utils.hpp:5,
                 from src/infinicore/ops/zeros/zeros.cc:3:
In function 'constexpr OutputIt fmt::v11::detail::copy(InputIt, InputIt, OutputIt) [with T = char; InputIt = const char*; OutputIt = char*; typename std::enable_if<(! fmt::v11::detail::is_back_insert_iterator<OutputIt>::value), int>::type <anonymous> = 0]',
    inlined from 'constexpr void fmt::v11::detail::for_each_codepoint(fmt::v11::string_view, F) [with F = fmt::v11::detail::code_point_index(fmt::v11::string_view, size_t)::<lambda(uint32_t, fmt::v11::string_view)>]' at third_party/spdlog/include/spdlog/fmt/bundled/format.h:622:13,
    inlined from 'size_t fmt::v11::detail::code_point_index(fmt::v11::string_view, size_t)' at third_party/spdlog/include/spdlog/fmt/bundled/format.h:681:21,
    inlined from 'constexpr OutputIt fmt::v11::detail::write(OutputIt, fmt::v11::basic_string_view<Char>, const fmt::v11::format_specs&) [with Char = char; OutputIt = fmt::v11::basic_appender<char>]' at third_party/spdlog/include/spdlog/fmt/bundled/format.h:2119:28:
third_party/spdlog/include/spdlog/fmt/bundled/base.h:2061:31: warning: writing 8 bytes into a region of size 7 [-Wstringop-overflow=]
 2061 |   while (begin != end) *out++ = static_cast<T>(*begin++);
      |                        ~~~~~~~^~~~~~~~~~~~~~~~~~~~~~~~~~
In file included from third_party/spdlog/include/spdlog/fmt/fmt.h:23,
                 from third_party/spdlog/include/spdlog/common.h:50,[0m
[0m[38;5;3;1mIn file included from third_party/spdlog/include/spdlog/fmt/bundled/format.h:41,
                 from third_party/spdlog/include/spdlog/fmt/fmt.h:23,
                 from third_party/spdlog/include/spdlog/common.h:50,
                 from third_party/spdlog/include/spdlog/cfg/helpers.h:6,
                 from third_party/spdlog/include/spdlog/cfg/env.h:5,
                 from src/infinicore/ops/vander/../../utils.hpp:5,
                 from src/infinicore/ops/vander/vander_infiniop.cc:1:
In function 'constexpr OutputIt fmt::v11::detail::copy(InputIt, InputIt, OutputIt) [with T = char; InputIt = const char*; OutputIt = char*; typename std::enable_if<(! fmt::v11::detail::is_back_insert_iterator<OutputIt>::value), int>::type <anonymous> = 0]',
    inlined from 'constexpr void fmt::v11::detail::for_each_codepoint(fmt::v11::string_view, F) [with F = fmt::v11::detail::code_point_index(fmt::v11::string_view, size_t)::<lambda(uint32_t, fmt::v11::string_view)>]' at third_party/spdlog/include/spdlog/fmt/bundled/format.h:622:13,
    inlined from 'size_t fmt::v11::detail::code_point_index(fmt::v11::string_view, size_t)' at third_party/spdlog/include/spdlog/fmt/bundled/format.h:681:21,
    inlined from 'constexpr OutputIt fmt::v11::detail::write(OutputIt, fmt::v11::basic_string_view<Char>, const fmt::v11::format_specs&) [with Char = char; OutputIt = fmt::v11::basic_appender<char>]' at third_party/spdlog/include/spdlog/fmt/bundled/format.h:2119:28:
third_party/spdlog/include/spdlog/fmt/bundled/base.h:2061:31: warning: writing 8 bytes into a region of size 7 [-Wstringop-overflow=]
 2061 |   while (begin != end) *out++ = static_cast<T>(*begin++);
      |                        ~~~~~~~^~~~~~~~~~~~~~~~~~~~~~~~~~
In file included from third_party/spdlog/include/spdlog/fmt/fmt.h:23,
                 from third_party/spdlog/include/spdlog/common.h:50,[0m
[0m[38;5;3;1mIn file included from third_party/spdlog/include/spdlog/fmt/bundled/format.h:41,
                 from third_party/spdlog/include/spdlog/fmt/fmt.h:23,
                 from third_party/spdlog/include/spdlog/common.h:50,
                 from third_party/spdlog/include/spdlog/cfg/helpers.h:6,
                 from third_party/spdlog/include/spdlog/cfg/env.h:5,
                 from src/infinicore/ops/topksoftmax/../../utils.hpp:5,
                 from src/infinicore/ops/topksoftmax/../infiniop_impl.hpp:3,
                 from src/infinicore/ops/topksoftmax/topksoftmax_infiniop.cc:3:
In function 'constexpr OutputIt fmt::v11::detail::copy(InputIt, InputIt, OutputIt) [with T = char; InputIt = const char*; OutputIt = char*; typename std::enable_if<(! fmt::v11::detail::is_back_insert_iterator<OutputIt>::value), int>::type <anonymous> = 0]',
    inlined from 'constexpr void fmt::v11::detail::for_each_codepoint(fmt::v11::string_view, F) [with F = fmt::v11::detail::code_point_index(fmt::v11::string_view, size_t)::<lambda(uint32_t, fmt::v11::string_view)>]' at third_party/spdlog/include/spdlog/fmt/bundled/format.h:622:13,
    inlined from 'size_t fmt::v11::detail::code_point_index(fmt::v11::string_view, size_t)' at third_party/spdlog/include/spdlog/fmt/bundled/format.h:681:21,
    inlined from 'constexpr OutputIt fmt::v11::detail::write(OutputIt, fmt::v11::basic_string_view<Char>, const fmt::v11::format_specs&) [with Char = char; OutputIt = fmt::v11::basic_appender<char>]' at third_party/spdlog/include/spdlog/fmt/bundled/format.h:2119:28:
third_party/spdlog/include/spdlog/fmt/bundled/base.h:2061:31: warning: writing 8 bytes into a region of size 7 [-Wstringop-overflow=]
 2061 |   while (begin != end) *out++ = static_cast<T>(*begin++);
      |                        ~~~~~~~^~~~~~~~~~~~~~~~~~~~~~~~~~
In file included from third_party/spdlog/include/spdlog/fmt/fmt.h:23,[0m
[0m[38;5;3;1mIn file included from third_party/spdlog/include/spdlog/fmt/bundled/format.h:41,
                 from third_party/spdlog/include/spdlog/fmt/fmt.h:23,
                 from third_party/spdlog/include/spdlog/common.h:50,
                 from third_party/spdlog/include/spdlog/cfg/helpers.h:6,
                 from third_party/spdlog/include/spdlog/cfg/env.h:5,
                 from src/infinicore/ops/var_mean/../../utils.hpp:5,
                 from src/infinicore/ops/var_mean/var_mean_infiniop.cc:1:
In function 'constexpr OutputIt fmt::v11::detail::copy(InputIt, InputIt, OutputIt) [with T = char; InputIt = const char*; OutputIt = char*; typename std::enable_if<(! fmt::v11::detail::is_back_insert_iterator<OutputIt>::value), int>::type <anonymous> = 0]',
    inlined from 'constexpr void fmt::v11::detail::for_each_codepoint(fmt::v11::string_view, F) [with F = fmt::v11::detail::code_point_index(fmt::v11::string_view, size_t)::<lambda(uint32_t, fmt::v11::string_view)>]' at third_party/spdlog/include/spdlog/fmt/bundled/format.h:622:13,
    inlined from 'size_t fmt::v11::detail::code_point_index(fmt::v11::string_view, size_t)' at third_party/spdlog/include/spdlog/fmt/bundled/format.h:681:21,
    inlined from 'constexpr OutputIt fmt::v11::detail::write(OutputIt, fmt::v11::basic_string_view<Char>, const fmt::v11::format_specs&) [with Char = char; OutputIt = fmt::v11::basic_appender<char>]' at third_party/spdlog/include/spdlog/fmt/bundled/format.h:2119:28:
third_party/spdlog/include/spdlog/fmt/bundled/base.h:2061:31: warning: writing 8 bytes into a region of size 7 [-Wstringop-overflow=]
 2061 |   while (begin != end) *out++ = static_cast<T>(*begin++);
      |                        ~~~~~~~^~~~~~~~~~~~~~~~~~~~~~~~~~
In file included from third_party/spdlog/include/spdlog/fmt/fmt.h:23,
                 from third_party/spdlog/include/spdlog/common.h:50,[0m
[0m[38;5;3;1mIn file included from third_party/spdlog/include/spdlog/fmt/bundled/format.h:41,
                 from third_party/spdlog/include/spdlog/fmt/fmt.h:23,
                 from third_party/spdlog/include/spdlog/common.h:50,
                 from third_party/spdlog/include/spdlog/cfg/helpers.h:6,
                 from third_party/spdlog/include/spdlog/cfg/env.h:5,
                 from src/infinicore/ops/var/../../utils.hpp:5,
                 from src/infinicore/ops/var/var_infiniop.cc:1:
In function 'constexpr OutputIt fmt::v11::detail::copy(InputIt, InputIt, OutputIt) [with T = char; InputIt = const char*; OutputIt = char*; typename std::enable_if<(! fmt::v11::detail::is_back_insert_iterator<OutputIt>::value), int>::type <anonymous> = 0]',
    inlined from 'constexpr void fmt::v11::detail::for_each_codepoint(fmt::v11::string_view, F) [with F = fmt::v11::detail::code_point_index(fmt::v11::string_view, size_t)::<lambda(uint32_t, fmt::v11::string_view)>]' at third_party/spdlog/include/spdlog/fmt/bundled/format.h:622:13,
    inlined from 'size_t fmt::v11::detail::code_point_index(fmt::v11::string_view, size_t)' at third_party/spdlog/include/spdlog/fmt/bundled/format.h:681:21,
    inlined from 'constexpr OutputIt fmt::v11::detail::write(OutputIt, fmt::v11::basic_string_view<Char>, const fmt::v11::format_specs&) [with Char = char; OutputIt = fmt::v11::basic_appender<char>]' at third_party/spdlog/include/spdlog/fmt/bundled/format.h:2119:28:
third_party/spdlog/include/spdlog/fmt/bundled/base.h:2061:31: warning: writing 8 bytes into a region of size 7 [-Wstringop-overflow=]
 2061 |   while (begin != end) *out++ = static_cast<T>(*begin++);
      |                        ~~~~~~~^~~~~~~~~~~~~~~~~~~~~~~~~~
In file included from third_party/spdlog/include/spdlog/fmt/fmt.h:23,
                 from third_party/spdlog/include/spdlog/common.h:50,[0m
[0m[38;5;3;1mIn file included from third_party/spdlog/include/spdlog/fmt/bundled/format.h:41,
                 from third_party/spdlog/include/spdlog/fmt/fmt.h:23,
                 from third_party/spdlog/include/spdlog/common.h:50,
                 from third_party/spdlog/include/spdlog/cfg/helpers.h:6,
                 from third_party/spdlog/include/spdlog/cfg/env.h:5,
                 from src/infinicore/ops/upsample_bilinear/../../utils.hpp:5,
                 from src/infinicore/ops/upsample_bilinear/upsample_bilinear_infiniopo.cc:1:
In function 'constexpr OutputIt fmt::v11::detail::copy(InputIt, InputIt, OutputIt) [with T = char; InputIt = const char*; OutputIt = char*; typename std::enable_if<(! fmt::v11::detail::is_back_insert_iterator<OutputIt>::value), int>::type <anonymous> = 0]',
    inlined from 'constexpr void fmt::v11::detail::for_each_codepoint(fmt::v11::string_view, F) [with F = fmt::v11::detail::code_point_index(fmt::v11::string_view, size_t)::<lambda(uint32_t, fmt::v11::string_view)>]' at third_party/spdlog/include/spdlog/fmt/bundled/format.h:622:13,
    inlined from 'size_t fmt::v11::detail::code_point_index(fmt::v11::string_view, size_t)' at third_party/spdlog/include/spdlog/fmt/bundled/format.h:681:21,
    inlined from 'constexpr OutputIt fmt::v11::detail::write(OutputIt, fmt::v11::basic_string_view<Char>, const fmt::v11::format_specs&) [with Char = char; OutputIt = fmt::v11::basic_appender<char>]' at third_party/spdlog/include/spdlog/fmt/bundled/format.h:2119:28:
third_party/spdlog/include/spdlog/fmt/bundled/base.h:2061:31: warning: writing 8 bytes into a region of size 7 [-Wstringop-overflow=]
 2061 |   while (begin != end) *out++ = static_cast<T>(*begin++);
      |                        ~~~~~~~^~~~~~~~~~~~~~~~~~~~~~~~~~
In file included from third_party/spdlog/include/spdlog/fmt/fmt.h:23,
                 from third_party/spdlog/include/spdlog/common.h:50,[0m
[0m[38;5;3;1mIn file included from third_party/spdlog/include/spdlog/fmt/bundled/format.h:41,
                 from third_party/spdlog/include/spdlog/fmt/fmt.h:23,
                 from third_party/spdlog/include/spdlog/common.h:50,
                 from third_party/spdlog/include/spdlog/cfg/helpers.h:6,
                 from third_party/spdlog/include/spdlog/cfg/env.h:5,
                 from src/infinicore/ops/upsample_nearest/../../utils.hpp:5,
                 from src/infinicore/ops/upsample_nearest/upsample_nearest_infiniop.cc:1:
In function 'constexpr OutputIt fmt::v11::detail::copy(InputIt, InputIt, OutputIt) [with T = char; InputIt = const char*; OutputIt = char*; typename std::enable_if<(! fmt::v11::detail::is_back_insert_iterator<OutputIt>::value), int>::type <anonymous> = 0]',
    inlined from 'constexpr void fmt::v11::detail::for_each_codepoint(fmt::v11::string_view, F) [with F = fmt::v11::detail::code_point_index(fmt::v11::string_view, size_t)::<lambda(uint32_t, fmt::v11::string_view)>]' at third_party/spdlog/include/spdlog/fmt/bundled/format.h:622:13,
    inlined from 'size_t fmt::v11::detail::code_point_index(fmt::v11::string_view, size_t)' at third_party/spdlog/include/spdlog/fmt/bundled/format.h:681:21,
    inlined from 'constexpr OutputIt fmt::v11::detail::write(OutputIt, fmt::v11::basic_string_view<Char>, const fmt::v11::format_specs&) [with Char = char; OutputIt = fmt::v11::basic_appender<char>]' at third_party/spdlog/include/spdlog/fmt/bundled/format.h:2119:28:
third_party/spdlog/include/spdlog/fmt/bundled/base.h:2061:31: warning: writing 8 bytes into a region of size 7 [-Wstringop-overflow=]
 2061 |   while (begin != end) *out++ = static_cast<T>(*begin++);
      |                        ~~~~~~~^~~~~~~~~~~~~~~~~~~~~~~~~~
In file included from third_party/spdlog/include/spdlog/fmt/fmt.h:23,
                 from third_party/spdlog/include/spdlog/common.h:50,[0m
[0m[38;5;3;1mIn file included from third_party/spdlog/include/spdlog/fmt/bundled/format.h:41,
                 from third_party/spdlog/include/spdlog/fmt/fmt.h:23,
                 from third_party/spdlog/include/spdlog/common.h:50,
                 from third_party/spdlog/include/spdlog/cfg/helpers.h:6,
                 from third_party/spdlog/include/spdlog/cfg/env.h:5,
                 from src/infinicore/ops/quant/per_tensor_quant_int8/../../../utils.hpp:5,
                 from src/infinicore/ops/quant/per_tensor_quant_int8/../../infiniop_impl.hpp:3,
                 from src/infinicore/ops/quant/per_tensor_quant_int8/per_tensor_quant_int8_infiniop.cc:1:
In function 'constexpr OutputIt fmt::v11::detail::copy(InputIt, InputIt, OutputIt) [with T = char; InputIt = const char*; OutputIt = char*; typename std::enable_if<(! fmt::v11::detail::is_back_insert_iterator<OutputIt>::value), int>::type <anonymous> = 0]',
    inlined from 'constexpr void fmt::v11::detail::for_each_codepoint(fmt::v11::string_view, F) [with F = fmt::v11::detail::code_point_index(fmt::v11::string_view, size_t)::<lambda(uint32_t, fmt::v11::string_view)>]' at third_party/spdlog/include/spdlog/fmt/bundled/format.h:622:13,
    inlined from 'size_t fmt::v11::detail::code_point_index(fmt::v11::string_view, size_t)' at third_party/spdlog/include/spdlog/fmt/bundled/format.h:681:21,
    inlined from 'constexpr OutputIt fmt::v11::detail::write(OutputIt, fmt::v11::basic_string_view<Char>, const fmt::v11::format_specs&) [with Char = char; OutputIt = fmt::v11::basic_appender<char>]' at third_party/spdlog/include/spdlog/fmt/bundled/format.h:2119:28:
third_party/spdlog/include/spdlog/fmt/bundled/base.h:2061:31: warning: writing 8 bytes into a region of size 7 [-Wstringop-overflow=]
 2061 |   while (begin != end) *out++ = static_cast<T>(*begin++);
      |                        ~~~~~~~^~~~~~~~~~~~~~~~~~~~~~~~~~
In file included from third_party/spdlog/include/spdlog/fmt/fmt.h:23,[0m
[0m[38;5;3;1mIn file included from third_party/spdlog/include/spdlog/fmt/bundled/format.h:41,
                 from third_party/spdlog/include/spdlog/fmt/fmt.h:23,
                 from third_party/spdlog/include/spdlog/common.h:50,
                 from third_party/spdlog/include/spdlog/cfg/helpers.h:6,
                 from third_party/spdlog/include/spdlog/cfg/env.h:5,
                 from src/infinicore/ops/dequant/per_tensor_dequant_int8/../../../utils.hpp:5,
                 from src/infinicore/ops/dequant/per_tensor_dequant_int8/../../infiniop_impl.hpp:3,
                 from src/infinicore/ops/dequant/per_tensor_dequant_int8/per_tensor_quant_int8_infiniop.cc:1:
In function 'constexpr OutputIt fmt::v11::detail::copy(InputIt, InputIt, OutputIt) [with T = char; InputIt = const char*; OutputIt = char*; typename std::enable_if<(! fmt::v11::detail::is_back_insert_iterator<OutputIt>::value), int>::type <anonymous> = 0]',
    inlined from 'constexpr void fmt::v11::detail::for_each_codepoint(fmt::v11::string_view, F) [with F = fmt::v11::detail::code_point_index(fmt::v11::string_view, size_t)::<lambda(uint32_t, fmt::v11::string_view)>]' at third_party/spdlog/include/spdlog/fmt/bundled/format.h:622:13,
    inlined from 'size_t fmt::v11::detail::code_point_index(fmt::v11::string_view, size_t)' at third_party/spdlog/include/spdlog/fmt/bundled/format.h:681:21,
    inlined from 'constexpr OutputIt fmt::v11::detail::write(OutputIt, fmt::v11::basic_string_view<Char>, const fmt::v11::format_specs&) [with Char = char; OutputIt = fmt::v11::basic_appender<char>]' at third_party/spdlog/include/spdlog/fmt/bundled/format.h:2119:28:
third_party/spdlog/include/spdlog/fmt/bundled/base.h:2061:31: warning: writing 8 bytes into a region of size 7 [-Wstringop-overflow=]
 2061 |   while (begin != end) *out++ = static_cast<T>(*begin++);
      |                        ~~~~~~~^~~~~~~~~~~~~~~~~~~~~~~~~~
In file included from third_party/spdlog/include/spdlog/fmt/fmt.h:23,[0m
[0m[38;5;3;1mIn file included from third_party/spdlog/include/spdlog/fmt/bundled/format.h:41,
                 from third_party/spdlog/include/spdlog/fmt/fmt.h:23,
                 from third_party/spdlog/include/spdlog/common.h:50,
                 from third_party/spdlog/include/spdlog/cfg/helpers.h:6,
                 from third_party/spdlog/include/spdlog/cfg/env.h:5,
                 from src/infinicore/ops/unfold/../../utils.hpp:5,
                 from src/infinicore/ops/unfold/unfold_infiniop.cc:1:
In function 'constexpr OutputIt fmt::v11::detail::copy(InputIt, InputIt, OutputIt) [with T = char; InputIt = const char*; OutputIt = char*; typename std::enable_if<(! fmt::v11::detail::is_back_insert_iterator<OutputIt>::value), int>::type <anonymous> = 0]',
    inlined from 'constexpr void fmt::v11::detail::for_each_codepoint(fmt::v11::string_view, F) [with F = fmt::v11::detail::code_point_index(fmt::v11::string_view, size_t)::<lambda(uint32_t, fmt::v11::string_view)>]' at third_party/spdlog/include/spdlog/fmt/bundled/format.h:622:13,
    inlined from 'size_t fmt::v11::detail::code_point_index(fmt::v11::string_view, size_t)' at third_party/spdlog/include/spdlog/fmt/bundled/format.h:681:21,
    inlined from 'constexpr OutputIt fmt::v11::detail::write(OutputIt, fmt::v11::basic_string_view<Char>, const fmt::v11::format_specs&) [with Char = char; OutputIt = fmt::v11::basic_appender<char>]' at third_party/spdlog/include/spdlog/fmt/bundled/format.h:2119:28:
third_party/spdlog/include/spdlog/fmt/bundled/base.h:2061:31: warning: writing 8 bytes into a region of size 7 [-Wstringop-overflow=]
 2061 |   while (begin != end) *out++ = static_cast<T>(*begin++);
      |                        ~~~~~~~^~~~~~~~~~~~~~~~~~~~~~~~~~
In file included from third_party/spdlog/include/spdlog/fmt/fmt.h:23,
                 from third_party/spdlog/include/spdlog/common.h:50,[0m
[0m[38;5;3;1mIn file included from third_party/spdlog/include/spdlog/fmt/bundled/format.h:41,
                 from third_party/spdlog/include/spdlog/fmt/fmt.h:23,
                 from third_party/spdlog/include/spdlog/common.h:50,
                 from third_party/spdlog/include/spdlog/cfg/helpers.h:6,
                 from third_party/spdlog/include/spdlog/cfg/env.h:5,
                 from src/infinicore/ops/reciprocal/../../utils.hpp:5,
                 from src/infinicore/ops/reciprocal/reciprocal_infiniop.cc:1:
In function 'constexpr OutputIt fmt::v11::detail::copy(InputIt, InputIt, OutputIt) [with T = char; InputIt = const char*; OutputIt = char*; typename std::enable_if<(! fmt::v11::detail::is_back_insert_iterator<OutputIt>::value), int>::type <anonymous> = 0]',
    inlined from 'constexpr void fmt::v11::detail::for_each_codepoint(fmt::v11::string_view, F) [with F = fmt::v11::detail::code_point_index(fmt::v11::string_view, size_t)::<lambda(uint32_t, fmt::v11::string_view)>]' at third_party/spdlog/include/spdlog/fmt/bundled/format.h:622:13,
    inlined from 'size_t fmt::v11::detail::code_point_index(fmt::v11::string_view, size_t)' at third_party/spdlog/include/spdlog/fmt/bundled/format.h:681:21,
    inlined from 'constexpr OutputIt fmt::v11::detail::write(OutputIt, fmt::v11::basic_string_view<Char>, const fmt::v11::format_specs&) [with Char = char; OutputIt = fmt::v11::basic_appender<char>]' at third_party/spdlog/include/spdlog/fmt/bundled/format.h:2119:28:
third_party/spdlog/include/spdlog/fmt/bundled/base.h:2061:31: warning: writing 8 bytes into a region of size 7 [-Wstringop-overflow=]
 2061 |   while (begin != end) *out++ = static_cast<T>(*begin++);
      |                        ~~~~~~~^~~~~~~~~~~~~~~~~~~~~~~~~~
In file included from third_party/spdlog/include/spdlog/fmt/fmt.h:23,
                 from third_party/spdlog/include/spdlog/common.h:50,[0m
[0m[38;5;2;1m[ 99%]:[0m [38;5;5;1marchiving.release libinfiniop-metax.a[0m
[0m[38;5;2;1m[ 99%]:[0m [38;5;5;1mlinking.release libinfiniop.so[0m
[1;33m[Congratulations!] Now you can install the libraries with "xmake install"[0m
[0m[38;5;2;1m[ 99%]:[0m [38;5;5;1mlinking.release libinfinicore_cpp_api.so[0m
[1;33m[Congratulations!] Now you can install the libraries with "xmake install"[0m
[0m[38;5;2;1m[100%]:[0m [38;5;2;1mbuild ok, spent 105.121s[0m
[0m[1;38;5;3;1mwarning: [38;5;3;1m./xmake.lua:700[0m: unknown symbol value 'visibility', it may be 'hidden_cxx'[0m
installing infinirt ..
installing infinirt to /root/.infini ..
installing infiniop ..
installing infiniop to /root/.infini ..
installing infiniccl ..
installing infiniccl to /root/.infini ..
installing infinicore_cpp_api ..
installing infinicore_cpp_api to /root/.infini ..
installing infinicore_c_api ..
installing infinicore_c_api to /usr/local ..
installing infiniutils-test ..
installing infiniutils-test to /root/.infini ..
[0m[38;5;2;1minstall ok![0m
[0m[38;5;2;1m[ 51%]:[0m cache compiling.release src/infinicore/pybind11/from_list.cc[0m
[0m[38;5;2;1m[ 51%]:[0m cache compiling.release src/infinicore/pybind11/infinicore.cc[0m
lld: warning: <unknown>:0:0: loop not unrolled: the optimizer was unable to perform the requested transformation; the transformation might be disabled or specified as part of an unsupported transformation ordering
lld: warning: <unknown>:0:0: loop not unrolled: the optimizer was unable to perform the requested transformation; the transformation might be disabled or specified as part of an unsupported transformation ordering
lld: warning: <unknown>:0:0: loop not unrolled: the optimizer was unable to perform the requested transformation; the transformation might be disabled or specified as part of an unsupported transformation ordering
lld: warning: <unknown>:0:0: loop not unrolled: the optimizer was unable to perform the requested transformation; the transformation might be disabled or specified as part of an unsupported transformation ordering
lld: warning: <unknown>:0:0: loop not unrolled: the optimizer was unable to perform the requested transformation; the transformation might be disabled or specified as part of an unsupported transformation ordering
lld: warning: <unknown>:0:0: loop not unrolled: the optimizer was unable to perform the requested transformation; the transformation might be disabled or specified as part of an unsupported transformation ordering
lld: warning: <unknown>:0:0: loop not unrolled: the optimizer was unable to perform the requested transformation; the transformation might be disabled or specified as part of an unsupported transformation ordering
lld: warning: <unknown>:0:0: loop not unrolled: the optimizer was unable to perform the requested transformation; the transformation might be disabled or specified as part of an unsupported transformation ordering
lld: warning: <unknown>:0:0: loop not unrolled: the optimizer was unable to perform the requested transformation; the transformation might be disabled or specified as part of an unsupported transformation ordering
lld: warning: <unknown>:0:0: loop not unrolled: the optimizer was unable to perform the requested transformation; the transformation might be disabled or specified as part of an unsupported transformation ordering
lld: warning: <unknown>:0:0: loop not unrolled: the optimizer was unable to perform the requested transformation; the transformation might be disabled or specified as part of an unsupported transformation ordering
lld: warning: <unknown>:0:0: loop not unrolled: the optimizer was unable to perform the requested transformation; the transformation might be disabled or specified as part of an unsupported transformation ordering
lld: warning: <unknown>:0:0: loop not unrolled: the optimizer was unable to perform the requested transformation; the transformation might be disabled or specified as part of an unsupported transformation ordering
lld: warning: <unknown>:0:0: loop not unrolled: the optimizer was unable to perform the requested transformation; the transformation might be disabled or specified as part of an unsupported transformation ordering
lld: warning: <unknown>:0:0: loop not unrolled: the optimizer was unable to perform the requested transformation; the transformation might be disabled or specified as part of an unsupported transformation ordering
lld: warning: <unknown>:0:0: loop not unrolled: the optimizer was unable to perform the requested transformation; the transformation might be disabled or specified as part of an unsupported transformation ordering
lld: warning: <unknown>:0:0: loop not unrolled: the optimizer was unable to perform the requested transformation; the transformation might be disabled or specified as part of an unsupported transformation ordering
lld: warning: <unknown>:0:0: loop not unrolled: the optimizer was unable to perform the requested transformation; the transformation might be disabled or specified as part of an unsupported transformation ordering
lld: warning: <unknown>:0:0: loop not unrolled: the optimizer was unable to perform the requested transformation; the transformation might be disabled or specified as part of an unsupported transformation ordering
lld: warning: <unknown>:0:0: loop not unrolled: the optimizer was unable to perform the requested transformation; the transformation might be disabled or specified as part of an unsupported transformation ordering
lld: warning: <unknown>:0:0: loop not unrolled: the optimizer was unable to perform the requested transformation; the transformation might be disabled or specified as part of an unsupported transformation ordering
lld: warning: <unknown>:0:0: loop not unrolled: the optimizer was unable to perform the requested transformation; the transformation might be disabled or specified as part of an unsupported transformation ordering
lld: warning: <unknown>:0:0: loop not unrolled: the optimizer was unable to perform the requested transformation; the transformation might be disabled or specified as part of an unsupported transformation ordering
lld: warning: <unknown>:0:0: loop not unrolled: the optimizer was unable to perform the requested transformation; the transformation might be disabled or specified as part of an unsupported transformation ordering
lld: warning: <unknown>:0:0: loop not unrolled: the optimizer was unable to perform the requested transformation; the transformation might be disabled or specified as part of an unsupported transformation ordering
lld: warning: <unknown>:0:0: loop not unrolled: the optimizer was unable to perform the requested transformation; the transformation might be disabled or specified as part of an unsupported transformation ordering
lld: warning: <unknown>:0:0: loop not unrolled: the optimizer was unable to perform the requested transformation; the transformation might be disabled or specified as part of an unsupported transformation ordering
lld: warning: <unknown>:0:0: loop not unrolled: the optimizer was unable to perform the requested transformation; the transformation might be disabled or specified as part of an unsupported transformation ordering
lld: warning: <unknown>:0:0: loop not unrolled: the optimizer was unable to perform the requested transformation; the transformation might be disabled or specified as part of an unsupported transformation ordering
lld: warning: <unknown>:0:0: loop not unrolled: the optimizer was unable to perform the requested transformation; the transformation might be disabled or specified as part of an unsupported transformation ordering
lld: warning: <unknown>:0:0: loop not unrolled: the optimizer was unable to perform the requested transformation; the transformation might be disabled or specified as part of an unsupported transformation ordering
lld: warning: <unknown>:0:0: loop not unrolled: the optimizer was unable to perform the requested transformation; the transformation might be disabled or specified as part of an unsupported transformation ordering
lld: warning: <unknown>:0:0: loop not unrolled: the optimizer was unable to perform the requested transformation; the transformation might be disabled or specified as part of an unsupported transformation ordering
lld: warning: <unknown>:0:0: loop not unrolled: the optimizer was unable to perform the requested transformation; the transformation might be disabled or specified as part of an unsupported transformation ordering
lld: warning: <unknown>:0:0: loop not unrolled: the optimizer was unable to perform the requested transformation; the transformation might be disabled or specified as part of an unsupported transformation ordering
lld: warning: <unknown>:0:0: loop not unrolled: the optimizer was unable to perform the requested transformation; the transformation might be disabled or specified as part of an unsupported transformation ordering
lld: warning: <unknown>:0:0: loop not unrolled: the optimizer was unable to perform the requested transformation; the transformation might be disabled or specified as part of an unsupported transformation ordering
lld: warning: <unknown>:0:0: loop not unrolled: the optimizer was unable to perform the requested transformation; the transformation might be disabled or specified as part of an unsupported transformation ordering
lld: warning: <unknown>:0:0: loop not unrolled: the optimizer was unable to perform the requested transformation; the transformation might be disabled or specified as part of an unsupported transformation ordering
lld: warning: <unknown>:0:0: loop not unrolled: the optimizer was unable to perform the requested transformation; the transformation might be disabled or specified as part of an unsupported transformation ordering
lld: warning: <unknown>:0:0: loop not unrolled: the optimizer was unable to perform the requested transformation; the transformation might be disabled or specified as part of an unsupported transformation ordering
lld: warning: <unknown>:0:0: loop not unrolled: the optimizer was unable to perform the requested transformation; the transformation might be disabled or specified as part of an unsupported transformation ordering
lld: warning: <unknown>:0:0: loop not unrolled: the optimizer was unable to perform the requested transformation; the transformation might be disabled or specified as part of an unsupported transformation ordering
lld: warning: <unknown>:0:0: loop not unrolled: the optimizer was unable to perform the requested transformation; the transformation might be disabled or specified as part of an unsupported transformation ordering
lld: warning: <unknown>:0:0: loop not unrolled: the optimizer was unable to perform the requested transformation; the transformation might be disabled or specified as part of an unsupported transformation ordering
lld: warning: <unknown>:0:0: loop not unrolled: the optimizer was unable to perform the requested transformation; the transformation might be disabled or specified as part of an unsupported transformation ordering
lld: warning: <unknown>:0:0: loop not unrolled: the optimizer was unable to perform the requested transformation; the transformation might be disabled or specified as part of an unsupported transformation ordering
lld: warning: <unknown>:0:0: loop not unrolled: the optimizer was unable to perform the requested transformation; the transformation might be disabled or specified as part of an unsupported transformation ordering
lld: warning: <unknown>:0:0: loop not unrolled: the optimizer was unable to perform the requested transformation; the transformation might be disabled or specified as part of an unsupported transformation ordering
lld: warning: <unknown>:0:0: loop not unrolled: the optimizer was unable to perform the requested transformation; the transformation might be disabled or specified as part of an unsupported transformation ordering
lld: warning: <unknown>:0:0: loop not unrolled: the optimizer was unable to perform the requested transformation; the transformation might be disabled or specified as part of an unsupported transformation ordering
lld: warning: <unknown>:0:0: loop not unrolled: the optimizer was unable to perform the requested transformation; the transformation might be disabled or specified as part of an unsupported transformation ordering
lld: warning: <unknown>:0:0: loop not unrolled: the optimizer was unable to perform the requested transformation; the transformation might be disabled or specified as part of an unsupported transformation ordering
lld: warning: <unknown>:0:0: loop not unrolled: the optimizer was unable to perform the requested transformation; the transformation might be disabled or specified as part of an unsupported transformation ordering
lld: warning: <unknown>:0:0: loop not unrolled: the optimizer was unable to perform the requested transformation; the transformation might be disabled or specified as part of an unsupported transformation ordering
lld: warning: <unknown>:0:0: loop not unrolled: the optimizer was unable to perform the requested transformation; the transformation might be disabled or specified as part of an unsupported transformation ordering
lld: warning: <unknown>:0:0: loop not unrolled: the optimizer was unable to perform the requested transformation; the transformation might be disabled or specified as part of an unsupported transformation ordering
lld: warning: <unknown>:0:0: loop not unrolled: the optimizer was unable to perform the requested transformation; the transformation might be disabled or specified as part of an unsupported transformation ordering
lld: warning: <unknown>:0:0: loop not unrolled: the optimizer was unable to perform the requested transformation; the transformation might be disabled or specified as part of an unsupported transformation ordering
lld: warning: <unknown>:0:0: loop not unrolled: the optimizer was unable to perform the requested transformation; the transformation might be disabled or specified as part of an unsupported transformation ordering
lld: warning: <unknown>:0:0: loop not unrolled: the optimizer was unable to perform the requested transformation; the transformation might be disabled or specified as part of an unsupported transformation ordering
lld: warning: <unknown>:0:0: loop not unrolled: the optimizer was unable to perform the requested transformation; the transformation might be disabled or specified as part of an unsupported transformation ordering
lld: warning: <unknown>:0:0: loop not unrolled: the optimizer was unable to perform the requested transformation; the transformation might be disabled or specified as part of an unsupported transformation ordering
lld: warning: <unknown>:0:0: loop not unrolled: the optimizer was unable to perform the requested transformation; the transformation might be disabled or specified as part of an unsupported transformation ordering
lld: warning: <unknown>:0:0: loop not unrolled: the optimizer was unable to perform the requested transformation; the transformation might be disabled or specified as part of an unsupported transformation ordering
lld: warning: <unknown>:0:0: loop not unrolled: the optimizer was unable to perform the requested transformation; the transformation might be disabled or specified as part of an unsupported transformation ordering
lld: warning: <unknown>:0:0: loop not unrolled: the optimizer was unable to perform the requested transformation; the transformation might be disabled or specified as part of an unsupported transformation ordering
lld: warning: <unknown>:0:0: loop not unrolled: the optimizer was unable to perform the requested transformation; the transformation might be disabled or specified as part of an unsupported transformation ordering
lld: warning: <unknown>:0:0: loop not unrolled: the optimizer was unable to perform the requested transformation; the transformation might be disabled or specified as part of an unsupported transformation ordering
lld: warning: <unknown>:0:0: loop not unrolled: the optimizer was unable to perform the requested transformation; the transformation might be disabled or specified as part of an unsupported transformation ordering
lld: warning: <unknown>:0:0: loop not unrolled: the optimizer was unable to perform the requested transformation; the transformation might be disabled or specified as part of an unsupported transformation ordering
lld: warning: <unknown>:0:0: loop not unrolled: the optimizer was unable to perform the requested transformation; the transformation might be disabled or specified as part of an unsupported transformation ordering
lld: warning: <unknown>:0:0: loop not unrolled: the optimizer was unable to perform the requested transformation; the transformation might be disabled or specified as part of an unsupported transformation ordering
lld: warning: <unknown>:0:0: loop not unrolled: the optimizer was unable to perform the requested transformation; the transformation might be disabled or specified as part of an unsupported transformation ordering
lld: warning: <unknown>:0:0: loop not unrolled: the optimizer was unable to perform the requested transformation; the transformation might be disabled or specified as part of an unsupported transformation ordering
lld: warning: <unknown>:0:0: loop not unrolled: the optimizer was unable to perform the requested transformation; the transformation might be disabled or specified as part of an unsupported transformation ordering
lld: warning: <unknown>:0:0: loop not unrolled: the optimizer was unable to perform the requested transformation; the transformation might be disabled or specified as part of an unsupported transformation ordering
lld: warning: <unknown>:0:0: loop not unrolled: the optimizer was unable to perform the requested transformation; the transformation might be disabled or specified as part of an unsupported transformation ordering
lld: warning: <unknown>:0:0: loop not unrolled: the optimizer was unable to perform the requested transformation; the transformation might be disabled or specified as part of an unsupported transformation ordering
lld: warning: <unknown>:0:0: loop not unrolled: the optimizer was unable to perform the requested transformation; the transformation might be disabled or specified as part of an unsupported transformation ordering
lld: warning: <unknown>:0:0: loop not unrolled: the optimizer was unable to perform the requested transformation; the transformation might be disabled or specified as part of an unsupported transformation ordering
lld: warning: <unknown>:0:0: loop not unrolled: the optimizer was unable to perform the requested transformation; the transformation might be disabled or specified as part of an unsupported transformation ordering
lld: warning: <unknown>:0:0: loop not unrolled: the optimizer was unable to perform the requested transformation; the transformation might be disabled or specified as part of an unsupported transformation ordering
lld: warning: <unknown>:0:0: loop not unrolled: the optimizer was unable to perform the requested transformation; the transformation might be disabled or specified as part of an unsupported transformation ordering
lld: warning: <unknown>:0:0: loop not unrolled: the optimizer was unable to perform the requested transformation; the transformation might be disabled or specified as part of an unsupported transformation ordering
lld: warning: <unknown>:0:0: loop not unrolled: the optimizer was unable to perform the requested transformation; the transformation might be disabled or specified as part of an unsupported transformation ordering
lld: warning: <unknown>:0:0: loop not unrolled: the optimizer was unable to perform the requested transformation; the transformation might be disabled or specified as part of an unsupported transformation ordering
lld: warning: <unknown>:0:0: loop not unrolled: the optimizer was unable to perform the requested transformation; the transformation might be disabled or specified as part of an unsupported transformation ordering
lld: warning: <unknown>:0:0: loop not unrolled: the optimizer was unable to perform the requested transformation; the transformation might be disabled or specified as part of an unsupported transformation ordering
lld: warning: <unknown>:0:0: loop not unrolled: the optimizer was unable to perform the requested transformation; the transformation might be disabled or specified as part of an unsupported transformation ordering
lld: warning: <unknown>:0:0: loop not unrolled: the optimizer was unable to perform the requested transformation; the transformation might be disabled or specified as part of an unsupported transformation ordering
lld: warning: <unknown>:0:0: loop not unrolled: the optimizer was unable to perform the requested transformation; the transformation might be disabled or specified as part of an unsupported transformation ordering
lld: warning: <unknown>:0:0: loop not unrolled: the optimizer was unable to perform the requested transformation; the transformation might be disabled or specified as part of an unsupported transformation ordering
lld: warning: <unknown>:0:0: loop not unrolled: the optimizer was unable to perform the requested transformation; the transformation might be disabled or specified as part of an unsupported transformation ordering
lld: warning: <unknown>:0:0: loop not unrolled: the optimizer was unable to perform the requested transformation; the transformation might be disabled or specified as part of an unsupported transformation ordering
lld: warning: <unknown>:0:0: loop not unrolled: the optimizer was unable to perform the requested transformation; the transformation might be disabled or specified as part of an unsupported transformation ordering
[0m[38;5;3;1mIn file included from src/infinicore/pybind11/ops.hpp:50,
                 from src/infinicore/pybind11/infinicore.cc:11:
src/infinicore/pybind11/ops/float_power.hpp: In function 'infinicore::Tensor infinicore::ops::unwrap(pybind11::handle)':
src/infinicore/pybind11/ops/float_power.hpp:22:89: warning: 'pybind11::handle pybind11::detail::object_api<Derived>::get_type() const [with Derived = pybind11::handle]' is deprecated: Call py::type::handle_of(h) or py::type::of(h) instead of h.get_type() [-Wdeprecated-declarations]
   22 |     throw py::type_error("Expected infinicore.Tensor, but got " + py::repr(obj.get_type()).cast<std::string>());
      |                                                                                         ^
In file included from /root/.xmake/packages/p/pybind11/v3.0.1/c53f9e69001a4f2b9c4717b3e26ddf8d/include/pybind11/detail/native_enum_data.h:7,
                 from /root/.xmake/packages/p/pybind11/v3.0.1/c53f9e69001a4f2b9c4717b3e26ddf8d/include/pybind11/cast.h:15,
                 from /root/.xmake/packages/p/pybind11/v3.0.1/c53f9e69001a4f2b9c4717b3e26ddf8d/include/pybind11/attr.h:14,
                 from /root/.xmake/packages/p/pybind11/v3.0.1/c53f9e69001a4f2b9c4717b3e26ddf8d/include/pybind11/detail/class.h:12,
                 from /root/.xmake/packages/p/pybind11/v3.0.1/c53f9e69001a4f2b9c4717b3e26ddf8d/include/pybind11/pybind11.h:12,
                 from src/infinicore/pybind11/infinicore.cc:1:
/root/.xmake/packages/p/pybind11/v3.0.1/c53f9e69001a4f2b9c4717b3e26ddf8d/include/pybind11/pytypes.h:216:12: note: declared here
  216 |     handle get_type() const;
      |            ^~~~~~~~
At global scope:[0m
[0m[38;5;2;1m[ 99%]:[0m [38;5;5;1marchiving.release libinfiniop-metax.a[0m
[0m[38;5;2;1m[ 99%]:[0m [38;5;5;1mlinking.release libinfiniop.so[0m
[0m[38;5;2;1m[ 99%]:[0m [38;5;5;1mlinking.release libinfinicore_cpp_api.so[0m
[1;33m[Congratulations!] Now you can install the libraries with "xmake install"[0m
[0m[38;5;2;1m[ 99%]:[0m [38;5;5;1mlinking.release _infinicore.cpython-310-aarch64-linux-gnu.so[0m
[0m[38;5;2;1m[100%]:[0m [38;5;2;1mbuild ok, spent 67.323s[0m
installing _infinicore ..
installing _infinicore to python/infinicore ..
[0m[38;5;2;1minstall ok![0m
[phase1] Building InfiniLM...
[phase1] mapping python.module -> python.library for seeded xmake
[0mchecking for platform ... [38;5;2;1mlinux[0m
[0mchecking for architecture ... [38;5;2;1marm64[0m
[0mchecking for gcc ... [38;5;2;1m/usr/bin/gcc[0m
[0mchecking for nim ... [38;5;1;1mno[0m
[0mchecking for nim ... [38;5;1;1mno[0m
[0mchecking for git ... [38;5;1;1mno[0m
[0mchecking for git ... [38;5;1;1mno[0m
[0mchecking for gzip ... [38;5;2;1m/usr/bin/gzip[0m
[0mchecking for tar ... [38;5;2;1m/usr/bin/tar[0m
[0mchecking for git ... [38;5;1;1mno[0m
[0mchecking for git ... [38;5;1;1mno[0m
[0mchecking for git ... [38;5;1;1mno[0m
[0mchecking for git ... [38;5;1;1mno[0m
[0mchecking for cmake ... [38;5;1;1mno[0m
[0mchecking for cmake ... [38;5;2;1m/opt/conda/bin/cmake[0m
[0mchecking for xmake::libffi ... [38;5;1;1mno[0m
[0mchecking for dpkg ... [38;5;1;1mno[0m
[0mchecking for apt::libffi-dev ... [38;5;1;1mno[0m
[0mchecking for pacman ... [38;5;1;1mno[0m
[0mchecking for pacman::libffi ... [38;5;1;1mno[0m
[0mchecking for emerge ... [38;5;1;1mno[0m
[0mchecking for brew ... [38;5;1;1mno[0m
[0mchecking for pkg-config ... [38;5;2;1m/usr/bin/pkg-config[0m
[0mchecking for libffi ... [38;5;2;1mpkgconfig::libffi 3.4.2[0m
[0mchecking for xmake::zlib ... [38;5;1;1mno[0m
[0mchecking for gcc ... [38;5;2;1m/usr/bin/gcc[0m
[0m[2mchecking for the c compiler (cc) ... [38;5;2;1mgcc[0m
[0mchecking for /usr/bin/gcc ... [38;5;2;1mok[0m
[0m[2mchecking for flags ([0m-fPIC[0m[2m) ... [38;5;2;1mok[0m
[0m[2mchecking for flags ([0m-Wno-gnu-line-marker -Werror[0m[2m) ... [38;5;2;1mok[0m
[0m[2m> checking for c includes(zlib.h)[0m
[0m[2m> checking for c links(z)[0m
[0m[2m> checking for c snippet(find_package/z)[0m
[0mchecking for system::z ... [38;5;1;1mno[0m
[0mchecking for pacman::zlib ... [38;5;1;1mno[0m
[0mchecking for apt::zlib1g-dev ... [38;5;1;1mno[0m
[0mchecking for g++ ... [38;5;2;1m/usr/bin/g++[0m
[0m[2mchecking for the linker (ld) ... [38;5;2;1mg++[0m
[0mchecking for /usr/bin/g++ ... [38;5;2;1mok[0m
[0m[2mchecking for flags ([0m-fPIC[0m[2m) ... [38;5;2;1mok[0m
/usr/bin/ld: cannot find -lzlib
collect2: error: ld returned 1 exit status
[0m[2m> checking for c links(zlib)[0m
[0m[2m> checking for c snippet(find_package/zlib)[0m
/usr/bin/ld: cannot find -lz
collect2: error: ld returned 1 exit status
[0m[2m> checking for c links(z)[0m
[0m[2m> checking for c snippet(find_package/z)[0m
[0mchecking for zlib ... [38;5;1;1mno[0m
[0mchecking for xmake::openssl ... [38;5;1;1mno[0m
/usr/bin/ld: cannot find -lopenssl
collect2: error: ld returned 1 exit status
[0m[2m> checking for c links(openssl)[0m
[0m[2m> checking for c snippet(find_package/openssl)[0m
[0mchecking for openssl ... [38;5;1;1mno[0m
[0mchecking for xmake::ca-certificates ... [38;5;1;1mno[0m
/usr/bin/ld: cannot find -lca-certificates
collect2: error: ld returned 1 exit status
[0m[2m> checking for c links(ca-certificates)[0m
[0m[2m> checking for c snippet(find_package/ca-certificates)[0m
[0mchecking for ca-certificates ... [38;5;1;1mno[0m
[0mchecking for xmake::python ... [38;5;1;1mno[0m
[0mchecking for python3 ... [38;5;2;1m/opt/conda/bin/python3[0m
[0mchecking for xmake-repo::python ... [38;5;2;1mpython 3.10.10[0m
[0mchecking for xmake::pybind11 ... [38;5;2;1mpybind11 v3.0.1[0m
configure
{
    mode = release
    proxy_pac = pac.lua
    plat = linux
    theme = default
    ccache = true
    kind = static
    host = linux
    arch = arm64
    clean = true
    ndk_stdcxx = true
    network = private
    buildir = build
}
[0m[38;5;2;1m[ 98%]:[0m cache compiling.release csrc/cache/kv_cache.cpp[0m
[0m[38;5;2;1m[ 98%]:[0m cache compiling.release csrc/cache/mamba_cache.cpp[0m
[0m[38;5;2;1m[ 98%]:[0m cache compiling.release csrc/config/config_factory.cpp[0m
[0m[38;5;2;1m[ 98%]:[0m cache compiling.release csrc/config/model_config.cpp[0m
[0m[38;5;2;1m[ 98%]:[0m cache compiling.release csrc/config/quant_config.cpp[0m
[0m[38;5;2;1m[ 98%]:[0m cache compiling.release csrc/engine/compiler/static_batching_compiler.cpp[0m
[0m[38;5;2;1m[ 98%]:[0m cache compiling.release csrc/debug_utils/hooks.cpp[0m
[0m[38;5;2;1m[ 98%]:[0m cache compiling.release csrc/engine/compiler/general_compiler.cpp[0m
[0m[38;5;2;1m[ 98%]:[0m cache compiling.release csrc/engine/compiler/paged_compiler.cpp[0m
[0m[38;5;2;1m[ 98%]:[0m cache compiling.release csrc/engine/distributed/communication_group.cpp[0m
[0m[38;5;2;1m[ 98%]:[0m cache compiling.release csrc/engine/distributed/dist_config.cpp[0m
[0m[38;5;2;1m[ 98%]:[0m cache compiling.release csrc/engine/distributed/tcp_rendezvous.cpp[0m
[0m[38;5;2;1m[ 98%]:[0m cache compiling.release csrc/engine/infer_engine.cpp[0m
[0m[38;5;2;1m[ 98%]:[0m cache compiling.release csrc/engine/rank_barrier.cpp[0m
[0m[38;5;2;1m[ 98%]:[0m cache compiling.release csrc/layers/attention/backends/attention_layer.cpp[0m
[0m[38;5;2;1m[ 98%]:[0m cache compiling.release csrc/layers/attention/backends/flash_attn.cpp[0m
[0m[38;5;2;1m[ 98%]:[0m cache compiling.release csrc/layers/attention/backends/paged_attn.cpp[0m
[0m[38;5;2;1m[ 98%]:[0m cache compiling.release csrc/engine/rank_worker.cpp[0m
[0m[38;5;2;1m[ 98%]:[0m cache compiling.release csrc/global_state/global_state.cpp[0m
[0m[38;5;2;1m[ 98%]:[0m cache compiling.release csrc/layers/attention/backends/static_attn.cpp[0m
[0m[38;5;2;1m[ 98%]:[0m cache compiling.release csrc/layers/attention/attention.cpp[0m
[0m[38;5;2;1m[ 98%]:[0m cache compiling.release csrc/layers/linear/base_linear.cpp[0m
[0m[38;5;2;1m[ 98%]:[0m cache compiling.release csrc/layers/linear/fused_linear.cpp[0m
[0m[38;5;2;1m[ 98%]:[0m cache compiling.release csrc/layers/linear/linear.cpp[0m
[0m[38;5;2;1m[ 98%]:[0m cache compiling.release csrc/layers/mlp/mlp.cpp[0m
[0m[38;5;2;1m[ 98%]:[0m cache compiling.release csrc/layers/moe/dispatcher/dispatcher_factory.cpp[0m
[0m[38;5;2;1m[ 98%]:[0m cache compiling.release csrc/layers/moe/dispatcher/standard_dispatcher.cpp[0m
[0m[38;5;2;1m[ 98%]:[0m cache compiling.release csrc/layers/moe/ep/allgather_reduce_scatter_dispatcher.cpp[0m
[0m[38;5;2;1m[ 98%]:[0m cache compiling.release csrc/layers/moe/ep/base_ep_dispatcher.cpp[0m
[0m[38;5;2;1m[ 98%]:[0m cache compiling.release csrc/layers/moe/experts/fused_moe_experts.cpp[0m
[0m[38;5;2;1m[ 98%]:[0m cache compiling.release csrc/layers/moe/ep/deepep_dispatcher.cpp[0m
[0m[38;5;2;1m[ 98%]:[0m cache compiling.release csrc/layers/moe/ep/ep_config.cpp[0m
[0m[38;5;2;1m[ 98%]:[0m cache compiling.release csrc/layers/moe/ep/local_allreduce_dispatcher.cpp[0m
[0m[38;5;2;1m[ 98%]:[0m cache compiling.release csrc/layers/moe/legacy/moe_mlp.cpp[0m
[0m[38;5;2;1m[ 98%]:[0m cache compiling.release csrc/layers/moe/router/topk_router.cpp[0m
[0m[38;5;2;1m[ 98%]:[0m cache compiling.release csrc/layers/moe/runner/cuda_fused_moe_runner.cpp[0m
[0m[38;5;2;1m[ 98%]:[0m cache compiling.release csrc/layers/moe/fused_moe.cpp[0m
[0m[38;5;2;1m[ 98%]:[0m cache compiling.release csrc/layers/moe/sparse_moe_block.cpp[0m
[0m[38;5;2;1m[ 98%]:[0m cache compiling.release csrc/layers/quantization/awq.cpp[0m
[0m[38;5;2;1m[ 98%]:[0m cache compiling.release csrc/layers/quantization/awq_marlin.cpp[0m
[0m[38;5;2;1m[ 98%]:[0m cache compiling.release csrc/layers/quantization/base_quantization.cpp[0m
[0m[38;5;2;1m[ 98%]:[0m cache compiling.release csrc/layers/quantization/compressed_tensors.cpp[0m
[0m[38;5;2;1m[ 98%]:[0m cache compiling.release csrc/layers/quantization/gptq.cpp[0m
[0m[38;5;2;1m[ 98%]:[0m cache compiling.release csrc/layers/quantization/gptq_marlin.cpp[0m
[0m[38;5;2;1m[ 98%]:[0m cache compiling.release csrc/layers/quantization/gptq_qy.cpp[0m
[0m[38;5;2;1m[ 98%]:[0m cache compiling.release csrc/layers/quantization/kv_quant.cpp[0m
[0m[38;5;2;1m[ 98%]:[0m cache compiling.release csrc/layers/quantization/marlin_utils.cpp[0m
[0m[38;5;2;1m[ 98%]:[0m cache compiling.release csrc/layers/quantization/mxfp4.cpp[0m
[0m[38;5;2;1m[ 98%]:[0m cache compiling.release csrc/layers/quantization/none_quantization.cpp[0m
[0m[38;5;2;1m[ 98%]:[0m cache compiling.release csrc/layers/rotary_embedding/rope_scaling_creators.cpp[0m
[0m[38;5;2;1m[ 98%]:[0m cache compiling.release csrc/layers/rotary_embedding/rotary_embedding.cpp[0m
[0m[38;5;2;1m[ 98%]:[0m cache compiling.release csrc/layers/rotary_embedding/rotary_embedding_factory.cpp[0m
[0m[38;5;2;1m[ 98%]:[0m cache compiling.release csrc/models/baichuan/baichuan_for_causal_lm.cpp[0m
[0m[38;5;2;1m[ 98%]:[0m cache compiling.release csrc/models/chatglm/chatglm_for_causal_lm.cpp[0m
[0m[38;5;2;1m[ 98%]:[0m cache compiling.release csrc/models/deepseek/deepseek_decoder_layer.cpp[0m
[0m[38;5;2;1m[ 98%]:[0m cache compiling.release csrc/models/deepseek/deepseek_for_causal_lm.cpp[0m
[0m[38;5;2;1m[ 98%]:[0m cache compiling.release csrc/models/deepseek_v2/deepseek_v2_allocate_kv_cache_tensors.cpp[0m
[0m[38;5;2;1m[ 98%]:[0m cache compiling.release csrc/models/deepseek_v2/deepseek_v2_attention.cpp[0m
[0m[38;5;2;1m[ 98%]:[0m cache compiling.release csrc/models/deepseek_v2/deepseek_v2_decoder_layer.cpp[0m
[0m[38;5;2;1m[ 98%]:[0m cache compiling.release csrc/models/deepseek_v2/deepseek_v2_for_causal_lm.cpp[0m
[0m[38;5;2;1m[ 98%]:[0m cache compiling.release csrc/models/ernie4_5_vl/ernie4_5_for_causal_lm.cpp[0m
[0m[38;5;2;1m[ 98%]:[0m cache compiling.release csrc/models/deepseek_v2/deepseek_v2_mla_attention.cpp[0m
[0m[38;5;2;1m[ 98%]:[0m cache compiling.release csrc/models/deepseek_v2/deepseek_v2_moe.cpp[0m
[0m[38;5;2;1m[ 98%]:[0m cache compiling.release csrc/models/ernie4_5_vl/ernie4_5_attention.cpp[0m
[0m[38;5;2;1m[ 98%]:[0m cache compiling.release csrc/models/ernie4_5_vl/ernie4_5_decoder_layer.cpp[0m
[0m[38;5;2;1m[ 98%]:[0m cache compiling.release csrc/models/ernie4_5_vl/ernie4_5_model.cpp[0m
[0m[38;5;2;1m[ 98%]:[0m cache compiling.release csrc/models/ernie4_5_vl/ernie4_5_moe.cpp[0m
[0m[38;5;2;1m[ 98%]:[0m cache compiling.release csrc/models/ernie4_5_vl/ernie4_5_vision.cpp[0m
[0m[38;5;2;1m[ 98%]:[0m cache compiling.release csrc/models/fm9g/fm9g_for_causal_lm.cpp[0m
[0m[38;5;2;1m[ 98%]:[0m cache compiling.release csrc/models/glm4/glm4_decoder_layer.cpp[0m
[0m[38;5;2;1m[ 98%]:[0m cache compiling.release csrc/models/glm4/glm4_for_causal_lm.cpp[0m
[0m[38;5;2;1m[ 98%]:[0m cache compiling.release csrc/models/internlm3/internlm3_for_causal_lm.cpp[0m
[0m[38;5;2;1m[ 98%]:[0m cache compiling.release csrc/models/kimi_k25/kimi_k25_attention.cpp[0m
[0m[38;5;2;1m[ 98%]:[0m cache compiling.release csrc/models/kimi_k25/kimi_k25_decoder_layer.cpp[0m
[0m[38;5;2;1m[ 98%]:[0m cache compiling.release csrc/models/gpt2/gpt2_for_causal_lm.cpp[0m
[0m[38;5;2;1m[ 98%]:[0m cache compiling.release csrc/models/kimi_k25/kimi_k25_moe.cpp[0m
[0m[38;5;2;1m[ 98%]:[0m cache compiling.release csrc/models/kimi_k25/kimi_k25_vision.cpp[0m
[0m[38;5;2;1m[ 98%]:[0m cache compiling.release csrc/models/kimi_k3/kimi_k3_allocate_cache.cpp[0m
[0m[38;5;2;1m[ 98%]:[0m cache compiling.release csrc/models/kimi_k3/kimi_k3_decoder_layer.cpp[0m
[0m[38;5;2;1m[ 98%]:[0m cache compiling.release csrc/models/kimi_k25/kimi_k25_for_conditional_generation.cpp[0m
[0m[38;5;2;1m[ 98%]:[0m cache compiling.release csrc/models/kimi_k3/kimi_k3_delta_attention.cpp[0m
[0m[38;5;2;1m[ 98%]:[0m cache compiling.release csrc/models/kimi_k3/kimi_k3_for_conditional_generation.cpp[0m
[0m[38;5;2;1m[ 98%]:[0m cache compiling.release csrc/models/kimi_k3/kimi_k3_mla_attention.cpp[0m
[0m[38;5;2;1m[ 98%]:[0m cache compiling.release csrc/models/kimi_k3/kimi_k3_text_model.cpp[0m
[0m[38;5;2;1m[ 98%]:[0m cache compiling.release csrc/models/kimi_k3/kimi_k3_moe.cpp[0m
[0m[38;5;2;1m[ 98%]:[0m cache compiling.release csrc/models/mamba/mamba_for_causal_lm.cpp[0m
[0m[38;5;2;1m[ 98%]:[0m cache compiling.release csrc/models/kimi_k3/kimi_k3_vision.cpp[0m
[0m[38;5;2;1m[ 98%]:[0m cache compiling.release csrc/models/llama/llama_for_causal_lm.cpp[0m
[0m[38;5;2;1m[ 98%]:[0m cache compiling.release csrc/models/minicpm4/minicpm4_for_causal_lm.cpp[0m
[0m[38;5;2;1m[ 98%]:[0m cache compiling.release csrc/models/minicpm_sala/minicpm_sala_attention.cpp[0m
[0m[38;5;2;1m[ 98%]:[0m cache compiling.release csrc/models/minicpm_sala/minicpm_sala_allocate_kv_cache_tensors.cpp[0m
[0m[38;5;2;1m[ 98%]:[0m cache compiling.release csrc/models/minicpm_eagle/minicpm_eagle_for_causal_lm.cpp[0m
[0m[38;5;2;1m[ 98%]:[0m cache compiling.release csrc/models/minicpm_sala/minicpm_sala_decoderLayer.cpp[0m
[0m[38;5;2;1m[ 98%]:[0m cache compiling.release csrc/models/minicpm_sala/minicpm_sala_for_causal_lm.cpp[0m
[0m[38;5;2;1m[ 98%]:[0m cache compiling.release csrc/models/minicpmv/resampler.cpp[0m
[0m[38;5;2;1m[ 98%]:[0m cache compiling.release csrc/models/qwen2/qwen2_for_causal_lm.cpp[0m
[0m[38;5;2;1m[ 98%]:[0m cache compiling.release csrc/models/minicpmv/siglip_vision.cpp[0m
[0m[38;5;2;1m[ 98%]:[0m cache compiling.release csrc/models/mistral/mistral_for_causal_lm.cpp[0m
[0m[38;5;2;1m[ 98%]:[0m cache compiling.release csrc/models/minicpmv/minicpmv_model.cpp[0m
[0m[38;5;2;1m[ 98%]:[0m cache compiling.release csrc/models/qwen3/qwen3_for_causal_lm.cpp[0m
[0m[38;5;2;1m[ 98%]:[0m cache compiling.release csrc/models/qwen3_5/qwen3_5_for_causal_lm.cpp[0m
[0m[38;5;2;1m[ 98%]:[0m cache compiling.release csrc/models/qwen3_5/qwen3_5_decoderLayer.cpp[0m
[0m[38;5;2;1m[ 98%]:[0m cache compiling.release csrc/models/qwen3_5/qwen3_5_attention.cpp[0m
[0m[38;5;2;1m[ 98%]:[0m cache compiling.release csrc/models/qwen3/qwen3_attention.cpp[0m
[0m[38;5;2;1m[ 98%]:[0m cache compiling.release csrc/models/qwen3_5/qwen3_5_vision.cpp[0m
[0m[38;5;2;1m[ 98%]:[0m cache compiling.release csrc/models/qwen3_5/qwen3_5_fused_qkv_linear.cpp[0m
[0m[38;5;2;1m[ 98%]:[0m cache compiling.release csrc/models/qwen3_5/qwen3_5_model.cpp[0m
[0m[38;5;2;1m[ 98%]:[0m cache compiling.release csrc/models/qwen3_5_moe/qwen3_5_moe_for_causal_lm.cpp[0m
[0m[38;5;2;1m[ 98%]:[0m cache compiling.release csrc/models/qwen3_5_moe/qwen3_5_moe_decoder_layer.cpp[0m
[0m[38;5;2;1m[ 98%]:[0m cache compiling.release csrc/models/qwen3_moe/qwen3_moe_for_causal_lm.cpp[0m
[0m[38;5;2;1m[ 98%]:[0m cache compiling.release csrc/models/qwen3_moe/qwen3_moe_experts.cpp[0m
[0m[38;5;2;1m[ 98%]:[0m cache compiling.release csrc/models/qwen3_moe/qwen3_moe_sparse_moe_block.cpp[0m
[0m[38;5;2;1m[ 98%]:[0m cache compiling.release csrc/models/qwen3_moe/qwen3_moe_topk_router.cpp[0m
[0m[38;5;2;1m[ 98%]:[0m cache compiling.release csrc/models/qwen3_next/qwen3_next_decoderLayer.cpp[0m
[0m[38;5;2;1m[ 98%]:[0m cache compiling.release csrc/models/qwen3_next/qwen3_next_for_causal_lm.cpp[0m
[0m[38;5;2;1m[ 98%]:[0m cache compiling.release csrc/models/qwen3_next/qwen3_next_allocate_kv_cache_tensors.cpp[0m
[0m[38;5;2;1m[ 98%]:[0m cache compiling.release csrc/models/qwen3_next/qwen3_next_attention.cpp[0m
[0m[38;5;2;1m[ 98%]:[0m cache compiling.release csrc/models/videonsa/videonsa_attention.cpp[0m
[0m[38;5;2;1m[ 98%]:[0m cache compiling.release csrc/models/qwen3_next/qwen3_next_gated_deltanet.cpp[0m
[0m[38;5;2;1m[ 98%]:[0m cache compiling.release csrc/models/qwen3_next/qwen3_next_sparse_moe_block.cpp[0m
[0m[38;5;2;1m[ 98%]:[0m cache compiling.release csrc/models/videonsa/videonsa_for_conditional_generation.cpp[0m
[0m[38;5;2;1m[ 98%]:[0m cache compiling.release csrc/models/qwen3_vl/qwen3_vl_for_conditional_generation.cpp[0m
[0m[38;5;2;1m[ 98%]:[0m cache compiling.release csrc/models/models_registry.cpp[0m
[0m[38;5;2;1m[ 98%]:[0m cache compiling.release csrc/models/infinilm_model.cpp[0m
[0m[38;5;2;1m[ 98%]:[0m cache compiling.release csrc/models/videonsa/videonsa_vision.cpp[0m
[0m[38;5;2;1m[ 98%]:[0m cache compiling.release csrc/models/model_factory.cpp[0m
[0m[38;5;2;1m[ 98%]:[0m cache compiling.release csrc/pybind11/bindings.cc[0m
[0m[38;5;2;1m[ 99%]:[0m [38;5;5;1mlinking.release _infinilm.cpython-310-aarch64-linux-gnu.so[0m
[0m[38;5;2;1m[100%]:[0m [38;5;2;1mbuild ok, spent 33.724s[0m
installing _infinilm ..
installing _infinilm to python/infinilm ..
[0m[38;5;2;1minstall ok![0m
[phase1] Gate smoke checks...
/usr/local/bin/infini-entrypoint
/usr/local/bin/infini-loadbalancer
/usr/local/bin/infini-babysitter
/InfiniCore/python/infinicore/lib/_infinicore.cpython-310-aarch64-linux-gnu.so
/InfiniLM/python/infinilm/lib/_infinilm.cpython-310-aarch64-linux-gnu.so
4
/opt/conda/lib/python3.10/site-packages/torchvision/datapoints/__init__.py:12: UserWarning: The torchvision.datapoints and torchvision.transforms.v2 namespaces are still Beta. While we do not expect major breaking changes, some APIs may still change according to user feedback. Please submit any feedback you may have in this issue: https://github.com/pytorch/vision/issues/6753, and you can also check out https://github.com/pytorch/vision/issues/7319 to learn more about the APIs that we suspect might involve future changes. You can silence this warning by calling torchvision.disable_beta_transforms_warning().
  warnings.warn(_BETA_TRANSFORMS_WARNING)
/opt/conda/lib/python3.10/site-packages/torchvision/transforms/v2/__init__.py:54: UserWarning: The torchvision.datapoints and torchvision.transforms.v2 namespaces are still Beta. While we do not expect major breaking changes, some APIs may still change according to user feedback. Please submit any feedback you may have in this issue: https://github.com/pytorch/vision/issues/6753, and you can also check out https://github.com/pytorch/vision/issues/7319 to learn more about the APIs that we suspect might involve future changes. You can silence this warning by calling torchvision.disable_beta_transforms_warning().
  warnings.warn(_BETA_TRANSFORMS_WARNING)
==========================================
setup-phase1-deps.sh complete
==========================================
Step 4: Commit runtime-base (shell entrypoint; no product restart policy)...
sha256:bb9ad97289d2f310640418301186e52ef8f541cb13e58abdb492a0d56ef5dd2f
Step 5: Cleanup build container...

Built runtime-base: infini-orchestrator-metax:metax-hpcc-ai370-runtime-base-main-20260819
Wrote: /root/zenghua/workspace/profiling_20260731/InfiniOrchestrator/playground/Standalone/9g_8b_thinking-x203-inf--main/image/.runtime_base_tag
Wrote: /root/zenghua/workspace/profiling_20260731/InfiniOrchestrator/playground/Standalone/9g_8b_thinking-x203-inf--main/image/.worktree_tag (v2026.08.19-main-ic1510)
Wrote: /root/zenghua/workspace/profiling_20260731/InfiniOrchestrator/playground/Standalone/9g_8b_thinking-x203-inf--main/image/MANIFEST

Next: ./phase1-smoke.sh && ./build-image-phase2.sh
Smoke: docker run --rm --privileged --device /dev/dri --device /dev/htcd \
  --entrypoint /bin/bash infini-orchestrator-metax:metax-hpcc-ai370-runtime-base-main-20260819 -lc 'source /app/env-set.sh; python3 -c "import infinicore, infinilm; print(OK)"'
==========================================
Standalone --main Phase 2
  FROM_TAG=infini-orchestrator-metax:metax-hpcc-ai370-runtime-base-main-20260819
  SOURCE_ROOT=/root/zenghua/workspace/profiling_20260731/itw-pins/v2026.08.19-main-ic1510
  IMAGE_TAG=infini-orchestrator-metax:9g-main-20260819
  ITW_TAG=v2026.08.19-main-ic1510
==========================================
==========================================
Phase 2 product image: 9g-standalone-main
==========================================
FROM_TAG:      infini-orchestrator-metax:metax-hpcc-ai370-runtime-base-main-20260819
SOURCE_ROOT:   /root/zenghua/workspace/profiling_20260731/itw-pins/v2026.08.19-main-ic1510
WORKTREE_ROOT: /root/zenghua/workspace/profiling_20260731/InfiniTensorWorktree
ITW_TAG:       v2026.08.19-main-ic1510
SVC_ROOT:      /root/zenghua/workspace/profiling_20260731/InfiniOrchestrator
RUST_DIR:      /root/zenghua/workspace/profiling_20260731/InfiniOrchestrator/rust
IMAGE_TAG:     infini-orchestrator-metax:9g-main-20260819
IL_SHA/IC_SHA: e46d13c/e46d13c

Step 1: Create Phase 2 build container from infini-orchestrator-metax:metax-hpcc-ai370-runtime-base-main-20260819...
1765d4d4b853efb6e027950ddd2b6f14f128d8ce130fbefba6c0785ff98009d5
Step 2: Stream InfiniTensorWorktree + refresh InfiniEntrypoint bins...
  Streaming /root/zenghua/workspace/profiling_20260731/itw-pins/v2026.08.19-main-ic1510/InfiniCore → /workspace/InfiniCore (excludes .git/build/.xmake)...
  Streaming /root/zenghua/workspace/profiling_20260731/itw-pins/v2026.08.19-main-ic1510/InfiniLM → /workspace/InfiniLM (excludes .git/build/.xmake)...
Step 3: Run setup-phase2-worktree.sh...
==========================================
setup-phase2-worktree.sh
==========================================
setup-phase2-worktree.sh complete
Step 4: Commit product image with ENTRYPOINT...
sha256:c6e5f40e3ebbe70c70eddf6561381a3ea3bf9c0a1be46ab4ac1ad1c346c5a9e3
Step 5: Cleanup build container...

Built product image: infini-orchestrator-metax:9g-main-20260819
Wrote: /root/zenghua/workspace/profiling_20260731/InfiniOrchestrator/playground/Standalone/9g_8b_thinking-x203-inf--main/image/.image_tag
Wrote: /root/zenghua/workspace/profiling_20260731/InfiniOrchestrator/playground/Standalone/9g_8b_thinking-x203-inf--main/image/.worktree_tag (v2026.08.19-main-ic1510)
Wrote: /root/zenghua/workspace/profiling_20260731/InfiniOrchestrator/playground/Standalone/9g_8b_thinking-x203-inf--main/image/MANIFEST (PHASE=2)

Next: cd ../docker-compose && cp .env.frontend.example .env
  IMAGE_TAG=$(cat ../image/.image_tag) → docker-compose up
Wrote /root/zenghua/workspace/profiling_20260731/InfiniOrchestrator/playground/Standalone/9g_8b_thinking-x203-inf--main/image/MANIFEST
